tick,time_sec,spike_count_total,epg_spike_count,driver_spike_count,stim_afferent_spike_count,spike_ids
1,0.001000,0,0,0,0,
2,0.002000,0,0,0,0,
3,0.003000,0,0,0,0,
4,0.004000,0,0,0,0,
5,0.005000,0,0,0,0,
6,0.006000,0,0,0,0,
7,0.007000,5,0,0,0,720575940612920466|720575940622913260|720575940626194428|720575940630666404|720575940638832512
8,0.008000,15,0,0,3,720575940609713710|720575940610249426|720575940622416628|720575940623388237|720575940624453680|720575940624594726|720575940625415813|720575940626407820|720575940626469909|720575940627653114|720575940632875746|720575940633538724|720575940637644659|720575940638847104|720575940643558692
9,0.009000,14,0,0,2,720575940603823462|720575940612358642|720575940612763158|720575940617828731|720575940621074835|720575940622265894|720575940622772137|720575940625021796|720575940628557178|720575940628644239|720575940628866809|720575940632736703|720575940636242778|720575940638055869
10,0.010000,7,0,1,2,720575940605639858|720575940615177099|720575940622303446|720575940626306321|720575940631844300|720575940642855328|720575940658472065
11,0.011000,6,0,0,1,720575940606123954|720575940608918830|720575940610502851|720575940616459333|720575940625407107|720575940626768442
12,0.012000,5,0,0,2,720575940619476126|720575940623302988|720575940623758377|720575940624879678|720575940631372369
13,0.013000,0,0,0,0,
14,0.014000,3,0,0,0,720575940622913260|720575940626194428|720575940630666404
15,0.015000,3,0,0,0,720575940623388237|720575940638847104|720575940643558692
16,0.016000,8,0,0,4,720575940612358642|720575940622416628|720575940624594726|720575940625021796|720575940625415813|720575940628644239|720575940632875746|720575940636242778
17,0.017000,6,0,0,0,720575940617828731|720575940622265894|720575940624453680|720575940626407820|720575940626469909|720575940638832512
18,0.018000,13,0,0,1,720575940605639858|720575940606123954|720575940610249426|720575940612763158|720575940612920466|720575940616459333|720575940622303446|720575940626306321|720575940627653114|720575940633538724|720575940637644659|720575940638055869|720575940658472065
19,0.019000,4,0,0,1,720575940603823462|720575940628866809|720575940631844300|720575940632736703
20,0.020000,7,0,1,0,720575940615177099|720575940622772137|720575940624879678|720575940625407107|720575940628557178|720575940631372369|720575940642855328
21,0.021000,4,0,0,2,720575940619476126|720575940621074835|720575940623758377|720575940626768442
22,0.022000,8,0,0,2,720575940608918830|720575940609713710|720575940610502851|720575940619007296|720575940621381236|720575940623302988|720575940630666404|720575940643558692
23,0.023000,7,0,1,1,720575940622416628|720575940622913260|720575940623388237|720575940625653223|720575940626194428|720575940626806026|720575940641997531
24,0.024000,9,0,1,1,720575940612358642|720575940615032495|720575940617828731|720575940622265894|720575940624323475|720575940624594726|720575940626469909|720575940629902206|720575940636242778
25,0.025000,17,1,0,2,720575940612920466|720575940615457938|720575940623973837|720575940625021796|720575940625415813|720575940625827358|720575940625968115|720575940626407820|720575940626530456|720575940628644239|720575940628843458|720575940629459441|720575940632875746|720575940638055869|720575940638832512|720575940638847104|720575940658472065
26,0.026000,11,0,0,0,720575940606123954|720575940612763158|720575940616459333|720575940617244347|720575940623718119|720575940624453680|720575940626306321|720575940627653114|720575940631848791|720575940633538724|720575940637644659
27,0.027000,6,2,0,1,720575940605639858|720575940622303446|720575940624879678|720575940627140551|720575940642634532|720575940644765463
28,0.028000,12,0,1,1,720575940603823462|720575940610249426|720575940615177099|720575940619476126|720575940623260201|720575940625407107|720575940626010554|720575940628557178|720575940631372369|720575940631844300|720575940632736703|720575940642855328
29,0.029000,7,2,0,1,720575940610453427|720575940613836438|720575940615612066|720575940621074835|720575940623758377|720575940628866809|720575940635978926
30,0.030000,7,5,0,2,720575940609713710|720575940619296365|720575940623302988|720575940628802041|720575940631125036|720575940635461550|720575940636730694
31,0.031000,12,1,1,2,720575940608918830|720575940611964882|720575940612358642|720575940613690730|720575940619845547|720575940620027515|720575940623388237|720575940626768442|720575940630666404|720575940638850512|720575940643558692|720575940645909300
32,0.032000,12,5,0,0,720575940604801993|720575940613829900|720575940617828731|720575940620020694|720575940622265894|720575940622772137|720575940625351354|720575940626194428|720575940626469909|720575940632844002|720575940633145903|720575940636242778
33,0.033000,15,5,0,2,720575940605583136|720575940610502851|720575940616569601|720575940621595888|720575940622416628|720575940623046548|720575940624594726|720575940625021796|720575940625415813|720575940626306321|720575940628644239|720575940630199963|720575940631708836|720575940633719487|720575940638832512
34,0.034000,10,0,0,2,720575940605639858|720575940606123954|720575940615460754|720575940620571953|720575940622303446|720575940622913260|720575940627653114|720575940632875746|720575940636360811|720575940658472065
35,0.035000,6,1,0,0,720575940612763158|720575940617769851|720575940619476126|720575940624453680|720575940637644659|720575940638055869
36,0.036000,3,0,0,0,720575940612920466|720575940624879678|720575940631372369
37,0.037000,4,1,0,0,720575940616459333|720575940620282906|720575940621074835|720575940638847104
38,0.038000,8,1,0,1,720575940603823462|720575940620027515|720575940623758377|720575940625407107|720575940626407820|720575940629902206|720575940633538724|720575940658101889
39,0.039000,7,0,0,0,720575940615177099|720575940622265894|720575940628866809|720575940630666404|720575940632736703|720575940633145903|720575940636242778
40,0.040000,12,2,1,2,720575940608722371|720575940610249426|720575940610502851|720575940612358642|720575940619007296|720575940621381236|720575940623388237|720575940628557178|720575940631844300|720575940632614295|720575940642855328|720575940643558692
41,0.041000,9,0,0,1,720575940608918830|720575940615032495|720575940622772137|720575940623302988|720575940625021796|720575940625415813|720575940626194428|720575940626306321|720575940638832512
42,0.042000,8,0,0,3,720575940606123954|720575940609713710|720575940612763158|720575940617828731|720575940623973837|720575940624594726|720575940626768442|720575940628644239
43,0.043000,6,0,0,2,720575940622303446|720575940622416628|720575940622913260|720575940627653114|720575940638055869|720575940658472065
44,0.044000,7,0,1,1,720575940619476126|720575940624453680|720575940625653223|720575940626469909|720575940631372369|720575940632875746|720575940637644659
45,0.045000,8,0,0,1,720575940605639858|720575940612920466|720575940615457938|720575940616459333|720575940623758377|720575940625827358|720575940626407820|720575940638847104
46,0.046000,6,0,0,0,720575940621074835|720575940622265894|720575940623718119|720575940631537735|720575940632736703|720575940636242778
47,0.047000,5,0,1,1,720575940603823462|720575940617244347|720575940624323475|720575940630666404|720575940631844300
48,0.048000,9,0,0,0,720575940610249426|720575940610502851|720575940624879678|720575940625021796|720575940625407107|720575940628557178|720575940631848791|720575940633538724|720575940643558692
49,0.049000,7,1,0,2,720575940612358642|720575940617828731|720575940622772137|720575940623302988|720575940626306321|720575940628493572|720575940641997531
50,0.050000,6,0,0,1,720575940609713710|720575940622913260|720575940623260201|720575940623388237|720575940625415813|720575940629459441
51,0.051000,8,1,0,2,720575940612763158|720575940622416628|720575940624594726|720575940627140551|720575940627653114|720575940628644239|720575940638055869|720575940638832512
52,0.052000,10,2,1,2,720575940622303446|720575940624784280|720575940626469909|720575940626530456|720575940628843458|720575940631372369|720575940632875746|720575940637644659|720575940642855328|720575940658472065
53,0.053000,6,1,0,1,720575940611216099|720575940612920466|720575940615177099|720575940616459333|720575940626194428|720575940626768442
54,0.054000,4,1,0,0,720575940606123954|720575940626137895|720575940626407820|720575940636242778
55,0.055000,10,0,0,1,720575940605639858|720575940608918830|720575940610502851|720575940620027515|720575940622265894|720575940625968115|720575940626806026|720575940630666404|720575940631844300|720575940633538724
56,0.056000,11,0,0,0,720575940615612066|720575940619007296|720575940619476126|720575940621074835|720575940621381236|720575940624453680|720575940624879678|720575940625021796|720575940628557178|720575940633145903|720575940638847104
57,0.057000,9,1,0,2,720575940605827761|720575940609713710|720575940622772137|720575940623302988|720575940625415813|720575940626010554|720575940628866809|720575940635978926|720575940643558692
58,0.058000,14,2,0,1,720575940603823462|720575940610249426|720575940610453427|720575940612358642|720575940612763158|720575940613836438|720575940622913260|720575940625407107|720575940626306321|720575940629902206|720575940632736703|720575940638055869|720575940638832512|720575940645909300
59,0.059000,7,0,0,1,720575940620571953|720575940623388237|720575940623758377|720575940624594726|720575940627653114|720575940631372369|720575940636360811
60,0.060000,8,0,1,3,720575940617828731|720575940622416628|720575940626469909|720575940626768442|720575940632875746|720575940637644659|720575940642855328|720575940658472065
61,0.061000,5,1,0,1,720575940613690730|720575940616459333|720575940626407820|720575940628644239|720575940628802041
62,0.062000,6,0,0,0,720575940606123954|720575940615177099|720575940621595888|720575940622265894|720575940630666404|720575940636242778
63,0.063000,5,0,1,0,720575940605583136|720575940608918830|720575940610502851|720575940624453680|720575940625653223
64,0.064000,14,4,0,2,720575940605639858|720575940619296365|720575940619476126|720575940622303446|720575940623302988|720575940624879678|720575940625021796|720575940625415813|720575940628557178|720575940631708836|720575940632844002|720575940634407520|720575940638847104|720575940642634532
65,0.065000,17,3,1,1,720575940609713710|720575940612763158|720575940612920466|720575940613829900|720575940615032495|720575940619845547|720575940621074835|720575940621854563|720575940622772137|720575940623973837|720575940625351354|720575940625587642|720575940625827358|720575940626194428|720575940633538724|720575940638055869|720575940638850512
66,0.066000,10,3,0,1,720575940603823462|720575940610901930|720575940615457938|720575940622913260|720575940623046548|720575940623718119|720575940625407107|720575940631844300|720575940632736703|720575940636730694
67,0.067000,8,1,0,1,720575940612358642|720575940617244347|720575940623388237|720575940624594726|720575940630199963|720575940631372369|720575940638832512|720575940658472065
68,0.068000,9,4,0,1,720575940620027515|720575940620282906|720575940622416628|720575940623852873|720575940626306321|720575940628866809|720575940631125036|720575940633145903|720575940633719487
69,0.069000,13,3,1,2,720575940614926475|720575940615460754|720575940616459333|720575940620020694|720575940623758377|720575940624323475|720575940626407820|720575940627653114|720575940631848791|720575940632875746|720575940635427982|720575940637644659|720575940643558692
70,0.070000,7,2,1,0,720575940604801993|720575940608722371|720575940615177099|720575940617828731|720575940624453680|720575940629459441|720575940642855328
71,0.071000,9,0,0,2,720575940610249426|720575940621381236|720575940623302988|720575940624130253|720575940626010554|720575940626768442|720575940630666404|720575940636242778|720575940641997531
72,0.072000,9,0,0,1,720575940605639858|720575940608918830|720575940610502851|720575940622265894|720575940622303446|720575940623260201|720575940625021796|720575940626469909|720575940632598343
73,0.073000,8,0,0,1,720575940606123954|720575940612763158|720575940622772137|720575940625415813|720575940626530456|720575940628644239|720575940635978926|720575940638055869
74,0.074000,7,1,0,0,720575940612920466|720575940616569601|720575940623388237|720575940631372369|720575940632736703|720575940633538724|720575940658472065
75,0.075000,6,0,0,1,720575940620571953|720575940625407107|720575940628557178|720575940629902206|720575940631844300|720575940640026045
76,0.076000,11,1,0,2,720575940609713710|720575940612358642|720575940620027515|720575940621074835|720575940622913260|720575940624594726|720575940626306321|720575940627140551|720575940628866809|720575940633145903|720575940638832512
77,0.077000,9,0,0,1,720575940619476126|720575940622416628|720575940624453680|720575940624879678|720575940626407820|720575940627653114|720575940637644659|720575940638847104|720575940643558692
78,0.078000,7,0,0,1,720575940603823462|720575940610249426|720575940616459333|720575940617828731|720575940619007296|720575940623758377|720575940626194428
79,0.079000,3,0,0,1,720575940608918830|720575940615612066|720575940632875746
80,0.080000,9,0,1,1,720575940612763158|720575940615177099|720575940622265894|720575940622303446|720575940625021796|720575940626469909|720575940630666404|720575940636242778|720575940642855328
81,0.081000,4,0,0,1,720575940606123954|720575940626768442|720575940631372369|720575940645909300
82,0.082000,4,0,0,1,720575940605639858|720575940628644239|720575940638055869|720575940658472065
83,0.083000,4,0,0,0,720575940610502851|720575940612920466|720575940625415813|720575940626306321
84,0.084000,10,1,0,1,720575940622772137|720575940623302988|720575940623388237|720575940624879678|720575940625407107|720575940628843458|720575940631537735|720575940632736703|720575940633538724|720575940638832512
85,0.085000,8,0,1,2,720575940612358642|720575940622416628|720575940624453680|720575940625653223|720575940627653114|720575940628557178|720575940628866809|720575940637644659
86,0.086000,10,0,0,2,720575940603823462|720575940609713710|720575940616459333|720575940617828731|720575940619476126|720575940621074835|720575940624594726|720575940631844300|720575940638847104|720575940643558692
87,0.087000,6,1,1,1,720575940610453427|720575940615177099|720575940615457938|720575940623758377|720575940625827358|720575940642855328
88,0.088000,7,0,0,1,720575940613690730|720575940622265894|720575940622303446|720575940623718119|720575940625021796|720575940626407820|720575940636242778
89,0.089000,6,0,0,1,720575940606123954|720575940612763158|720575940617244347|720575940626194428|720575940632875746|720575940658472065
90,0.090000,8,0,0,0,720575940605583136|720575940605639858|720575940610249426|720575940621595888|720575940622913260|720575940626306321|720575940636360811|720575940638055869
91,0.091000,11,1,1,1,720575940608918830|720575940610502851|720575940613836438|720575940624323475|720575940624879678|720575940625415813|720575940625968115|720575940626469909|720575940628644239|720575940632736703|720575940633538724
92,0.092000,6,3,0,1,720575940623302988|720575940628802041|720575940631372369|720575940631848791|720575940635461550|720575940642634532
93,0.093000,9,0,0,1,720575940611964882|720575940621381236|720575940622772137|720575940623388237|720575940623973837|720575940625407107|720575940628866809|720575940630666404|720575940631844300
94,0.094000,9,0,0,1,720575940612358642|720575940612920466|720575940617828731|720575940620027515|720575940621074835|720575940626806026|720575940637644659|720575940638832512|720575940643558692
95,0.095000,9,2,0,1,720575940615032495|720575940615177099|720575940619007296|720575940619476126|720575940622416628|720575940626530456|720575940632614295|720575940644765463|720575940658101889
96,0.096000,12,0,0,0,720575940603823462|720575940606123954|720575940616459333|720575940624594726|720575940625021796|720575940626407820|720575940628557178|720575940629459441|720575940633145903|720575940636242778|720575940638847104|720575940641997531
97,0.097000,10,2,1,1,720575940609713710|720575940617769851|720575940622265894|720575940623260201|720575940624453680|720575940626194428|720575940627653114|720575940629902206|720575940636730694|720575940642855328
98,0.098000,5,1,0,2,720575940605639858|720575940619296365|720575940622303446|720575940625415813|720575940626768442
99,0.099000,7,1,1,2,720575940608918830|720575940619845547|720575940623758377|720575940631372369|720575940632736703|720575940632844002|720575940632875746
100,0.100000,6,0,0,1,720575940610502851|720575940623388237|720575940624879678|720575940625407107|720575940628644239|720575940633538724
101,0.101000,5,0,0,1,720575940612763158|720575940622913260|720575940631844300|720575940638055869|720575940638832512
102,0.102000,6,1,0,0,720575940612920466|720575940615177099|720575940626306321|720575940627140551|720575940637644659|720575940643558692
103,0.103000,13,0,0,3,720575940603823462|720575940612358642|720575940617828731|720575940619476126|720575940620571953|720575940622416628|720575940623302988|720575940626407820|720575940626469909|720575940628557178|720575940630666404|720575940636242778|720575940658472065
104,0.104000,5,0,1,0,720575940622772137|720575940625653223|720575940626194428|720575940628866809|720575940638847104
105,0.105000,8,2,1,0,720575940606123954|720575940613829900|720575940616459333|720575940621074835|720575940625021796|720575940627653114|720575940638850512|720575940642855328
106,0.106000,9,1,0,1,720575940605639858|720575940608918830|720575940615612066|720575940620027515|720575940622265894|720575940626768442|720575940631372369|720575940631708836|720575940632736703
107,0.107000,7,3,0,1,720575940604801993|720575940615457938|720575940622303446|720575940624594726|720575940625351354|720575940625415813|720575940631125036
108,0.108000,13,6,0,2,720575940610249426|720575940612763158|720575940616569601|720575940620282906|720575940623046548|720575940623758377|720575940624784280|720575940628493572|720575940628644239|720575940628843458|720575940633538724|720575940638832512|720575940645909300
109,0.109000,13,3,0,2,720575940609713710|720575940610502851|720575940615177099|720575940615460754|720575940620020694|720575940623388237|720575940624453680|720575940624879678|720575940625407107|720575940626137895|720575940632875746|720575940633145903|720575940633719487
110,0.110000,13,1,0,0,720575940608722371|720575940612920466|720575940617244347|720575940617828731|720575940619476126|720575940623718119|720575940625827358|720575940626010554|720575940626407820|720575940626469909|720575940630666404|720575940638055869|720575940643558692
111,0.111000,5,0,0,0,720575940622913260|720575940626306321|720575940628557178|720575940629902206|720575940658472065
112,0.112000,7,1,1,2,720575940605827761|720575940612358642|720575940621381236|720575940622772137|720575940624323475|720575940631844300|720575940635978926
113,0.113000,13,0,0,2,720575940603823462|720575940606123954|720575940613690730|720575940616459333|720575940620027515|720575940622416628|720575940623302988|720575940625021796|720575940627653114|720575940631372369|720575940636242778|720575940637644659|720575940638847104
114,0.114000,5,1,0,0,720575940605639858|720575940610453427|720575940621074835|720575940622265894|720575940628866809
115,0.115000,9,1,1,1,720575940605583136|720575940608918830|720575940611216099|720575940621595888|720575940622303446|720575940626530456|720575940629459441|720575940632736703|720575940642855328
116,0.116000,5,0,0,0,720575940619007296|720575940620571953|720575940625415813|720575940626194428|720575940631848791
117,0.117000,8,0,0,2,720575940612763158|720575940615032495|720575940615177099|720575940617828731|720575940623758377|720575940625407107|720575940628644239|720575940633538724
118,0.118000,6,0,0,1,720575940610249426|720575940623973837|720575940624453680|720575940632875746|720575940638832512|720575940643558692
119,0.119000,8,0,0,1,720575940612920466|720575940623260201|720575940623388237|720575940624879678|720575940626306321|720575940626768442|720575940633145903|720575940638055869
120,0.120000,6,0,0,1,720575940609713710|720575940619476126|720575940622913260|720575940624594726|720575940626407820|720575940626469909
121,0.121000,9,1,0,2,720575940606123954|720575940616459333|720575940622265894|720575940623302988|720575940623852873|720575940627653114|720575940631844300|720575940637644659|720575940638847104
122,0.122000,11,1,0,2,720575940605639858|720575940612358642|720575940622416628|720575940622772137|720575940626806026|720575940628557178|720575940628866809|720575940630666404|720575940636242778|720575940642634532|720575940658472065
123,0.123000,4,0,0,0,720575940603823462|720575940608918830|720575940625021796|720575940626194428
124,0.124000,4,0,0,0,720575940617828731|720575940625415813|720575940631372369|720575940636360811
125,0.125000,4,0,1,1,720575940610502851|720575940622303446|720575940638832512|720575940642855328
126,0.126000,15,2,1,2,720575940610249426|720575940615177099|720575940621074835|720575940624453680|720575940625407107|720575940625653223|720575940625968115|720575940626306321|720575940626768442|720575940627140551|720575940632736703|720575940632875746|720575940633538724|720575940636730694|720575940643558692
127,0.127000,5,1,0,2,720575940609713710|720575940623758377|720575940628802041|720575940634407520|720575940638055869
128,0.128000,8,0,0,0,720575940612763158|720575940615457938|720575940616459333|720575940619476126|720575940623388237|720575940624879678|720575940626469909|720575940637644659
129,0.129000,6,1,0,1,720575940613836438|720575940620027515|720575940622265894|720575940623302988|720575940626407820|720575940638847104
130,0.130000,6,0,0,1,720575940603823462|720575940605639858|720575940622772137|720575940627653114|720575940628866809|720575940631844300
131,0.131000,12,2,0,1,720575940606123954|720575940612920466|720575940615612066|720575940619296365|720575940621381236|720575940622416628|720575940622913260|720575940624594726|720575940632844002|720575940636242778|720575940645909300|720575940658472065
132,0.132000,13,2,1,1,720575940608918830|720575940617244347|720575940617828731|720575940619845547|720575940625587642|720575940625827358|720575940626194428|720575940628644239|720575940628843458|720575940630199963|720575940630666404|720575940631537735|720575940641997531
133,0.133000,7,0,0,1,720575940612358642|720575940621074835|720575940623718119|720575940628557178|720575940631372369|720575940633145903|720575940633538724
134,0.134000,10,0,2,2,720575940610502851|720575940622303446|720575940624323475|720575940624453680|720575940625021796|720575940625415813|720575940626306321|720575940626768442|720575940642855328|720575940643558692
135,0.135000,7,1,0,0,720575940610249426|720575940616459333|720575940621854563|720575940625407107|720575940629902206|720575940635461550|720575940638832512
136,0.136000,6,0,0,1,720575940612763158|720575940615177099|720575940623388237|720575940626469909|720575940632736703|720575940632875746
137,0.137000,5,0,0,1,720575940613690730|720575940619007296|720575940623302988|720575940638055869|720575940638847104
138,0.138000,5,0,0,1,720575940605639858|720575940609713710|720575940619476126|720575940622265894|720575940628866809
139,0.139000,7,0,0,0,720575940603823462|720575940620027515|720575940622772137|720575940624594726|720575940626194428|720575940636242778|720575940637644659
140,0.140000,12,2,0,3,720575940608140380|720575940613829900|720575940617828731|720575940620571953|720575940622416628|720575940622913260|720575940623758377|720575940624879678|720575940628644239|720575940630666404|720575940631125036|720575940658472065
141,0.141000,6,0,0,2,720575940606123954|720575940608918830|720575940622303446|720575940626407820|720575940626530456|720575940631844300
142,0.142000,10,1,1,2,720575940612358642|720575940612920466|720575940623260201|720575940625407107|720575940626306321|720575940626768442|720575940629459441|720575940631372369|720575940632614295|720575940642855328
143,0.143000,7,0,0,0,720575940610502851|720575940616459333|720575940621074835|720575940621595888|720575940633538724|720575940638832512|720575940643558692
144,0.144000,8,2,0,0,720575940605583136|720575940610249426|720575940612763158|720575940615177099|720575940616569601|720575940624453680|720575940625021796|720575940638850512
145,0.145000,4,0,0,0,720575940623388237|720575940626469909|720575940627653114|720575940632736703
146,0.146000,10,0,1,0,720575940619476126|720575940622265894|720575940625415813|720575940625653223|720575940628557178|720575940628866809|720575940631848791|720575940637644659|720575940638055869|720575940638847104
147,0.147000,9,2,0,2,720575940605639858|720575940610453427|720575940611964882|720575940617828731|720575940623046548|720575940624879678|720575940628644239|720575940632875746|720575940635978926
148,0.148000,12,1,0,2,720575940603823462|720575940608918830|720575940609713710|720575940615032495|720575940615457938|720575940623302988|720575940625351354|720575940626407820|720575940630666404|720575940633145903|720575940636242778|720575940658472065
149,0.149000,12,4,0,4,720575940604801993|720575940606123954|720575940617769851|720575940622303446|720575940622416628|720575940623758377|720575940626194428|720575940626768442|720575940631372369|720575940631708836|720575940642634532|720575940644765463
150,0.150000,8,3,0,1,720575940620027515|720575940622772137|720575940624594726|720575940627140551|720575940631844300|720575940633719487|720575940643558692|720575940658101889
151,0.151000,10,1,1,0,720575940612920466|720575940616459333|720575940621074835|720575940623973837|720575940624453680|720575940625407107|720575940626010554|720575940633538724|720575940642855328|720575940660921985
152,0.152000,8,2,0,1,720575940608722371|720575940610249426|720575940612358642|720575940612763158|720575940615177099|720575940620282906|720575940626806026|720575940636360811
153,0.153000,6,2,0,0,720575940617244347|720575940620020694|720575940621381236|720575940624784280|720575940625968115|720575940627653114
154,0.154000,10,0,0,0,720575940610502851|720575940619476126|720575940622913260|720575940623718119|720575940625415813|720575940625827358|720575940626306321|720575940626469909|720575940629902206|720575940637644659
155,0.155000,11,1,1,0,720575940605639858|720575940615612066|720575940617828731|720575940622265894|720575940623388237|720575940624323475|720575940625021796|720575940628866809|720575940632736703|720575940636730694|720575940645909300
156,0.156000,9,0,0,1,720575940606123954|720575940624879678|720575940628557178|720575940628644239|720575940630666404|720575940632598343|720575940633145903|720575940636242778|720575940638832512
157,0.157000,7,0,0,1,720575940608918830|720575940609713710|720575940620571953|720575940626407820|720575940631372369|720575940638055869|720575940658472065
158,0.158000,5,0,0,2,720575940612920466|720575940622303446|720575940622772137|720575940632875746|720575940643558692
159,0.159000,9,1,0,2,720575940612763158|720575940616459333|720575940620027515|720575940622416628|720575940624453680|720575940626194428|720575940626768442|720575940628802041|720575940641997531
160,0.160000,4,0,0,1,720575940623302988|720575940624594726|720575940627653114|720575940638847104
161,0.161000,6,1,0,2,720575940603823462|720575940610249426|720575940623758377|720575940625415813|720575940628843458|720575940631844300
162,0.162000,10,1,1,0,720575940610502851|720575940613690730|720575940615177099|720575940617828731|720575940621074835|720575940622265894|720575940622913260|720575940626469909|720575940632844002|720575940642855328
163,0.163000,5,0,0,0,720575940630666404|720575940632736703|720575940636242778|720575940637644659|720575940638832512
164,0.164000,10,0,0,2,720575940605639858|720575940606123954|720575940612358642|720575940623260201|720575940623388237|720575940625021796|720575940628644239|720575940631372369|720575940633538724|720575940658472065
165,0.165000,4,0,0,0,720575940624879678|720575940625407107|720575940626407820|720575940638055869
166,0.166000,3,0,0,1,720575940608918830|720575940622416628|720575940626306321
167,0.167000,10,2,0,1,720575940612920466|720575940613836438|720575940616459333|720575940619296365|720575940622303446|720575940624453680|720575940626194428|720575940628557178|720575940628866809|720575940643558692
168,0.168000,7,0,2,3,720575940609713710|720575940619476126|720575940619845547|720575940625653223|720575940626768442|720575940627653114|720575940632875746
169,0.169000,8,0,0,0,720575940610249426|720575940612763158|720575940615177099|720575940615457938|720575940619007296|720575940621595888|720575940626530456|720575940629459441
170,0.170000,8,0,0,3,720575940610502851|720575940622265894|720575940622772137|720575940623302988|720575940623758377|720575940624594726|720575940625415813|720575940631844300
171,0.171000,8,0,1,0,720575940603823462|720575940615460754|720575940621074835|720575940622913260|720575940632736703|720575940636242778|720575940638832512|720575940642855328
172,0.172000,7,1,0,0,720575940605639858|720575940617828731|720575940626469909|720575940628493572|720575940637644659|720575940638847104|720575940658472065
173,0.173000,13,2,0,0,720575940605583136|720575940605827761|720575940613829900|720575940620027515|720575940621381236|720575940624879678|720575940625021796|720575940625587642|720575940626407820|720575940630666404|720575940631848791|720575940633145903|720575940638055869
174,0.174000,6,0,0,2,720575940606123954|720575940612358642|720575940615032495|720575940626194428|720575940628644239|720575940633538724
175,0.175000,7,1,0,1,720575940608918830|720575940611216099|720575940612920466|720575940626768442|720575940628557178|720575940628866809|720575940629902206
176,0.176000,16,4,0,1,720575940610249426|720575940610453427|720575940616459333|720575940617244347|720575940622303446|720575940623388237|720575940623718119|720575940623973837|720575940625407107|720575940625827358|720575940626306321|720575940626806026|720575940627140551|720575940630199963|720575940631372369|720575940638850512
177,0.177000,4,0,1,1,720575940612763158|720575940624323475|720575940624594726|720575940632875746
178,0.178000,6,0,0,2,720575940609713710|720575940615177099|720575940622265894|720575940623302988|720575940624453680|720575940627653114
179,0.179000,5,0,0,0,720575940610502851|720575940619476126|720575940622913260|720575940636242778|720575940638832512
180,0.180000,10,1,0,1,720575940605639858|720575940615612066|720575940617828731|720575940620571953|720575940621074835|720575940623758377|720575940625021796|720575940625415813|720575940642634532|720575940643558692
181,0.181000,6,0,1,2,720575940606123954|720575940622416628|720575940630666404|720575940631844300|720575940642855328|720575940645909300
182,0.182000,4,0,0,0,720575940608918830|720575940612920466|720575940622772137|720575940636360811
183,0.183000,9,1,0,1,720575940603823462|720575940620027515|720575940622303446|720575940623046548|720575940626194428|720575940628866809|720575940638055869|720575940638847104|720575940658472065
184,0.184000,8,0,0,1,720575940623388237|720575940624879678|720575940625407107|720575940626010554|720575940626469909|720575940628644239|720575940633145903|720575940635978926
185,0.185000,9,2,0,1,720575940612763158|720575940616459333|720575940616569601|720575940622265894|720575940625351354|720575940626407820|720575940628557178|720575940631372369|720575940632875746
186,0.186000,8,0,0,2,720575940622913260|720575940623302988|720575940624453680|720575940626768442|720575940632736703|720575940633538724|720575940637644659|720575940638832512
187,0.187000,11,1,0,1,720575940610502851|720575940612358642|720575940613690730|720575940615177099|720575940617828731|720575940621074835|720575940624594726|720575940625415813|720575940626306321|720575940636242778|720575940636730694
188,0.188000,5,0,0,1,720575940605639858|720575940610249426|720575940615457938|720575940623758377|720575940625021796
189,0.189000,8,0,1,3,720575940608918830|720575940609713710|720575940622416628|720575940623260201|720575940630666404|720575940631844300|720575940642855328|720575940643558692
190,0.190000,9,0,1,1,720575940606123954|720575940612920466|720575940619476126|720575940622303446|720575940622772137|720575940625653223|720575940625968115|720575940627653114|720575940658472065
191,0.191000,7,3,0,0,720575940623388237|720575940628802041|720575940628843458|720575940628866809|720575940631537735|720575940633719487|720575940638055869
192,0.192000,7,1,0,1,720575940603823462|720575940626194428|720575940628557178|720575940628644239|720575940631708836|720575940634407520|720575940638847104
193,0.193000,7,3,0,1,720575940604801993|720575940623852873|720575940624453680|720575940631125036|720575940631372369|720575940632875746|720575940641997531
194,0.194000,4,1,0,0,720575940608722371|720575940612763158|720575940621381236|720575940626469909
195,0.195000,15,2,0,2,720575940615177099|720575940616459333|720575940617828731|720575940622265894|720575940622913260|720575940623302988|720575940623758377|720575940625021796|720575940625407107|720575940629902206|720575940632614295|720575940632736703|720575940632844002|720575940637644659|720575940638832512
196,0.196000,12,2,1,2,720575940610249426|720575940612358642|720575940617769851|720575940620020694|720575940620027515|720575940624594726|720575940624879678|720575940626306321|720575940626530456|720575940626768442|720575940633538724|720575940642855328
197,0.197000,7,1,0,1,720575940609713710|720575940621074835|720575940621595888|720575940623973837|720575940627653114|720575940633145903|720575940635461550
198,0.198000,14,0,0,1,720575940606123954|720575940608918830|720575940610502851|720575940612920466|720575940619007296|720575940619476126|720575940622772137|720575940625415813|720575940626407820|720575940630666404|720575940631844300|720575940631848791|720575940636242778|720575940658472065
199,0.199000,14,1,0,3,720575940605639858|720575940615032495|720575940617244347|720575940620282906|720575940622303446|720575940622416628|720575940623388237|720575940623718119|720575940625827358|720575940628644239|720575940628866809|720575940629459441|720575940638055869|720575940638847104
200,0.200000,9,3,1,0,720575940619296365|720575940620571953|720575940621854563|720575940624323475|720575940624453680|720575940626194428|720575940627140551|720575940628557178|720575940635427982
201,0.201000,4,0,0,1,720575940605583136|720575940612763158|720575940632875746|720575940643558692
202,0.202000,6,1,1,0,720575940603823462|720575940613836438|720575940619845547|720575940626469909|720575940631372369|720575940632736703
203,0.203000,4,0,0,1,720575940615612066|720575940623758377|720575940625407107|720575940638832512
204,0.204000,8,2,0,1,720575940610453427|720575940612358642|720575940613829900|720575940622265894|720575940622913260|720575940625021796|720575940627653114|720575940637644659
205,0.205000,8,2,0,1,720575940617828731|720575940621074835|720575940623302988|720575940626137895|720575940630666404|720575940633538724|720575940636242778|720575940642634532
206,0.206000,14,0,0,1,720575940612920466|720575940615177099|720575940616459333|720575940619476126|720575940620027515|720575940622772137|720575940625415813|720575940626306321|720575940626768442|720575940628866809|720575940636360811|720575940638055869|720575940644765463|720575940658472065
207,0.207000,11,0,0,3,720575940605639858|720575940606123954|720575940608918830|720575940610502851|720575940615457938|720575940622416628|720575940624879678|720575940626407820|720575940628644239|720575940631844300|720575940633145903
208,0.208000,9,1,1,1,720575940609713710|720575940610249426|720575940623388237|720575940628557178|720575940638847104|720575940638850512|720575940642855328|720575940643558692|720575940645909300
209,0.209000,5,0,1,1,720575940612763158|720575940622303446|720575940624453680|720575940625653223|720575940629902206
210,0.210000,3,0,0,2,720575940623758377|720575940632736703|720575940632875746
211,0.211000,6,0,0,0,720575940622265894|720575940623260201|720575940625407107|720575940626469909|720575940638832512|720575940640026045
212,0.212000,5,0,0,0,720575940603823462|720575940613690730|720575940625021796|720575940630666404|720575940637644659
213,0.213000,3,0,0,1,720575940612358642|720575940627653114|720575940631372369
214,0.214000,9,1,0,2,720575940623302988|720575940624594726|720575940625415813|720575940626407820|720575940626768442|720575940628843458|720575940628866809|720575940633538724|720575940658472065
215,0.215000,7,0,1,1,720575940609713710|720575940610502851|720575940612920466|720575940622913260|720575940626194428|720575940626306321|720575940642855328
216,0.216000,7,0,0,0,720575940605639858|720575940606123954|720575940616459333|720575940617828731|720575940619476126|720575940623388237|720575940638055869
217,0.217000,4,0,0,1,720575940610249426|720575940621074835|720575940628557178|720575940628644239
218,0.218000,6,0,0,1,720575940608918830|720575940615177099|720575940631844300|720575940632736703|720575940638847104|720575940643558692
219,0.219000,4,1,0,0,720575940612763158|720575940622265894|720575940636242778|720575940636730694
220,0.220000,16,2,0,3,720575940603823462|720575940612358642|720575940616569601|720575940621381236|720575940622416628|720575940622772137|720575940624453680|720575940624784280|720575940625021796|720575940625407107|720575940625587642|720575940625968115|720575940626010554|720575940626469909|720575940626806026|720575940632875746
221,0.221000,11,1,0,2,720575940619007296|720575940622303446|720575940623718119|720575940623758377|720575940625351354|720575940625827358|720575940627653114|720575940629459441|720575940633538724|720575940637644659|720575940658472065
222,0.222000,9,1,1,0,720575940610502851|720575940617244347|720575940622913260|720575940623046548|720575940623973837|720575940624323475|720575940624879678|720575940626530456|720575940631848791
223,0.223000,8,1,0,0,720575940611964882|720575940617828731|720575940624594726|720575940626407820|720575940628802041|720575940628866809|720575940630666404|720575940638832512
224,0.224000,10,0,1,1,720575940612920466|720575940616459333|720575940623388237|720575940625415813|720575940626194428|720575940626306321|720575940626768442|720575940631372369|720575940636360811|720575940642855328
225,0.225000,16,2,0,3,720575940606123954|720575940608918830|720575940610249426|720575940615032495|720575940619476126|720575940620027515|720575940620571953|720575940621074835|720575940623302988|720575940628493572|720575940628644239|720575940631844300|720575940632736703|720575940633145903|720575940633719487|720575940641997531
226,0.226000,3,1,0,1,720575940609713710|720575940615177099|720575940632844002
227,0.227000,11,2,1,0,720575940605639858|720575940615460754|720575940621595888|720575940622265894|720575940625653223|720575940627140551|720575940629902206|720575940638055869|720575940638847104|720575940643558692|720575940658101889
228,0.228000,8,2,0,1,720575940611216099|720575940622772137|720575940623758377|720575940624453680|720575940625407107|720575940630199963|720575940635978926|720575940636242778
229,0.229000,13,2,0,2,720575940604801993|720575940605827761|720575940608140380|720575940610502851|720575940612763158|720575940615457938|720575940615612066|720575940622303446|720575940624879678|720575940625021796|720575940627653114|720575940632875746|720575940658472065
230,0.230000,5,1,0,1,720575940612358642|720575940619296365|720575940622913260|720575940628866809|720575940633538724
231,0.231000,8,0,0,1,720575940603823462|720575940605583136|720575940622416628|720575940625415813|720575940626306321|720575940626407820|720575940637644659|720575940638832512
232,0.232000,12,1,1,2,720575940606123954|720575940608918830|720575940616459333|720575940617828731|720575940623388237|720575940624594726|720575940626768442|720575940628557178|720575940630666404|720575940631844300|720575940642634532|720575940642855328
233,0.233000,5,0,0,0,720575940610249426|720575940612920466|720575940620027515|720575940621074835|720575940631372369
234,0.234000,5,1,0,2,720575940610453427|720575940621381236|720575940623302988|720575940628644239|720575940633145903
235,0.235000,6,2,0,0,720575940605639858|720575940615177099|720575940620020694|720575940623260201|720575940625407107|720575940631125036
236,0.236000,11,1,1,2,720575940619845547|720575940622265894|720575940623758377|720575940626194428|720575940631537735|720575940631708836|720575940632875746|720575940638847104|720575940643558692|720575940645909300|720575940658472065
237,0.237000,8,1,0,1,720575940609713710|720575940624453680|720575940624879678|720575940626469909|720575940632614295|720575940632736703|720575940636242778|720575940638055869
238,0.238000,2,0,0,0,720575940610502851|720575940627653114
239,0.239000,12,0,0,2,720575940612358642|720575940612763158|720575940619476126|720575940622303446|720575940622913260|720575940625021796|720575940625415813|720575940626306321|720575940626407820|720575940628866809|720575940630666404|720575940638832512
240,0.240000,9,0,0,1,720575940603823462|720575940606123954|720575940608918830|720575940613690730|720575940617828731|720575940622772137|720575940623388237|720575940624594726|720575940631844300
241,0.241000,6,1,1,2,720575940622416628|720575940626768442|720575940628557178|720575940628843458|720575940633538724|720575940642855328
242,0.242000,2,0,0,0,720575940617244347|720575940631372369
243,0.243000,10,0,0,3,720575940610249426|720575940616459333|720575940621074835|720575940623302988|720575940623718119|720575940623758377|720575940625407107|720575940625827358|720575940626194428|720575940632875746
244,0.244000,7,2,0,1,720575940605639858|720575940609713710|720575940612920466|720575940613836438|720575940629902206|720575940638850512|720575940658472065
245,0.245000,14,4,1,1,720575940608722371|720575940610502851|720575940613829900|720575940617769851|720575940620027515|720575940620571953|720575940624323475|720575940624879678|720575940626469909|720575940628644239|720575940635461550|720575940637644659|720575940638847104|720575940643558692
246,0.246000,7,0,1,1,720575940612358642|720575940619476126|720575940624453680|720575940625653223|720575940626306321|720575940633145903|720575940638832512
247,0.247000,12,1,0,0,720575940619007296|720575940622913260|720575940623388237|720575940625415813|720575940625968115|720575940626806026|720575940628866809|720575940629459441|720575940630666404|720575940632736703|720575940636242778|720575940636730694
248,0.248000,7,0,0,0,720575940603823462|720575940608918830|720575940615177099|720575940622265894|720575940622772137|720575940636360811|720575940638055869
249,0.249000,7,0,0,2,720575940612763158|720575940615457938|720575940617828731|720575940622303446|720575940627653114|720575940628557178|720575940631844300
250,0.250000,4,0,0,1,720575940621074835|720575940622416628|720575940625021796|720575940631372369
251,0.251000,3,0,0,1,720575940606123954|720575940626768442|720575940634407520
252,0.252000,6,1,0,2,720575940612920466|720575940616569601|720575940623758377|720575940626407820|720575940632875746|720575940633538724
253,0.253000,12,1,0,1,720575940616459333|720575940620282906|720575940623973837|720575940624453680|720575940625407107|720575940626194428|720575940626530456|720575940628644239|720575940631848791|720575940637644659|720575940643558692|720575940658472065
254,0.254000,4,0,0,0,720575940605639858|720575940615612066|720575940622913260|720575940630666404
255,0.255000,9,0,1,0,720575940610249426|720575940615177099|720575940619476126|720575940620027515|720575940624594726|720575940626469909|720575940632736703|720575940638847104|720575940642855328
256,0.256000,12,1,0,3,720575940609713710|720575940610502851|720575940612358642|720575940621595888|720575940622772137|720575940623388237|720575940624879678|720575940625415813|720575940627140551|720575940628557178|720575940631844300|720575940638055869
257,0.257000,8,0,0,1,720575940608918830|720575940612763158|720575940621074835|720575940623302988|720575940627653114|720575940628866809|720575940636242778|720575940638832512
258,0.258000,3,0,0,1,720575940603823462|720575940622416628|720575940626306321
259,0.259000,3,0,0,1,720575940606123954|720575940622303446|720575940623260201
260,0.260000,14,3,0,0,720575940605583136|720575940612920466|720575940615032495|720575940616459333|720575940617828731|720575940622265894|720575940623046548|720575940625021796|720575940626194428|720575940626407820|720575940628802041|720575940631372369|720575940642634532|720575940643558692
261,0.261000,7,1,0,2,720575940605639858|720575940625407107|720575940626768442|720575940630666404|720575940632844002|720575940632875746|720575940637644659
262,0.262000,7,2,0,2,720575940619296365|720575940621381236|720575940623758377|720575940624594726|720575940625351354|720575940628644239|720575940632736703
263,0.263000,8,1,1,0,720575940610249426|720575940610453427|720575940622913260|720575940624453680|720575940628557178|720575940642855328|720575940644765463|720575940658472065
264,0.264000,15,1,0,0,720575940608918830|720575940612763158|720575940615177099|720575940619476126|720575940622772137|720575940623388237|720575940623852873|720575940624879678|720575940625827358|720575940626010554|720575940626469909|720575940633145903|720575940636242778|720575940638055869|720575940645909300
265,0.265000,7,0,0,0,720575940610502851|720575940617244347|720575940621854563|720575940623718119|720575940628866809|720575940629902206|720575940638847104
266,0.266000,12,2,0,3,720575940604801993|720575940609713710|720575940612358642|720575940624784280|720575940625415813|720575940625968115|720575940626306321|720575940627653114|720575940629459441|720575940631844300|720575940638832512|720575940641997531
267,0.267000,14,2,3,1,720575940603823462|720575940613690730|720575940616459333|720575940617828731|720575940619845547|720575940620027515|720575940622416628|720575940624323475|720575940625021796|720575940625653223|720575940626137895|720575940633719487|720575940635978926|720575940643558692
268,0.268000,9,1,0,2,720575940606123954|720575940615460754|720575940619007296|720575940620571953|720575940622303446|720575940623302988|720575940626407820|720575940628843458|720575940631372369
269,0.269000,7,1,0,0,720575940605639858|720575940612920466|720575940615457938|720575940622265894|720575940626194428|720575940631125036|720575940633538724
270,0.270000,3,0,0,1,720575940621074835|720575940632736703|720575940632875746
271,0.271000,7,1,0,1,720575940608918830|720575940622913260|720575940624453680|720575940624594726|720575940628644239|720575940631708836|720575940637644659
272,0.272000,8,0,1,0,720575940626469909|720575940628557178|720575940630666404|720575940632598343|720575940636242778|720575940638055869|720575940642855328|720575940658472065
273,0.273000,6,1,0,0,720575940610249426|720575940615177099|720575940620020694|720575940624879678|720575940626806026|720575940627653114
274,0.274000,12,0,0,3,720575940603823462|720575940610502851|720575940612358642|720575940612763158|720575940619476126|720575940622772137|720575940623758377|720575940625407107|720575940626306321|720575940631844300|720575940633145903|720575940638832512
275,0.275000,5,1,0,0,720575940617828731|720575940623388237|720575940631848791|720575940636730694|720575940638847104
276,0.276000,10,0,0,2,720575940606123954|720575940609713710|720575940625021796|720575940625415813|720575940626407820|720575940626530456|720575940626768442|720575940628866809|720575940631372369|720575940643558692
277,0.277000,9,2,0,3,720575940611964882|720575940613829900|720575940615612066|720575940616459333|720575940620027515|720575940622303446|720575940622416628|720575940623302988|720575940638850512
278,0.278000,7,1,0,1,720575940605639858|720575940613836438|720575940621074835|720575940622913260|720575940628644239|720575940632736703|720575940633538724
279,0.279000,5,0,1,0,720575940608918830|720575940622265894|720575940623973837|720575940626194428|720575940642855328
280,0.280000,7,0,0,0,720575940624453680|720575940624594726|720575940627653114|720575940631537735|720575940636360811|720575940637644659|720575940638055869
281,0.281000,6,0,0,1,720575940615177099|720575940628557178|720575940632875746|720575940636242778|720575940638832512|720575940658472065
282,0.282000,6,0,0,1,720575940612763158|720575940612920466|720575940617828731|720575940619476126|720575940623260201|720575940631844300
283,0.283000,7,1,0,0,720575940621595888|720575940622772137|720575940625407107|720575940626306321|720575940626469909|720575940627140551|720575940630666404
284,0.284000,10,1,0,1,720575940606123954|720575940610249426|720575940610502851|720575940623758377|720575940624879678|720575940625415813|720575940628493572|720575940628866809|720575940631372369|720575940643558692
285,0.285000,7,0,0,2,720575940605639858|720575940612358642|720575940616459333|720575940622303446|720575940623388237|720575940633538724|720575940638847104
286,0.286000,5,0,0,0,720575940623718119|720575940625021796|720575940625827358|720575940626194428|720575940626407820
287,0.287000,10,1,1,3,720575940603823462|720575940615032495|720575940621074835|720575940622265894|720575940622416628|720575940626768442|720575940628644239|720575940630199963|720575940632736703|720575940642855328
288,0.288000,11,1,1,2,720575940605583136|720575940608722371|720575940609713710|720575940615457938|720575940617244347|720575940621381236|720575940622913260|720575940623302988|720575940624594726|720575940625653223|720575940645909300
289,0.289000,8,0,0,1,720575940608918830|720575940612920466|720575940615177099|720575940619476126|720575940627653114|720575940629902206|720575940631844300|720575940637644659
290,0.290000,13,5,1,1,720575940605827761|720575940612763158|720575940620027515|720575940620571953|720575940624323475|720575940624453680|720575940628802041|720575940632614295|720575940632875746|720575940636242778|720575940638055869|720575940642634532|720575940658101889
291,0.291000,13,5,0,0,720575940610453427|720575940611216099|720575940616569601|720575940617828731|720575940620282906|720575940624879678|720575940625407107|720575940626469909|720575940628557178|720575940633145903|720575940635461550|720575940638832512|720575940658472065
292,0.292000,7,0,0,0,720575940619007296|720575940622772137|720575940625415813|720575940626306321|720575940628866809|720575940629459441|720575940631372369
293,0.293000,6,1,0,2,720575940605639858|720575940610249426|720575940612358642|720575940622303446|720575940623046548|720575940633538724
294,0.294000,12,3,0,3,720575940613690730|720575940616459333|720575940617769851|720575940619296365|720575940623758377|720575940626768442|720575940628644239|720575940630666404|720575940632844002|720575940635978926|720575940641997531|720575940643558692
295,0.295000,8,1,0,0,720575940606123954|720575940622265894|720575940623388237|720575940625021796|720575940626407820|720575940628843458|720575940631848791|720575940632736703
296,0.296000,3,0,1,1,720575940622416628|720575940627653114|720575940642855328
297,0.297000,12,0,0,3,720575940608918830|720575940609713710|720575940610502851|720575940612763158|720575940619476126|720575940620027515|720575940622913260|720575940623302988|720575940624453680|720575940626194428|720575940631844300|720575940636242778
298,0.298000,5,0,0,0,720575940603823462|720575940615177099|720575940621074835|720575940624594726|720575940638055869
299,0.299000,12,1,1,1,720575940617828731|720575940619845547|720575940624879678|720575940625351354|720575940625407107|720575940625587642|720575940625968115|720575940626806026|720575940631372369|720575940632875746|720575940633145903|720575940638847104
300,0.300000,3,0,0,1,720575940612920466|720575940622303446|720575940628557178
301,0.301000,6,0,0,1,720575940612358642|720575940626306321|720575940628866809|720575940633538724|720575940643558692|720575940658472065
302,0.302000,13,1,0,3,720575940606123954|720575940615612066|720575940616459333|720575940623388237|720575940623758377|720575940626469909|720575940626768442|720575940628644239|720575940630666404|720575940632736703|720575940636730694|720575940637644659|720575940638832512
303,0.303000,6,0,0,0,720575940605639858|720575940622265894|720575940622772137|720575940625021796|720575940625415813|720575940626407820
304,0.304000,4,0,1,0,720575940608918830|720575940627653114|720575940636242778|720575940642855328
305,0.305000,6,0,0,2,720575940609713710|720575940610249426|720575940612763158|720575940622416628|720575940622913260|720575940623260201
306,0.306000,7,0,0,1,720575940603823462|720575940610502851|720575940617828731|720575940619476126|720575940623302988|720575940624453680|720575940638055869
307,0.307000,6,0,0,1,720575940621074835|720575940624594726|720575940625407107|720575940626194428|720575940631844300|720575940634407520
308,0.308000,11,1,0,1,720575940612920466|720575940615177099|720575940615457938|720575940624879678|720575940625827358|720575940626010554|720575940626530456|720575940627140551|720575940631372369|720575940632875746|720575940638847104
309,0.309000,10,3,0,0,720575940608140380|720575940613829900|720575940617244347|720575940621595888|720575940623718119|720575940626306321|720575940628866809|720575940631125036|720575940633719487|720575940636360811
310,0.310000,10,1,0,3,720575940604801993|720575940622303446|720575940623388237|720575940623758377|720575940623973837|720575940625021796|720575940628557178|720575940628644239|720575940632736703|720575940643558692
311,0.311000,10,2,1,1,720575940606123954|720575940622265894|720575940625653223|720575940626469909|720575940626768442|720575940631708836|720575940633538724|720575940638832512|720575940638850512|720575940658472065
312,0.312000,8,1,0,1,720575940608918830|720575940612358642|720575940620020694|720575940621381236|720575940625415813|720575940629902206|720575940630666404|720575940645909300
313,0.313000,7,1,2,0,720575940605639858|720575940613836438|720575940620027515|720575940620571953|720575940622772137|720575940624323475|720575940642855328
314,0.314000,4,0,0,0,720575940610249426|720575940624453680|720575940626407820|720575940636242778
315,0.315000,16,1,0,3,720575940605583136|720575940609713710|720575940610502851|720575940616459333|720575940617828731|720575940619007296|720575940622913260|720575940623302988|720575940624879678|720575940627653114|720575940629459441|720575940631844300|720575940633145903|720575940638055869|720575940642634532|720575940644765463
316,0.316000,11,2,0,1,720575940603823462|720575940612763158|720575940615032495|720575940621074835|720575940622416628|720575940624594726|720575940631848791|720575940635427982|720575940637644659|720575940638847104|720575940660921985
317,0.317000,6,2,0,0,720575940612920466|720575940619476126|720575940623852873|720575940625021796|720575940628843458|720575940628866809
318,0.318000,8,0,0,3,720575940615177099|720575940623388237|720575940623758377|720575940626469909|720575940628644239|720575940631372369|720575940632875746|720575940633538724
319,0.319000,5,0,0,2,720575940622303446|720575940625407107|720575940626306321|720575940626768442|720575940638832512
320,0.320000,5,0,0,0,720575940622265894|720575940625415813|720575940632736703|720575940643558692|720575940658472065
321,0.321000,5,1,0,0,720575940610453427|720575940613690730|720575940622772137|720575940626194428|720575940628557178
322,0.322000,7,1,0,1,720575940616459333|720575940616569601|720575940624453680|720575940630666404|720575940631844300|720575940636242778|720575940638055869
323,0.323000,8,0,0,1,720575940603823462|720575940605639858|720575940610502851|720575940611964882|720575940612358642|720575940617828731|720575940621074835|720575940622913260
324,0.324000,10,0,1,2,720575940606123954|720575940609713710|720575940610249426|720575940612763158|720575940620027515|720575940623302988|720575940624594726|720575940624879678|720575940626407820|720575940642855328
325,0.325000,7,1,0,1,720575940619296365|720575940625968115|720575940626530456|720575940627653114|720575940632875746|720575940637644659|720575940638847104
326,0.326000,10,1,0,2,720575940615612066|720575940619476126|720575940623388237|720575940623758377|720575940625021796|720575940626306321|720575940626768442|720575940628802041|720575940633145903|720575940641997531
327,0.327000,5,1,0,3,720575940608918830|720575940622303446|720575940622416628|720575940628644239|720575940632844002
328,0.328000,7,0,0,0,720575940615177099|720575940623260201|720575940628866809|720575940631372369|720575940633538724|720575940638832512|720575940658472065
329,0.329000,11,2,0,0,720575940612920466|720575940615457938|720575940622772137|720575940623046548|720575940623718119|720575940624453680|720575940624784280|720575940625827358|720575940632736703|720575940638055869|720575940643558692
330,0.330000,4,0,0,0,720575940617244347|720575940622265894|720575940628557178|720575940631537735
331,0.331000,5,0,0,0,720575940605639858|720575940606123954|720575940612763158|720575940617828731|720575940622913260
332,0.332000,11,0,2,2,720575940610502851|720575940621074835|720575940625587642|720575940625653223|720575940626194428|720575940626407820|720575940630666404|720575940631844300|720575940632875746|720575940636242778|720575940642855328
333,0.333000,6,0,0,1,720575940609713710|720575940616459333|720575940624594726|720575940625021796|720575940625415813|720575940626469909
334,0.334000,7,1,0,2,720575940610249426|720575940622416628|720575940623302988|720575940624879678|720575940625407107|720575940627653114|720575940636730694
335,0.335000,2,0,0,1,720575940622303446|720575940626306321
336,0.336000,8,2,0,3,720575940608722371|720575940612358642|720575940621381236|720575940623758377|720575940626768442|720575940627140551|720575940628866809|720575940631372369
337,0.337000,9,0,2,1,720575940603823462|720575940619845547|720575940623388237|720575940624323475|720575940624453680|720575940626806026|720575940628644239|720575940636360811|720575940638847104
338,0.338000,8,0,0,0,720575940608918830|720575940615177099|720575940619007296|720575940619476126|720575940620571953|720575940622265894|720575940628557178|720575940643558692
339,0.339000,14,1,0,0,720575940606123954|720575940620027515|720575940621595888|720575940622772137|720575940622913260|720575940626194428|720575940629902206|720575940632736703|720575940633538724|720575940635461550|720575940636242778|720575940637644659|720575940638055869|720575940658472065
340,0.340000,9,1,1,0,720575940605639858|720575940612763158|720575940617828731|720575940625351354|720575940630666404|720575940631848791|720575940633145903|720575940638832512|720575940642855328
341,0.341000,7,0,0,2,720575940609713710|720575940612920466|720575940615460754|720575940623973837|720575940626407820|720575940627653114|720575940632875746
342,0.342000,13,4,0,2,720575940610502851|720575940613829900|720575940616459333|720575940617769851|720575940622303446|720575940624594726|720575940625415813|720575940626469909|720575940628493572|720575940629459441|720575940631844300|720575940642634532|720575940645909300
343,0.343000,4,1,0,2,720575940612358642|720575940621074835|720575940622416628|720575940631125036
344,0.344000,6,1,0,0,720575940623388237|720575940625021796|720575940625407107|720575940626306321|720575940628843458|720575940631372369
345,0.345000,8,1,0,1,720575940605583136|720575940610249426|720575940622265894|720575940623302988|720575940624453680|720575940624879678|720575940628866809|720575940633719487
346,0.346000,6,0,0,1,720575940603823462|720575940608918830|720575940621854563|720575940623758377|720575940626194428|720575940628557178
347,0.347000,6,1,0,1,720575940619476126|720575940620282906|720575940624130253|720575940628644239|720575940632736703|720575940636242778
348,0.348000,11,1,0,0,720575940606123954|720575940613690730|720575940615177099|720575940622772137|720575940626010554|720575940630666404|720575940637644659|720575940638055869|720575940638832512|720575940638850512|720575940643558692
349,0.349000,9,1,0,1,720575940610453427|720575940615457938|720575940617828731|720575940620027515|720575940626407820|720575940626768442|720575940627653114|720575940633538724|720575940658472065
350,0.350000,9,0,0,3,720575940612358642|720575940612920466|720575940616459333|720575940622416628|720575940625968115|720575940626530456|720575940632875746|720575940633145903|720575940638847104
351,0.351000,10,1,2,1,720575940610502851|720575940617244347|720575940620020694|720575940622303446|720575940622913260|720575940623718119|720575940624594726|720575940625415813|720575940625653223|720575940642855328
352,0.352000,14,1,0,1,720575940605639858|720575940609713710|720575940612763158|720575940615032495|720575940615612066|720575940621074835|720575940622265894|720575940623260201|720575940623388237|720575940625407107|720575940625827358|720575940626469909|720575940631372369|720575940632614295
353,0.353000,4,1,0,1,720575940610249426|720575940616569601|720575940623302988|720575940624879678
354,0.354000,5,0,0,1,720575940603823462|720575940625021796|720575940626194428|720575940628866809|720575940631844300
355,0.355000,3,1,0,1,720575940619476126|720575940628644239|720575940631708836
356,0.356000,4,0,0,0,720575940624453680|720575940626306321|720575940636242778|720575940638832512
357,0.357000,7,0,0,2,720575940606123954|720575940615177099|720575940626768442|720575940627653114|720575940632875746|720575940638055869|720575940658472065
358,0.358000,7,0,0,3,720575940612358642|720575940616459333|720575940622416628|720575940623758377|720575940628557178|720575940630666404|720575940643558692
359,0.359000,10,1,2,0,720575940608918830|720575940611216099|720575940617828731|720575940620571953|720575940621074835|720575940622913260|720575940623973837|720575940624323475|720575940626407820|720575940642855328
360,0.360000,9,2,0,1,720575940605639858|720575940609713710|720575940610249426|720575940610502851|720575940612763158|720575940613836438|720575940633538724|720575940636730694|720575940637644659
361,0.361000,5,0,0,0,720575940603823462|720575940622265894|720575940624879678|720575940625021796|720575940638847104
362,0.362000,13,0,0,3,720575940620027515|720575940622303446|720575940622772137|720575940623388237|720575940624594726|720575940625407107|720575940625415813|720575940626194428|720575940626469909|720575940628644239|720575940631372369|720575940631844300|720575940632736703
363,0.363000,7,3,0,1,720575940604801993|720575940612920466|720575940619296365|720575940623302988|720575940624453680|720575940628802041|720575940628866809
364,0.364000,10,3,0,0,720575940605827761|720575940615177099|720575940619476126|720575940621381236|720575940627140551|720575940632844002|720575940635978926|720575940636360811|720575940638832512|720575940658472065
365,0.365000,9,2,0,1,720575940606123954|720575940623046548|720575940626806026|720575940628557178|720575940630199963|720575940632875746|720575940633145903|720575940636242778|720575940641997531
366,0.366000,6,0,1,0,720575940616459333|720575940621595888|720575940625653223|720575940627653114|720575940629459441|720575940631848791
367,0.367000,11,1,0,3,720575940617828731|720575940619007296|720575940621074835|720575940622416628|720575940623758377|720575940626306321|720575940626407820|720575940626768442|720575940630666404|720575940638055869|720575940642634532
368,0.368000,11,1,2,0,720575940608918830|720575940612763158|720575940615457938|720575940619845547|720575940622913260|720575940625021796|720575940629902206|720575940634407520|720575940637644659|720575940642855328|720575940658101889
369,0.369000,9,0,0,2,720575940609713710|720575940610502851|720575940612358642|720575940622265894|720575940623388237|720575940631372369|720575940638847104|720575940643558692|720575940645909300
370,0.370000,4,0,0,1,720575940605639858|720575940622303446|720575940625407107|720575940626469909
371,0.371000,8,0,0,2,720575940610249426|720575940617244347|720575940620027515|720575940622772137|720575940623302988|720575940624879678|720575940626194428|720575940628644239
372,0.372000,11,1,0,1,720575940605583136|720575940612920466|720575940615177099|720575940619476126|720575940624453680|720575940624594726|720575940628843458|720575940631537735|720575940631844300|720575940632598343|720575940638832512
373,0.373000,12,1,0,1,720575940615032495|720575940616459333|720575940623718119|720575940625415813|720575940625827358|720575940626137895|720575940627653114|720575940632736703|720575940632875746|720575940633538724|720575940636242778|720575940658472065
374,0.374000,8,1,0,0,720575940603823462|720575940613690730|720575940613829900|720575940617828731|720575940623260201|720575940626306321|720575940628557178|720575940628866809
375,0.375000,3,0,0,1,720575940606123954|720575940626768442|720575940638055869
376,0.376000,7,1,0,1,720575940612763158|720575940615612066|720575940623388237|720575940623758377|720575940624784280|720575940626407820|720575940638847104
377,0.377000,5,0,1,0,720575940622265894|720575940625021796|720575940626469909|720575940633145903|720575940642855328
378,0.378000,12,1,0,4,720575940608918830|720575940609713710|720575940610453427|720575940610502851|720575940620571953|720575940622303446|720575940622416628|720575940622913260|720575940623302988|720575940630666404|720575940631372369|720575940643558692
379,0.379000,4,0,0,1,720575940605639858|720575940615177099|720575940626530456|720575940628644239
380,0.380000,8,1,1,1,720575940612358642|720575940621381236|720575940624323475|720575940624453680|720575940624879678|720575940625587642|720575940625968115|720575940631125036
381,0.381000,5,0,0,1,720575940610249426|720575940616459333|720575940627653114|720575940632875746|720575940638832512
382,0.382000,12,2,0,0,720575940608722371|720575940612920466|720575940621074835|720575940622772137|720575940624594726|720575940625407107|720575940625415813|720575940626194428|720575940626306321|720575940628557178|720575940633719487|720575940637644659
383,0.383000,11,0,0,2,720575940606123954|720575940617828731|720575940619476126|720575940623388237|720575940626407820|720575940626768442|720575940631844300|720575940632736703|720575940636242778|720575940638847104|720575940658472065
384,0.384000,8,1,0,1,720575940603823462|720575940612763158|720575940620027515|720575940623758377|720575940625351354|720575940628866809|720575940633538724|720575940638055869
385,0.385000,3,0,0,0,720575940622265894|720575940625021796|720575940626469909
386,0.386000,4,0,1,1,720575940609713710|720575940622913260|720575940625653223|720575940631372369
387,0.387000,7,0,0,2,720575940610502851|720575940611964882|720575940622303446|720575940623302988|720575940630666404|720575940631848791|720575940643558692
388,0.388000,11,1,0,2,720575940605639858|720575940608140380|720575940610249426|720575940615177099|720575940615457938|720575940622416628|720575940624453680|720575940624879678|720575940626010554|720575940628644239|720575940638850512
389,0.389000,7,2,1,0,720575940612920466|720575940616459333|720575940616569601|720575940623852873|720575940625415813|720575940628557178|720575940642855328
390,0.390000,11,0,0,0,720575940608918830|720575940623388237|720575940625407107|720575940626306321|720575940626407820|720575940633145903|720575940636242778|720575940636360811|720575940637644659|720575940638832512|720575940658472065
391,0.391000,9,0,0,4,720575940612358642|720575940619476126|720575940621074835|720575940622772137|720575940623758377|720575940626194428|720575940627653114|720575940631844300|720575940632875746
392,0.392000,11,3,0,1,720575940603823462|720575940606123954|720575940617828731|720575940620020694|720575940623973837|720575940624594726|720575940626768442|720575940627140551|720575940629459441|720575940635461550|720575940638055869
393,0.393000,9,0,0,0,720575940612763158|720575940617244347|720575940622265894|720575940622913260|720575940623718119|720575940625021796|720575940625827358|720575940628866809|720575940632736703
394,0.394000,6,1,0,0,720575940610502851|720575940620282906|720575940621595888|720575940630666404|720575940633538724|720575940638847104
395,0.395000,4,2,0,0,720575940628802041|720575940631372369|720575940636730694|720575940643558692
396,0.396000,10,2,0,2,720575940609713710|720575940610249426|720575940616459333|720575940619007296|720575940626806026|720575940628557178|720575940628644239|720575940631708836|720575940642634532|720575940645909300
397,0.397000,14,4,1,0,720575940612920466|720575940613836438|720575940615177099|720575940617769851|720575940620027515|720575940623260201|720575940624453680|720575940626407820|720575940626469909|720575940628493572|720575940628843458|720575940629902206|720575940641997531|720575940642855328
398,0.398000,10,1,0,1,720575940605639858|720575940608918830|720575940619296365|720575940623302988|720575940623388237|720575940625415813|720575940627653114|720575940636242778|720575940644765463|720575940658472065
399,0.399000,12,1,1,1,720575940615460754|720575940615612066|720575940617828731|720575940619476126|720575940621074835|720575940621381236|720575940622772137|720575940624323475|720575940626194428|720575940631844300|720575940632844002|720575940638832512
400,0.400000,8,0,0,2,720575940605583136|720575940612358642|720575940615032495|720575940620571953|720575940622416628|720575940624879678|720575940625407107|720575940638055869
401,0.401000,9,0,1,0,720575940603823462|720575940606123954|720575940610502851|720575940619845547|720575940622265894|720575940625968115|720575940626306321|720575940628866809|720575940633145903
402,0.402000,11,4,0,1,720575940610453427|720575940612763158|720575940613690730|720575940613829900|720575940623046548|720575940626530456|720575940630666404|720575940632614295|720575940632875746|720575940637644659|720575940643558692
403,0.403000,9,1,0,2,720575940604801993|720575940616459333|720575940623758377|720575940624594726|720575940628644239|720575940631372369|720575940632736703|720575940635978926|720575940638847104
404,0.404000,4,0,0,1,720575940626407820|720575940626768442|720575940628557178|720575940633538724
405,0.405000,9,0,1,0,720575940610249426|720575940612920466|720575940615457938|720575940620027515|720575940621854563|720575940622913260|720575940625021796|720575940625653223|720575940658472065
406,0.406000,6,0,0,2,720575940609713710|720575940615177099|720575940619476126|720575940621074835|720575940622303446|720575940627653114
407,0.407000,8,0,1,0,720575940605639858|720575940617828731|720575940623388237|720575940625415813|720575940626469909|720575940636242778|720575940638832512|720575940642855328
408,0.408000,6,0,0,2,720575940603823462|720575940608918830|720575940623302988|720575940624453680|720575940631844300|720575940631848791
409,0.409000,5,0,0,1,720575940606123954|720575940610502851|720575940622416628|720575940624879678|720575940638055869
410,0.410000,3,0,0,1,720575940626194428|720575940631537735|720575940632875746
411,0.411000,9,0,0,0,720575940612763158|720575940622772137|720575940628866809|720575940630666404|720575940632736703|720575940633145903|720575940637644659|720575940638847104|720575940643558692
412,0.412000,9,1,0,2,720575940611216099|720575940612358642|720575940622265894|720575940625407107|720575940626407820|720575940626768442|720575940629459441|720575940631372369|720575940633538724
413,0.413000,8,1,0,1,720575940605827761|720575940612920466|720575940615177099|720575940616459333|720575940623718119|720575940623758377|720575940624594726|720575940658472065
414,0.414000,11,0,0,2,720575940605639858|720575940617244347|720575940619476126|720575940622303446|720575940625415813|720575940625827358|720575940626306321|720575940627653114|720575940628557178|720575940628644239|720575940629902206
415,0.415000,7,0,0,1,720575940603823462|720575940609713710|720575940610249426|720575940617828731|720575940625021796|720575940636242778|720575940638832512
416,0.416000,3,0,0,0,720575940623388237|720575940626469909|720575940638055869
417,0.417000,2,1,0,1,720575940623302988|720575940627140551
418,0.418000,6,0,0,1,720575940608918830|720575940621074835|720575940622913260|720575940624453680|720575940624879678|720575940631844300
419,0.419000,9,2,1,0,720575940606123954|720575940621381236|720575940623260201|720575940624784280|720575940625351354|720575940631372369|720575940636360811|720575940642855328|720575940643558692
420,0.420000,10,1,1,2,720575940610502851|720575940612358642|720575940622416628|720575940623973837|720575940624323475|720575940626407820|720575940628866809|720575940630199963|720575940633538724|720575940638847104
421,0.421000,6,0,0,1,720575940612763158|720575940615177099|720575940619007296|720575940626306321|720575940626768442|720575940626806026
422,0.422000,11,1,0,1,720575940616459333|720575940622265894|720575940622772137|720575940623758377|720575940625407107|720575940628557178|720575940636242778|720575940637644659|720575940638832512|720575940638850512|720575940658472065
423,0.423000,11,1,0,2,720575940612920466|720575940617828731|720575940619476126|720575940620027515|720575940621595888|720575940622303446|720575940626010554|720575940631125036|720575940632736703|720575940632875746|720575940645909300
424,0.424000,7,0,0,1,720575940603823462|720575940605639858|720575940625021796|720575940626194428|720575940628644239|720575940630666404|720575940638055869
425,0.425000,8,3,1,1,720575940609713710|720575940615457938|720575940624594726|720575940625653223|720575940628843458|720575940633145903|720575940636730694|720575940642634532
426,0.426000,11,3,0,0,720575940608722371|720575940610249426|720575940615612066|720575940616569601|720575940622913260|720575940623388237|720575940624879678|720575940625415813|720575940626469909|720575940633719487|720575940641997531
427,0.427000,9,1,0,1,720575940606123954|720575940608918830|720575940620571953|720575940624453680|720575940625587642|720575940626407820|720575940627653114|720575940628802041|720575940631844300
428,0.428000,9,0,1,1,720575940610502851|720575940612358642|720575940612763158|720575940626306321|720575940628866809|720575940633538724|720575940634407520|720575940642855328|720575940643558692
429,0.429000,4,0,0,1,720575940616459333|720575940621074835|720575940626768442|720575940631372369
430,0.430000,7,0,0,2,720575940605583136|720575940615177099|720575940623302988|720575940623758377|720575940637644659|720575940638832512|720575940638847104
431,0.431000,9,2,0,0,720575940610453427|720575940612920466|720575940619476126|720575940620020694|720575940622265894|720575940626530456|720575940628557178|720575940636242778|720575940658472065
432,0.432000,6,0,0,1,720575940613690730|720575940620027515|720575940622416628|720575940625968115|720575940630666404|720575940632736703
433,0.433000,10,0,0,2,720575940603823462|720575940605639858|720575940609713710|720575940610249426|720575940622772137|720575940623388237|720575940624879678|720575940631848791|720575940632875746|720575940638055869
434,0.434000,13,3,0,2,720575940606123954|720575940611964882|720575940613829900|720575940613836438|720575940617828731|720575940623718119|720575940625021796|720575940625415813|720575940626194428|720575940626469909|720575940628644239|720575940631844300|720575940635461550
435,0.435000,11,3,0,1,720575940617244347|720575940619296365|720575940622303446|720575940622913260|720575940623046548|720575940625827358|720575940626407820|720575940627653114|720575940628866809|720575940631708836|720575940633145903
436,0.436000,3,1,0,1,720575940612358642|720575940620282906|720575940624453680
437,0.437000,9,1,2,2,720575940610502851|720575940612763158|720575940616459333|720575940619845547|720575940623302988|720575940626768442|720575940632844002|720575940642855328|720575940643558692
438,0.438000,4,0,0,0,720575940615032495|720575940615177099|720575940624594726|720575940638847104
439,0.439000,5,0,0,0,720575940631372369|720575940633538724|720575940637644659|720575940638832512|720575940658472065
440,0.440000,4,0,0,2,720575940612920466|720575940623758377|720575940632875746|720575940636242778
441,0.441000,10,0,0,2,720575940605639858|720575940609713710|720575940619476126|720575940621074835|720575940621381236|720575940622416628|720575940622772137|720575940623388237|720575940626306321|720575940632598343
442,0.442000,10,0,0,1,720575940617828731|720575940620027515|720575940622265894|720575940623260201|720575940624879678|720575940625407107|720575940628557178|720575940631844300|720575940636360811|720575940638055869
443,0.443000,7,0,1,0,720575940606123954|720575940608918830|720575940610249426|720575940622913260|720575940624323475|720575940629902206|720575940635978926
444,0.444000,6,0,1,1,720575940603823462|720575940622303446|720575940625021796|720575940626469909|720575940632736703|720575940642855328
445,0.445000,6,0,0,2,720575940610502851|720575940612358642|720575940625415813|720575940627653114|720575940628644239|720575940630666404
446,0.446000,10,0,0,1,720575940612763158|720575940615457938|720575940623302988|720575940624130253|720575940624594726|720575940626194428|720575940626407820|720575940631372369|720575940638832512|720575940638847104
447,0.447000,7,0,1,2,720575940616459333|720575940625653223|720575940626768442|720575940632875746|720575940637644659|720575940643558692|720575940658472065
448,0.448000,5,1,0,1,720575940615177099|720575940623758377|720575940627140551|720575940628866809|720575940633145903
449,0.449000,8,0,0,1,720575940612920466|720575940622416628|720575940623388237|720575940624453680|720575940625407107|720575940633538724|720575940636242778|720575940638055869
450,0.450000,6,0,0,1,720575940610249426|720575940621074835|720575940622265894|720575940622772137|720575940629459441|720575940631844300
451,0.451000,6,0,0,0,720575940615612066|720575940617828731|720575940619476126|720575940624879678|720575940626306321|720575940628557178
452,0.452000,5,0,0,1,720575940609713710|720575940621595888|720575940625415813|720575940630666404|720575940632736703
453,0.453000,8,0,0,2,720575940603823462|720575940605639858|720575940608918830|720575940612763158|720575940622303446|720575940622913260|720575940625021796|720575940628644239
454,0.454000,7,0,0,1,720575940612358642|720575940620571953|720575940624594726|720575940626194428|720575940626469909|720575940638832512|720575940645909300
455,0.455000,9,1,0,2,720575940606123954|720575940610502851|720575940616459333|720575940619007296|720575940623302988|720575940626407820|720575940626768442|720575940628843458|720575940658472065
456,0.456000,8,0,1,1,720575940623718119|720575940625827358|720575940627653114|720575940631372369|720575940632875746|720575940638847104|720575940642855328|720575940643558692
457,0.457000,7,1,0,1,720575940604801993|720575940617244347|720575940622416628|720575940623388237|720575940625407107|720575940628866809|720575940633538724
458,0.458000,9,0,0,1,720575940615177099|720575940622265894|720575940622772137|720575940623758377|720575940624453680|720575940626306321|720575940636242778|720575940637644659|720575940638055869
459,0.459000,5,2,0,1,720575940612920466|720575940631844300|720575940641997531|720575940642634532|720575940658101889
460,0.460000,10,1,0,1,720575940603823462|720575940605639858|720575940617828731|720575940621074835|720575940621381236|720575940623973837|720575940628557178|720575940628644239|720575940628802041|720575940629902206
461,0.461000,12,3,0,0,720575940605583136|720575940613690730|720575940619476126|720575940620027515|720575940622913260|720575940625351354|720575940625415813|720575940626806026|720575940630666404|720575940631125036|720575940632736703|720575940636730694
462,0.462000,11,3,0,2,720575940608918830|720575940610249426|720575940612358642|720575940617769851|720575940625021796|720575940626194428|720575940626530456|720575940626768442|720575940631848791|720575940633719487|720575940638850512
463,0.463000,9,4,1,0,720575940610453427|720575940612763158|720575940613836438|720575940616569601|720575940624323475|720575940624879678|720575940626469909|720575940628493572|720575940644765463
464,0.464000,12,2,1,1,720575940610502851|720575940611216099|720575940615460754|720575940622416628|720575940624594726|720575940627653114|720575940631372369|720575940632614295|720575940633145903|720575940638832512|720575940642855328|720575940658472065
465,0.465000,7,0,0,3,720575940606123954|720575940622265894|720575940622303446|720575940623302988|720575940624453680|720575940626306321|720575940632875746
466,0.466000,9,0,0,1,720575940609713710|720575940616459333|720575940623260201|720575940625587642|720575940625968115|720575940626010554|720575940626407820|720575940628866809|720575940636242778
467,0.467000,11,0,2,1,720575940612920466|720575940615457938|720575940619845547|720575940623388237|720575940625407107|720575940625653223|720575940631844300|720575940637644659|720575940638055869|720575940638847104|720575940643558692
468,0.468000,5,2,0,0,720575940613829900|720575940615177099|720575940620020694|720575940620027515|720575940633538724
469,0.469000,6,2,0,0,720575940605639858|720575940608722371|720575940617828731|720575940621074835|720575940623852873|720575940628557178
470,0.470000,11,1,0,1,720575940603823462|720575940608918830|720575940612763158|720575940615032495|720575940619476126|720575940625021796|720575940625415813|720575940628644239|720575940630199963|720575940630666404|720575940632736703
471,0.471000,7,1,0,0,720575940610249426|720575940610502851|720575940620571953|720575940631537735|720575940632844002|720575940638832512|720575940658472065
472,0.472000,9,0,1,3,720575940606123954|720575940612358642|720575940622416628|720575940623758377|720575940624453680|720575940624594726|720575940627653114|720575940631372369|720575940642855328
473,0.473000,6,0,0,1,720575940608140380|720575940622913260|720575940624879678|720575940626194428|720575940626306321|720575940626768442
474,0.474000,13,2,0,3,720575940612920466|720575940616459333|720575940619296365|720575940622265894|720575940622772137|720575940623302988|720575940626469909|720575940627140551|720575940629459441|720575940631844300|720575940632875746|720575940636242778|720575940638847104
475,0.475000,9,0,0,1,720575940609713710|720575940615177099|720575940615612066|720575940626407820|720575940628866809|720575940633145903|720575940637644659|720575940638055869|720575940643558692
476,0.476000,10,2,0,0,720575940620027515|720575940621074835|720575940621854563|720575940623046548|720575940623388237|720575940623718119|720575940624784280|720575940625827358|720575940628557178|720575940631848791
477,0.477000,7,1,0,1,720575940612763158|720575940617828731|720575940621595888|720575940622303446|720575940625407107|720575940631708836|720575940635978926
478,0.478000,10,2,0,1,720575940605639858|720575940617244347|720575940620282906|720575940628644239|720575940630666404|720575940632736703|720575940633538724|720575940635427982|720575940645909300|720575940658472065
479,0.479000,12,1,0,2,720575940603823462|720575940606123954|720575940608918830|720575940610249426|720575940612358642|720575940619476126|720575940622416628|720575940625021796|720575940625415813|720575940628843458|720575940636360811|720575940638832512
480,0.480000,2,0,1,0,720575940622913260|720575940642855328
481,0.481000,4,0,0,2,720575940610502851|720575940623758377|720575940626768442|720575940631372369
482,0.482000,10,0,0,2,720575940612920466|720575940615177099|720575940621381236|720575940623302988|720575940624594726|720575940626194428|720575940626306321|720575940626469909|720575940629902206|720575940631844300
483,0.483000,7,1,0,0,720575940605827761|720575940622265894|720575940622772137|720575940624453680|720575940626530456|720575940638055869|720575940640026045
484,0.484000,12,1,0,1,720575940609713710|720575940612763158|720575940619007296|720575940621074835|720575940624879678|720575940626137895|720575940626407820|720575940628866809|720575940634407520|720575940636242778|720575940637586751|720575940643558692
485,0.485000,3,0,0,0,720575940616459333|720575940633145903|720575940637644659
486,0.486000,8,0,2,1,720575940608918830|720575940610249426|720575940623388237|720575940624323475|720575940625407107|720575940625653223|720575940628644239|720575940630666404
487,0.487000,14,0,0,3,720575940605583136|720575940606123954|720575940612358642|720575940613690730|720575940615457938|720575940617828731|720575940622416628|720575940625021796|720575940627653114|720575940628557178|720575940632875746|720575940638832512|720575940638847104|720575940658472065
488,0.488000,6,0,0,0,720575940603823462|720575940620027515|720575940623260201|720575940625415813|720575940632736703|720575940633538724
489,0.489000,3,0,1,1,720575940622913260|720575940623302988|720575940642855328
490,0.490000,8,0,0,1,720575940615177099|720575940619476126|720575940622303446|720575940622772137|720575940624594726|720575940626194428|720575940626306321|720575940631372369
491,0.491000,8,0,0,3,720575940610502851|720575940612920466|720575940623758377|720575940626469909|720575940626768442|720575940631844300|720575940636242778|720575940638055869
492,0.492000,4,0,0,1,720575940605639858|720575940609713710|720575940626407820|720575940628866809
493,0.493000,6,1,0,0,720575940621074835|720575940622265894|720575940623388237|720575940624453680|720575940637644659|720575940642634532
494,0.494000,5,0,0,1,720575940610249426|720575940612763158|720575940616459333|720575940622416628|720575940624879678
495,0.495000,7,1,0,0,720575940608918830|720575940617828731|720575940625415813|720575940627653114|720575940628802041|720575940630666404|720575940638832512
496,0.496000,7,0,0,2,720575940612358642|720575940625021796|720575940632736703|720575940632875746|720575940633538724|720575940643558692|720575940658472065
497,0.497000,8,1,1,0,720575940603823462|720575940606123954|720575940615032495|720575940625407107|720575940628557178|720575940636730694|720575940638847104|720575940642855328
498,0.498000,5,0,0,1,720575940619476126|720575940623302988|720575940623718119|720575940625827358|720575940638055869
499,0.499000,13,2,0,1,720575940605639858|720575940609713710|720575940610453427|720575940613836438|720575940617244347|720575940622772137|720575940624594726|720575940626306321|720575940626407820|720575940626806026|720575940629459441|720575940636242778|720575940641997531
500,0.500000,9,2,1,2,720575940604801993|720575940610502851|720575940612920466|720575940615177099|720575940619845547|720575940627140551|720575940628644239|720575940628866809|720575940631844300
501,0.501000,13,1,0,1,720575940615612066|720575940620571953|720575940621074835|720575940622265894|720575940622913260|720575940623973837|720575940624453680|720575940626469909|720575940626768442|720575940631372369|720575940633719487|720575940636360811|720575940637644659
502,0.502000,7,3,0,2,720575940613829900|720575940616569601|720575940622303446|720575940623758377|720575940626194428|720575940635461550|720575940638832512
503,0.503000,9,3,0,0,720575940617828731|720575940621381236|720575940623388237|720575940624879678|720575940625351354|720575940625968115|720575940631125036|720575940633145903|720575940638850512
504,0.504000,15,2,1,1,720575940608918830|720575940612763158|720575940619296365|720575940620027515|720575940625021796|720575940625407107|720575940625415813|720575940625653223|720575940627653114|720575940629902206|720575940630666404|720575940631848791|720575940632736703|720575940632844002|720575940632875746
505,0.505000,7,0,1,0,720575940603823462|720575940616459333|720575940621595888|720575940624323475|720575940633538724|720575940635978926|720575940643558692
506,0.506000,15,3,0,1,720575940605639858|720575940610249426|720575940615460754|720575940619007296|720575940622416628|720575940623046548|720575940624594726|720575940626010554|720575940626306321|720575940626530456|720575940628843458|720575940632614295|720575940638847104|720575940645909300|720575940658472065
507,0.507000,5,1,0,2,720575940612358642|720575940615457938|720575940617769851|720575940623302988|720575940628866809
508,0.508000,8,0,0,1,720575940606123954|720575940610502851|720575940612920466|720575940615177099|720575940622265894|720575940626407820|720575940631844300|720575940636242778
509,0.509000,7,0,1,1,720575940622772137|720575940622913260|720575940628644239|720575940631372369|720575940637644659|720575940638055869|720575940642855328
510,0.510000,7,1,0,1,720575940620020694|720575940623260201|720575940624453680|720575940626194428|720575940626768442|720575940628557178|720575940638832512
511,0.511000,6,0,0,1,720575940609713710|720575940611964882|720575940623388237|720575940625415813|720575940630666404|720575940633145903
512,0.512000,8,0,0,2,720575940603823462|720575940617828731|720575940619476126|720575940622303446|720575940623758377|720575940624879678|720575940625021796|720575940626469909
513,0.513000,7,1,0,0,720575940608918830|720575940612763158|720575940613690730|720575940621074835|720575940625407107|720575940630199963|720575940633538724
514,0.514000,13,4,0,2,720575940605583136|720575940608722371|720575940610249426|720575940611216099|720575940612358642|720575940616459333|720575940620027515|720575940623302988|720575940624594726|720575940627653114|720575940628493572|720575940631708836|720575940644765463
515,0.515000,4,0,0,2,720575940606123954|720575940622416628|720575940632875746|720575940658472065
516,0.516000,9,0,1,1,720575940612920466|720575940622772137|720575940625587642|720575940626306321|720575940631844300|720575940638055869|720575940638847104|720575940642855328|720575940643558692
517,0.517000,6,1,0,0,720575940605639858|720575940615177099|720575940622265894|720575940622913260|720575940626407820|720575940642634532
518,0.518000,8,0,0,2,720575940609713710|720575940617244347|720575940620571953|720575940626768442|720575940628557178|720575940628866809|720575940636242778|720575940638832512
519,0.519000,10,0,0,0,720575940617828731|720575940623388237|720575940623718119|720575940624453680|720575940625021796|720575940625415813|720575940625827358|720575940626194428|720575940631372369|720575940631537735
520,0.520000,2,0,0,0,720575940603823462|720575940637644659
521,0.521000,9,0,0,3,720575940610502851|720575940612358642|720575940612763158|720575940619476126|720575940622303446|720575940623758377|720575940624879678|720575940630666404|720575940632736703
522,0.522000,5,0,0,2,720575940608918830|720575940622416628|720575940623302988|720575940626469909|720575940633538724
523,0.523000,10,2,1,2,720575940616459333|720575940620027515|720575940622772137|720575940624784280|720575940625407107|720575940628644239|720575940632875746|720575940636730694|720575940642855328|720575940658472065
524,0.524000,6,0,0,0,720575940615032495|720575940615177099|720575940622265894|720575940623973837|720575940626407820|720575940643558692
525,0.525000,7,0,1,1,720575940606123954|720575940615612066|720575940625653223|720575940626806026|720575940627653114|720575940631844300|720575940633145903
526,0.526000,15,3,0,1,720575940605639858|720575940610249426|720575940610453427|720575940620282906|720575940621074835|720575940624453680|720575940626306321|720575940626768442|720575940627140551|720575940628866809|720575940629459441|720575940631372369|720575940636360811|720575940638832512|720575940638847104
527,0.527000,8,2,1,0,720575940612920466|720575940622913260|720575940623852873|720575940624323475|720575940624594726|720575940625415813|720575940628557178|720575940628802041
528,0.528000,4,0,0,0,720575940615457938|720575940626194428|720575940637644659|720575940638055869
529,0.529000,6,0,0,4,720575940610502851|720575940612358642|720575940622303446|720575940622416628|720575940623302988|720575940636242778
530,0.530000,6,0,0,1,720575940608918830|720575940609713710|720575940617828731|720575940621381236|720575940623388237|720575940626469909
531,0.531000,4,0,0,0,720575940612763158|720575940619476126|720575940632736703|720575940658472065
532,0.532000,12,1,0,3,720575940615177099|720575940621595888|720575940622265894|720575940623758377|720575940624879678|720575940626407820|720575940628843458|720575940629902206|720575940631844300|720575940631848791|720575940632875746|720575940633538724
533,0.533000,9,0,0,1,720575940610249426|720575940622772137|720575940625021796|720575940626306321|720575940628644239|720575940630666404|720575940631372369|720575940638847104|720575940643558692
534,0.534000,10,0,0,1,720575940605639858|720575940606123954|720575940612920466|720575940620027515|720575940626768442|720575940627653114|720575940628557178|720575940628866809|720575940638832512|720575940645909300
535,0.535000,8,1,0,0,720575940603823462|720575940613836438|720575940621074835|720575940622913260|720575940623260201|720575940625407107|720575940626530456|720575940633145903
536,0.536000,4,0,1,0,720575940616459333|720575940638055869|720575940641997531|720575940642855328
537,0.537000,9,1,0,2,720575940609713710|720575940612358642|720575940613829900|720575940617828731|720575940619007296|720575940624453680|720575940624594726|720575940625415813|720575940637644659
538,0.538000,7,2,0,1,720575940605827761|720575940610502851|720575940622303446|720575940623388237|720575940626469909|720575940633719487|720575940636242778
539,0.539000,4,0,0,0,720575940612763158|720575940619476126|720575940622265894|720575940626194428
540,0.540000,11,1,0,1,720575940613690730|720575940617244347|720575940623302988|720575940624879678|720575940626306321|720575940626407820|720575940630666404|720575940631125036|720575940631372369|720575940632736703|720575940658472065
541,0.541000,6,0,1,1,720575940619845547|720575940623718119|720575940623758377|720575940625827358|720575940638832512|720575940643558692
542,0.542000,9,0,0,3,720575940606123954|720575940608918830|720575940615177099|720575940622913260|720575940626768442|720575940628644239|720575940632875746|720575940633538724|720575940634407520
543,0.543000,10,0,0,1,720575940605583136|720575940610249426|720575940612920466|720575940620571953|720575940621074835|720575940625021796|720575940625407107|720575940627653114|720575940631844300|720575940638055869
544,0.544000,6,1,0,1,720575940619296365|720575940622416628|720575940622772137|720575940625415813|720575940628557178|720575940638847104
545,0.545000,7,1,2,1,720575940610502851|720575940616459333|720575940622303446|720575940623046548|720575940624453680|720575940625653223|720575940642855328
546,0.546000,6,0,0,1,720575940609713710|720575940617828731|720575940626469909|720575940628866809|720575940636242778|720575940636360811
547,0.547000,8,4,0,1,720575940603823462|720575940612358642|720575940620027515|720575940625351354|720575940632844002|720575940637644659|720575940638850512|720575940642634532
548,0.548000,6,2,0,0,720575940604801993|720575940605639858|720575940612763158|720575940616569601|720575940630666404|720575940638832512
549,0.549000,17,1,1,1,720575940606123954|720575940615612066|720575940619476126|720575940621381236|720575940623388237|720575940624323475|720575940624594726|720575940625587642|720575940626194428|720575940626306321|720575940626407820|720575940627140551|720575940632736703|720575940632875746|720575940633145903|720575940633538724|720575940643558692
550,0.550000,15,1,0,3,720575940608918830|720575940610249426|720575940612920466|720575940615032495|720575940615457938|720575940622265894|720575940622913260|720575940623302988|720575940623758377|720575940625021796|720575940626768442|720575940629459441|720575940635978926|720575940658101889|720575940658472065
551,0.551000,5,0,0,1,720575940621074835|720575940622416628|720575940624879678|720575940625968115|720575940638055869
552,0.552000,7,1,1,1,720575940624130253|720575940626010554|720575940627653114|720575940628644239|720575940631708836|720575940638847104|720575940642855328
553,0.553000,10,0,0,2,720575940610502851|720575940617828731|720575940622303446|720575940622772137|720575940624453680|720575940628557178|720575940629902206|720575940631372369|720575940631844300|720575940636242778
554,0.554000,7,1,0,2,720575940609713710|720575940610453427|720575940612358642|720575940615177099|720575940616459333|720575940619007296|720575940632598343
555,0.555000,4,0,0,0,720575940608140380|720575940620027515|720575940625407107|720575940625415813
556,0.556000,8,1,0,0,720575940603823462|720575940605639858|720575940623973837|720575940626407820|720575940626806026|720575940628843458|720575940630666404|720575940638832512
557,0.557000,10,3,0,0,720575940606123954|720575940608722371|720575940608918830|720575940612763158|720575940621854563|720575940623388237|720575940626306321|720575940626469909|720575940628802041|720575940635461550
558,0.558000,8,1,0,1,720575940620020694|720575940622265894|720575940623260201|720575940624594726|720575940625021796|720575940626768442|720575940633538724|720575940641997531
559,0.559000,10,0,0,3,720575940612920466|720575940619476126|720575940622416628|720575940622913260|720575940623758377|720575940628644239|720575940632736703|720575940638055869|720575940643558692|720575940658472065
560,0.560000,7,0,0,0,720575940610249426|720575940621074835|720575940626194428|720575940627653114|720575940636242778|720575940637644659|720575940638847104
561,0.561000,7,0,0,1,720575940617828731|720575940621595888|720575940622772137|720575940628557178|720575940632875746|720575940633145903|720575940645909300
562,0.562000,8,0,1,3,720575940612358642|720575940615177099|720575940617244347|720575940622303446|720575940623302988|720575940628866809|720575940631848791|720575940642855328
563,0.563000,10,0,0,1,720575940603823462|720575940620571953|720575940623718119|720575940624879678|720575940625415813|720575940625827358|720575940626530456|720575940631537735|720575940631844300|720575940636360811
564,0.564000,6,1,0,1,720575940609713710|720575940610502851|720575940624453680|720575940625407107|720575940631372369|720575940632614295
565,0.565000,3,0,0,0,720575940605639858|720575940608918830|720575940626306321
566,0.566000,10,1,0,1,720575940606123954|720575940612763158|720575940623388237|720575940625021796|720575940626407820|720575940626768442|720575940630666404|720575940632736703|720575940633538724|720575940636730694
567,0.567000,7,0,1,0,720575940612920466|720575940616459333|720575940620027515|720575940622265894|720575940625653223|720575940638832512|720575940643558692
568,0.568000,8,0,0,1,720575940613690730|720575940617828731|720575940624594726|720575940626194428|720575940627653114|720575940628644239|720575940638055869|720575940658472065
569,0.569000,4,0,0,2,720575940612358642|720575940621074835|720575940622416628|720575940622913260
570,0.570000,9,1,1,2,720575940613829900|720575940615177099|720575940619476126|720575940622772137|720575940623302988|720575940632875746|720575940636242778|720575940638847104|720575940642855328
571,0.571000,10,0,0,3,720575940609713710|720575940610502851|720575940615457938|720575940622303446|720575940623758377|720575940624453680|720575940625415813|720575940626469909|720575940628557178|720575940631372369
572,0.572000,4,0,0,0,720575940605583136|720575940610249426|720575940624879678|720575940628866809
573,0.573000,6,0,0,1,720575940623388237|720575940625021796|720575940626407820|720575940631844300|720575940633538724|720575940637644659
574,0.574000,4,0,1,1,720575940615612066|720575940624323475|720575940625407107|720575940626768442
575,0.575000,8,0,0,0,720575940603823462|720575940605639858|720575940622265894|720575940626306321|720575940630666404|720575940632736703|720575940638832512|720575940658472065
576,0.576000,9,3,0,1,720575940608918830|720575940612358642|720575940612763158|720575940612920466|720575940620282906|720575940626194428|720575940631125036|720575940633719487|720575940643558692
577,0.577000,12,3,1,3,720575940613836438|720575940615177099|720575940615460754|720575940617769851|720575940619845547|720575940622416628|720575940624594726|720575940627140551|720575940627653114|720575940628644239|720575940629459441|720575940632875746
578,0.578000,12,1,1,1,720575940606123954|720575940616459333|720575940619476126|720575940621074835|720575940621381236|720575940622303446|720575940622913260|720575940624453680|720575940638055869|720575940638847104|720575940642634532|720575940642855328
579,0.579000,6,1,0,1,720575940609713710|720575940617828731|720575940624784280|720575940625415813|720575940628557178|720575940636242778
580,0.580000,10,3,0,0,720575940610249426|720575940611216099|720575940615032495|720575940619296365|720575940625021796|720575940626806026|720575940628843458|720575940629902206|720575940633145903|720575940636360811
581,0.581000,12,4,0,2,720575940619007296|720575940622772137|720575940623046548|720575940623388237|720575940623758377|720575940623973837|720575940625587642|720575940626137895|720575940631844300|720575940632844002|720575940638850512|720575940644765463
582,0.582000,20,5,0,1,720575940603823462|720575940604801993|720575940610453427|720575940610502851|720575940611964882|720575940620027515|720575940623260201|720575940623302988|720575940623852873|720575940624879678|720575940625407107|720575940625968115|720575940626407820|720575940626469909|720575940628493572|720575940628866809|720575940631372369|720575940631848791|720575940635427982|720575940637644659
583,0.583000,9,2,0,0,720575940605639858|720575940608918830|720575940622265894|720575940625351354|720575940626306321|720575940626530456|720575940630199963|720575940632736703|720575940633538724
584,0.584000,11,1,0,1,720575940615177099|720575940617244347|720575940620571953|720575940622416628|720575940623718119|720575940625827358|720575940626194428|720575940628802041|720575940630666404|720575940638832512|720575940658472065
585,0.585000,5,1,0,1,720575940616569601|720575940622913260|720575940624594726|720575940628644239|720575940643558692
586,0.586000,8,0,2,1,720575940606123954|720575940619476126|720575940625653223|720575940626010554|720575940626768442|720575940627653114|720575940638055869|720575940642855328
587,0.587000,12,1,0,0,720575940605827761|720575940612763158|720575940612920466|720575940616459333|720575940621074835|720575940624453680|720575940625415813|720575940633145903|720575940635978926|720575940636242778|720575940638847104|720575940645909300
588,0.588000,6,0,0,4,720575940609713710|720575940612358642|720575940621595888|720575940623758377|720575940632875746|720575940641997531
589,0.589000,8,0,0,0,720575940615457938|720575940617828731|720575940620027515|720575940623388237|720575940624879678|720575940625021796|720575940628557178|720575940628866809
590,0.590000,6,1,0,2,720575940608918830|720575940610502851|720575940620020694|720575940622303446|720575940623302988|720575940637644659
591,0.591000,8,2,0,0,720575940613690730|720575940622772137|720575940625407107|720575940626306321|720575940626469909|720575940631372369|720575940631708836|720575940636730694
592,0.592000,2,0,0,0,720575940610249426|720575940615177099
593,0.593000,8,0,0,1,720575940603823462|720575940622416628|720575940626194428|720575940626407820|720575940630666404|720575940632736703|720575940638832512|720575940643558692
594,0.594000,9,0,0,2,720575940606123954|720575940612763158|720575940619476126|720575940622265894|720575940625415813|720575940626768442|720575940631844300|720575940638055869|720575940658472065
595,0.595000,5,0,0,1,720575940616459333|720575940627653114|720575940632875746|720575940633538724|720575940638847104
596,0.596000,4,0,0,2,720575940612358642|720575940622913260|720575940623758377|720575940624594726
597,0.597000,5,0,1,0,720575940605639858|720575940624323475|720575940624453680|720575940625021796|720575940636242778
598,0.598000,8,0,0,3,720575940605583136|720575940609713710|720575940612920466|720575940615612066|720575940623302988|720575940623388237|720575940624879678|720575940628644239
599,0.599000,7,1,0,0,720575940608722371|720575940610502851|720575940617828731|720575940621381236|720575940622772137|720575940626469909|720575940628557178
600,0.600000,7,0,1,1,720575940610249426|720575940622303446|720575940625407107|720575940626306321|720575940626407820|720575940631372369|720575940642855328
601,0.601000,7,0,0,1,720575940608918830|720575940612763158|720575940615177099|720575940621074835|720575940626768442|720575940629459441|720575940637644659
602,0.602000,8,1,0,1,720575940606123954|720575940622416628|720575940623973837|720575940633538724|720575940635461550|720575940638055869|720575940643558692|720575940658472065
603,0.603000,4,0,0,0,720575940603823462|720575940625415813|720575940632736703|720575940638847104
604,0.604000,9,2,0,1,720575940612358642|720575940613829900|720575940619476126|720575940620027515|720575940622265894|720575940624594726|720575940627140551|720575940627653114|720575940629902206
605,0.605000,7,0,0,1,720575940623388237|720575940626194428|720575940628866809|720575940630666404|720575940631848791|720575940632875746|720575940638832512
606,0.606000,7,0,0,0,720575940605639858|720575940616459333|720575940623260201|720575940624879678|720575940625827358|720575940634407520|720575940636242778
607,0.607000,18,3,2,3,720575940613836438|720575940617244347|720575940619007296|720575940622303446|720575940622913260|720575940623718119|720575940623758377|720575940624453680|720575940625021796|720575940625653223|720575940626469909|720575940626530456|720575940628843458|720575940631125036|720575940631372369|720575940631844300|720575940633145903|720575940642855328
608,0.608000,8,1,0,1,720575940608918830|720575940610249426|720575940617828731|720575940621074835|720575940622772137|720575940623302988|720575940625407107|720575940658101889
609,0.609000,10,1,0,2,720575940609713710|720575940610502851|720575940612763158|720575940612920466|720575940615177099|720575940626306321|720575940628557178|720575940628644239|720575940631537735|720575940642634532
610,0.610000,9,2,0,0,720575940606123954|720575940610453427|720575940620571953|720575940625415813|720575940626407820|720575940633719487|720575940637644659|720575940638055869|720575940658472065
611,0.611000,4,0,0,2,720575940603823462|720575940622416628|720575940626768442|720575940643558692
612,0.612000,6,0,1,0,720575940615032495|720575940615457938|720575940619845547|720575940626194428|720575940627653114|720575940638847104
613,0.613000,12,1,0,2,720575940612358642|720575940619476126|720575940620027515|720575940622265894|720575940623388237|720575940628866809|720575940630666404|720575940632614295|720575940632875746|720575940633538724|720575940636242778|720575940636360811
614,0.614000,7,2,0,0,720575940616459333|720575940619296365|720575940622913260|720575940624879678|720575940628802041|720575940638832512|720575940641997531
615,0.615000,9,1,0,2,720575940622303446|720575940624594726|720575940625407107|720575940626469909|720575940631372369|720575940631844300|720575940632736703|720575940638850512|720575940645909300
616,0.616000,10,0,0,1,720575940610249426|720575940617828731|720575940621074835|720575940622772137|720575940623302988|720575940624453680|720575940625021796|720575940625968115|720575940626806026|720575940633145903
617,0.617000,9,1,1,0,720575940606123954|720575940608918830|720575940610502851|720575940612763158|720575940620282906|720575940621595888|720575940626306321|720575940628557178|720575940642855328
618,0.618000,10,0,0,3,720575940603823462|720575940605639858|720575940612920466|720575940613690730|720575940622416628|720575940623758377|720575940625415813|720575940628644239|720575940637644659|720575940658472065
619,0.619000,5,1,1,1,720575940609713710|720575940615177099|720575940623046548|720575940624323475|720575940638055869
620,0.620000,5,1,0,2,720575940612358642|720575940626407820|720575940626768442|720575940632844002|720575940643558692
621,0.621000,6,0,0,1,720575940615612066|720575940624879678|720575940626194428|720575940632875746|720575940633538724|720575940636242778
622,0.622000,7,1,0,0,720575940619476126|720575940621854563|720575940622913260|720575940623388237|720575940627653114|720575940636730694|720575940638832512
623,0.623000,5,1,0,0,720575940622265894|720575940625021796|720575940625351354|720575940625407107|720575940638847104
624,0.624000,7,0,0,2,720575940610249426|720575940622303446|720575940624594726|720575940630666404|720575940631372369|720575940631844300|720575940632736703
625,0.625000,10,0,0,1,720575940605583136|720575940606123954|720575940608918830|720575940617828731|720575940621381236|720575940622416628|720575940622772137|720575940625587642|720575940626306321|720575940626469909
626,0.626000,11,2,1,1,720575940603823462|720575940604801993|720575940615460754|720575940620020694|720575940620027515|720575940621074835|720575940623758377|720575940625653223|720575940628866809|720575940629459441|720575940638055869
627,0.627000,13,1,1,1,720575940605639858|720575940612920466|720575940616569601|720575940617244347|720575940623973837|720575940624453680|720575940625415813|720575940626010554|720575940626407820|720575940626768442|720575940628557178|720575940629902206|720575940642855328
628,0.628000,9,0,0,3,720575940609713710|720575940612358642|720575940612763158|720575940615177099|720575940623302988|720575940623718119|720575940625827358|720575940626194428|720575940658472065
629,0.629000,8,1,0,1,720575940610502851|720575940619007296|720575940624879678|720575940627140551|720575940627653114|720575940632875746|720575940637644659|720575940643558692
630,0.630000,7,0,0,1,720575940619476126|720575940622913260|720575940623260201|720575940628644239|720575940633145903|720575940637586751|720575940638832512
631,0.631000,9,3,0,1,720575940615457938|720575940616459333|720575940617769851|720575940622265894|720575940623388237|720575940624784280|720575940628493572|720575940631844300|720575940636242778
632,0.632000,6,1,0,0,720575940608140380|720575940611216099|720575940617828731|720575940624594726|720575940626469909|720575940633538724
633,0.633000,9,2,0,0,720575940606123954|720575940608918830|720575940610249426|720575940610453427|720575940625021796|720575940626530456|720575940628843458|720575940631372369|720575940638847104
634,0.634000,6,0,0,3,720575940605639858|720575940622303446|720575940622416628|720575940623758377|720575940626306321|720575940632736703
635,0.635000,7,0,1,1,720575940612920466|720575940620571953|720575940624453680|720575940626407820|720575940626768442|720575940630666404|720575940642855328
636,0.636000,10,1,0,0,720575940603823462|720575940610502851|720575940612763158|720575940620027515|720575940621074835|720575940622772137|720575940625415813|720575940626194428|720575940631708836|720575940637644659
637,0.637000,6,0,0,2,720575940612358642|720575940615177099|720575940625407107|720575940628866809|720575940632875746|720575940638055869
638,0.638000,8,1,0,2,720575940619476126|720575940623302988|720575940623388237|720575940626806026|720575940627653114|720575940631844300|720575940642634532|720575940643558692
639,0.639000,7,1,0,1,720575940605827761|720575940617828731|720575940624879678|720575940628644239|720575940633538724|720575940638832512|720575940658472065
640,0.640000,7,0,0,1,720575940608918830|720575940609713710|720575940616459333|720575940624594726|720575940626469909|720575940636242778|720575940638847104
641,0.641000,5,0,0,1,720575940606123954|720575940622265894|720575940623758377|720575940631372369|720575940633145903
642,0.642000,8,0,1,0,720575940610249426|720575940612920466|720575940622913260|720575940624323475|720575940625021796|720575940625968115|720575940628557178|720575940645909300
643,0.643000,3,0,0,0,720575940605639858|720575940626407820|720575940630666404
644,0.644000,14,2,2,1,720575940612763158|720575940615032495|720575940619845547|720575940621381236|720575940621595888|720575940624453680|720575940625415813|720575940626306321|720575940626768442|720575940630199963|720575940631125036|720575940636360811|720575940641997531|720575940642855328
645,0.645000,8,1,0,4,720575940612358642|720575940613690730|720575940613836438|720575940622303446|720575940622416628|720575940632736703|720575940632875746|720575940643558692
646,0.646000,12,2,0,0,720575940613829900|720575940615177099|720575940615612066|720575940617828731|720575940619296365|720575940625407107|720575940626194428|720575940627653114|720575940628866809|720575940633538724|720575940637644659|720575940638055869
647,0.647000,8,0,1,1,720575940610502851|720575940619476126|720575940621074835|720575940623302988|720575940623388237|720575940625653223|720575940632598343|720575940658472065
648,0.648000,8,0,0,2,720575940603823462|720575940609713710|720575940616459333|720575940617244347|720575940626469909|720575940628644239|720575940631537735|720575940638847104
649,0.649000,9,1,0,1,720575940608722371|720575940608918830|720575940620027515|720575940624594726|720575940631372369|720575940631844300|720575940631848791|720575940635978926|720575940638832512
650,0.650000,8,1,0,1,720575940610249426|720575940612920466|720575940622772137|720575940623718119|720575940623758377|720575940625827358|720575940626407820|720575940628802041
651,0.651000,5,1,0,0,720575940606123954|720575940624879678|720575940629902206|720575940630666404|720575940636730694
652,0.652000,12,1,1,1,720575940605583136|720575940611964882|720575940612763158|720575940615457938|720575940619007296|720575940622913260|720575940624453680|720575940626306321|720575940626768442|720575940636242778|720575940638850512|720575940642855328
653,0.653000,5,0,0,1,720575940622265894|720575940622416628|720575940623260201|720575940625021796|720575940628557178
654,0.654000,4,0,0,1,720575940612358642|720575940626194428|720575940638055869|720575940643558692
655,0.655000,11,1,0,2,720575940605639858|720575940610502851|720575940615177099|720575940617828731|720575940619476126|720575940623046548|720575940623302988|720575940625415813|720575940628866809|720575940632875746|720575940633145903
656,0.656000,4,0,0,0,720575940620571953|720575940625407107|720575940627653114|720575940637644659
657,0.657000,9,2,0,1,720575940608918830|720575940609713710|720575940623388237|720575940624594726|720575940632736703|720575940633538724|720575940633719487|720575940635461550|720575940658472065
658,0.658000,9,1,0,1,720575940603823462|720575940621074835|720575940622303446|720575940623852873|720575940623973837|720575940626469909|720575940626530456|720575940631372369|720575940638847104
659,0.659000,5,0,0,1,720575940606123954|720575940616459333|720575940628644239|720575940630666404|720575940638832512
660,0.660000,8,2,0,1,720575940610249426|720575940612763158|720575940612920466|720575940623758377|720575940624453680|720575940624879678|720575940627140551|720575940628843458
661,0.661000,4,0,0,2,720575940626407820|720575940626768442|720575940628557178|720575940631844300
662,0.662000,11,0,1,3,720575940612358642|720575940620027515|720575940622416628|720575940622772137|720575940622913260|720575940623302988|720575940625021796|720575940625415813|720575940636242778|720575940642855328|720575940643558692
663,0.663000,7,2,0,0,720575940605639858|720575940610453427|720575940617828731|720575940622265894|720575940626306321|720575940629459441|720575940632844002
664,0.664000,13,2,1,1,720575940610502851|720575940615177099|720575940616569601|720575940619476126|720575940623388237|720575940624323475|720575940625407107|720575940628866809|720575940632875746|720575940637644659|720575940638055869|720575940644765463|720575940658101889
665,0.665000,4,0,0,0,720575940627653114|720575940633145903|720575940633538724|720575940658472065
666,0.666000,11,0,0,2,720575940603823462|720575940609713710|720575940621074835|720575940622303446|720575940624594726|720575940625587642|720575940626194428|720575940626469909|720575940630666404|720575940631372369|720575940638847104
667,0.667000,7,1,0,1,720575940616459333|720575940621381236|720575940624453680|720575940625351354|720575940628644239|720575940631848791|720575940634407520
668,0.668000,8,1,1,2,720575940606123954|720575940608918830|720575940610249426|720575940612920466|720575940625653223|720575940626768442|720575940631844300|720575940642634532
669,0.669000,5,0,0,0,720575940612763158|720575940632736703|720575940636242778|720575940638832512|720575940645909300
670,0.670000,11,0,0,1,720575940615457938|720575940615612066|720575940617244347|720575940622265894|720575940622416628|720575940622913260|720575940624879678|720575940625021796|720575940625415813|720575940629902206|720575940636360811
671,0.671000,12,2,1,0,720575940613690730|720575940620020694|720575940621595888|720575940625827358|720575940626010554|720575940626407820|720575940628557178|720575940632614295|720575940638055869|720575940641997531|720575940642855328|720575940643558692
672,0.672000,10,1,0,4,720575940604801993|720575940610502851|720575940612358642|720575940617828731|720575940623302988|720575940623718119|720575940623758377|720575940626306321|720575940632875746|720575940637644659
673,0.673000,6,0,0,0,720575940619476126|720575940620027515|720575940622772137|720575940623388237|720575940625968115|720575940628866809
674,0.674000,8,1,0,1,720575940605639858|720575940609713710|720575940620282906|720575940624594726|720575940626194428|720575940627653114|720575940638847104|720575940658472065
675,0.675000,8,0,0,0,720575940606123954|720575940608918830|720575940615177099|720575940621074835|720575940626469909|720575940630666404|720575940631372369|720575940633538724
676,0.676000,8,1,0,1,720575940603823462|720575940615032495|720575940616459333|720575940624453680|720575940625407107|720575940631708836|720575940631844300|720575940632736703
677,0.677000,6,0,0,3,720575940612920466|720575940622303446|720575940622416628|720575940623260201|720575940626768442|720575940636242778
678,0.678000,5,0,0,0,720575940612763158|720575940622265894|720575940625021796|720575940625415813|720575940633145903
679,0.679000,8,2,1,1,720575940612358642|720575940619007296|720575940619296365|720575940619845547|720575940620571953|720575940622913260|720575940631125036|720575940638055869
680,0.680000,12,2,1,1,720575940605583136|720575940610249426|720575940617769851|720575940624130253|720575940624879678|720575940626306321|720575940628866809|720575940632875746|720575940636730694|720575940638832512|720575940642855328|720575940643558692
681,0.681000,8,2,0,2,720575940609713710|720575940613836438|720575940617828731|720575940622772137|720575940624594726|720575940628644239|720575940628802041|720575940629459441
682,0.682000,9,0,0,1,720575940619476126|720575940623302988|720575940623388237|720575940626407820|720575940627653114|720575940628557178|720575940630666404|720575940631372369|720575940658472065
683,0.683000,8,0,0,0,720575940608918830|720575940610502851|720575940621074835|720575940624453680|720575940626194428|720575940633538724|720575940637644659|720575940638847104
684,0.684000,9,1,0,2,720575940605639858|720575940606123954|720575940612920466|720575940613829900|720575940622416628|720575940623758377|720575940625407107|720575940626469909|720575940632736703
685,0.685000,6,0,1,1,720575940603823462|720575940616459333|720575940620027515|720575940624323475|720575940625415813|720575940631844300
686,0.686000,11,2,0,1,720575940612358642|720575940612763158|720575940615177099|720575940622265894|720575940622913260|720575940623973837|720575940625021796|720575940626530456|720575940628493572|720575940628843458|720575940638055869
687,0.687000,10,3,1,2,720575940610249426|720575940622303446|720575940625653223|720575940626137895|720575940626768442|720575940627140551|720575940628866809|720575940636242778|720575940638850512|720575940643558692
688,0.688000,7,2,0,0,720575940615460754|720575940617828731|720575940626806026|720575940630199963|720575940633145903|720575940638832512|720575940660921985
689,0.689000,9,0,1,1,720575940615457938|720575940621854563|720575940622772137|720575940624879678|720575940627653114|720575940630666404|720575940632875746|720575940636360811|720575940642855328
690,0.690000,9,1,0,1,720575940608918830|720575940610453427|720575940617244347|720575940623302988|720575940623388237|720575940624594726|720575940626306321|720575940631848791|720575940638847104
691,0.691000,16,3,0,1,720575940605639858|720575940608722371|720575940609713710|720575940619476126|720575940621074835|720575940621381236|720575940623046548|720575940623718119|720575940625827358|720575940626194428|720575940626407820|720575940629902206|720575940631372369|720575940632844002|720575940635978926|720575940637644659
692,0.692000,5,0,0,2,720575940622416628|720575940624453680|720575940625415813|720575940628644239|720575940645909300
693,0.693000,7,1,0,1,720575940612920466|720575940615612066|720575940616459333|720575940631537735|720575940631844300|720575940642634532|720575940658472065
694,0.694000,11,1,0,1,720575940610249426|720575940610502851|720575940616569601|720575940620027515|720575940620571953|720575940622265894|720575940622303446|720575940622913260|720575940628557178|720575940632736703|720575940638055869
695,0.695000,9,0,0,1,720575940612358642|720575940612763158|720575940613690730|720575940615177099|720575940625021796|720575940625407107|720575940626469909|720575940633538724|720575940643558692
696,0.696000,6,0,0,2,720575940606123954|720575940617828731|720575940621595888|720575940623758377|720575940632875746|720575940638832512
697,0.697000,3,0,0,1,720575940603823462|720575940626768442|720575940628866809
698,0.698000,7,2,0,0,720575940605639858|720575940608918830|720575940622772137|720575940623388237|720575940624784280|720575940630666404|720575940633719487
699,0.699000,8,0,0,0,720575940619476126|720575940624879678|720575940625415813|720575940626407820|720575940627653114|720575940633145903|720575940636242778|720575940637644659
700,0.700000,7,0,0,3,720575940609713710|720575940623260201|720575940623302988|720575940624453680|720575940625968115|720575940628644239|720575940629459441
701,0.701000,4,0,0,0,720575940612920466|720575940619007296|720575940626194428|720575940631372369
702,0.702000,11,2,1,1,720575940605827761|720575940611216099|720575940615177099|720575940621074835|720575940622265894|720575940622416628|720575940625021796|720575940632736703|720575940638847104|720575940642855328|720575940658472065
703,0.703000,12,1,0,1,720575940606123954|720575940610249426|720575940610502851|720575940616459333|720575940624594726|720575940625351354|720575940625407107|720575940626306321|720575940628557178|720575940631844300|720575940633538724|720575940643558692
704,0.704000,6,0,0,2,720575940603823462|720575940612358642|720575940617828731|720575940622303446|720575940638055869|720575940638832512
705,0.705000,7,0,0,2,720575940608918830|720575940612763158|720575940622913260|720575940626469909|720575940626768442|720575940630666404|720575940632875746
706,0.706000,4,0,0,1,720575940605639858|720575940621381236|720575940623758377|720575940628866809
707,0.707000,7,1,0,1,720575940604801993|720575940605583136|720575940619476126|720575940623302988|720575940623388237|720575940624879678|720575940625415813
708,0.708000,11,1,1,1,720575940620027515|720575940622772137|720575940625653223|720575940626010554|720575940626407820|720575940628644239|720575940629902206|720575940636242778|720575940636730694|720575940637644659|720575940641997531
709,0.709000,12,4,1,1,720575940609713710|720575940615177099|720575940619296365|720575940620020694|720575940624323475|720575940624453680|720575940626194428|720575940626530456|720575940627140551|720575940627653114|720575940631372369|720575940635461550
710,0.710000,8,0,1,0,720575940612920466|720575940615457938|720575940619845547|720575940621074835|720575940623973837|720575940625587642|720575940626806026|720575940633538724
711,0.711000,12,0,1,0,720575940606123954|720575940615032495|720575940616459333|720575940625021796|720575940625407107|720575940628557178|720575940631848791|720575940632736703|720575940638847104|720575940642855328|720575940644765463|720575940658472065
712,0.712000,6,0,0,0,720575940603823462|720575940617244347|720575940617828731|720575940624594726|720575940625827358|720575940643558692
713,0.713000,12,0,0,3,720575940605639858|720575940608918830|720575940612358642|720575940622303446|720575940622416628|720575940622913260|720575940623718119|720575940626306321|720575940626469909|720575940628866809|720575940633145903|720575940636360811
714,0.714000,9,1,0,2,720575940610249426|720575940610502851|720575940612763158|720575940622265894|720575940623388237|720575940626768442|720575940631844300|720575940632614295|720575940638055869
715,0.715000,6,2,0,1,720575940623302988|720575940625415813|720575940628802041|720575940628843458|720575940630666404|720575940638832512
716,0.716000,5,1,0,1,720575940615177099|720575940619476126|720575940626407820|720575940631125036|720575940632875746
717,0.717000,10,1,0,1,720575940610453427|720575940612920466|720575940615612066|720575940620571953|720575940622772137|720575940623758377|720575940624453680|720575940627653114|720575940631372369|720575940636242778
718,0.718000,6,0,0,2,720575940608140380|720575940609713710|720575940619007296|720575940624879678|720575940628644239|720575940645909300
719,0.719000,11,2,1,0,720575940613690730|720575940617828731|720575940620027515|720575940625021796|720575940629459441|720575940632736703|720575940632844002|720575940634407520|720575940637644659|720575940642634532|720575940642855328
720,0.720000,5,1,0,0,720575940608918830|720575940623046548|720575940625407107|720575940633538724|720575940643558692
721,0.721000,10,3,0,2,720575940605639858|720575940610249426|720575940612358642|720575940613836438|720575940616459333|720575940622303446|720575940626306321|720575940631708836|720575940638850512|720575940658472065
722,0.722000,13,1,0,2,720575940606123954|720575940610502851|720575940612763158|720575940617769851|720575940622416628|720575940623260201|720575940623388237|720575940626194428|720575940626469909|720575940626768442|720575940630666404|720575940638055869|720575940638847104
723,0.723000,10,1,0,1,720575940613829900|720575940615177099|720575940619476126|720575940621595888|720575940622265894|720575940622913260|720575940623302988|720575940624594726|720575940625415813|720575940628557178
724,0.724000,4,0,0,0,720575940621074835|720575940631372369|720575940633145903|720575940638832512
725,0.725000,7,0,0,1,720575940603823462|720575940623758377|720575940624453680|720575940626407820|720575940627653114|720575940628866809|720575940636242778
726,0.726000,4,1,0,1,720575940620282906|720575940624879678|720575940631844300|720575940632598343
727,0.727000,13,2,0,2,720575940611964882|720575940612920466|720575940621381236|720575940622772137|720575940623852873|720575940625968115|720575940628644239|720575940629902206|720575940632736703|720575940632875746|720575940633538724|720575940637644659|720575940658101889
728,0.728000,4,0,0,1,720575940605639858|720575940609713710|720575940617828731|720575940620027515
729,0.729000,11,0,1,2,720575940608918830|720575940610249426|720575940612358642|720575940612763158|720575940616459333|720575940622303446|720575940625021796|720575940625653223|720575940626306321|720575940640026045|720575940643558692
730,0.730000,5,1,0,0,720575940615457938|720575940616569601|720575940625407107|720575940625415813|720575940658472065
731,0.731000,12,1,2,1,720575940610502851|720575940615032495|720575940615177099|720575940622265894|720575940622416628|720575940623388237|720575940624323475|720575940626194428|720575940627140551|720575940630666404|720575940638847104|720575940642855328
732,0.732000,4,0,0,1,720575940623302988|720575940624453680|720575940624594726|720575940627653114
733,0.733000,9,0,0,1,720575940606123954|720575940617244347|720575940621074835|720575940622913260|720575940626407820|720575940631372369|720575940631844300|720575940636242778|720575940638055869
734,0.734000,6,0,0,1,720575940603823462|720575940619476126|720575940623758377|720575940625827358|720575940631537735|720575940638832512
735,0.735000,5,0,0,1,720575940623718119|720575940624879678|720575940626469909|720575940628866809|720575940632875746
736,0.736000,7,0,0,0,720575940605583136|720575940622772137|720575940628557178|720575940631848791|720575940632736703|720575940633538724|720575940643558692
737,0.737000,10,0,0,1,720575940605639858|720575940610249426|720575940612763158|720575940612920466|720575940617828731|720575940625021796|720575940626306321|720575940626768442|720575940637644659|720575940658472065
738,0.738000,5,0,0,2,720575940612358642|720575940616459333|720575940622265894|720575940628644239|720575940638847104
739,0.739000,8,0,1,2,720575940609713710|720575940615177099|720575940622303446|720575940625407107|720575940626194428|720575940626530456|720575940633145903|720575940642855328
740,0.740000,8,1,0,0,720575940608918830|720575940623388237|720575940624453680|720575940624594726|720575940625415813|720575940630666404|720575940631372369|720575940636730694
741,0.741000,8,1,0,1,720575940606123954|720575940610502851|720575940620571953|720575940622416628|720575940622913260|720575940623973837|720575940625351354|720575940641997531
742,0.742000,11,1,0,1,720575940615612066|720575940619476126|720575940621074835|720575940624879678|720575940626407820|720575940627653114|720575940631844300|720575940633719487|720575940635978926|720575940638055869|720575940638832512
743,0.743000,4,0,1,1,720575940619845547|720575940623302988|720575940628557178|720575940636360811
744,0.744000,8,3,0,1,720575940608722371|720575940613690730|720575940617828731|720575940619296365|720575940622772137|720575940623758377|720575940628843458|720575940636242778
745,0.745000,11,0,0,1,720575940603823462|720575940605639858|720575940620027515|720575940623260201|720575940625021796|720575940626306321|720575940628866809|720575940632875746|720575940637644659|720575940643558692|720575940645909300
746,0.746000,17,2,1,2,720575940609713710|720575940610453427|720575940612763158|720575940612920466|720575940615177099|720575940619007296|720575940622265894|720575940625653223|720575940626010554|720575940626806026|720575940628493572|720575940628644239|720575940629902206|720575940632736703|720575940633538724|720575940638847104|720575940658472065
747,0.747000,11,3,0,1,720575940604801993|720575940608918830|720575940616459333|720575940620020694|720575940621381236|720575940623388237|720575940624453680|720575940624784280|720575940626768442|720575940630666404|720575940631372369
748,0.748000,9,2,0,2,720575940606123954|720575940610249426|720575940610502851|720575940622303446|720575940622416628|720575940624594726|720575940625415813|720575940630199963|720575940642634532
749,0.749000,8,1,1,0,720575940622913260|720575940624879678|720575940625407107|720575940626407820|720575940627653114|720575940628802041|720575940638055869|720575940642855328
750,0.750000,5,1,0,1,720575940612358642|720575940615457938|720575940621074835|720575940626194428|720575940631125036
751,0.751000,7,1,1,0,720575940617828731|720575940619476126|720575940621595888|720575940624323475|720575940629459441|720575940633145903|720575940635461550
752,0.752000,3,0,0,1,720575940621854563|720575940623758377|720575940626469909
753,0.753000,14,2,0,2,720575940603823462|720575940605827761|720575940615177099|720575940622772137|720575940623302988|720575940625021796|720575940625827358|720575940625968115|720575940628557178|720575940631848791|720575940632875746|720575940637644659|720575940638847104|720575940638850512
754,0.754000,15,5,0,0,720575940611216099|720575940615460754|720575940617244347|720575940620027515|720575940622265894|720575940623046548|720575940623718119|720575940626306321|720575940627140551|720575940630666404|720575940632844002|720575940635427982|720575940638832512|720575940644765463|720575940658472065
755,0.755000,11,1,0,1,720575940605639858|720575940608918830|720575940612763158|720575940612920466|720575940613829900|720575940624453680|720575940624594726|720575940628644239|720575940628866809|720575940632736703|720575940643558692
756,0.756000,4,0,0,2,720575940622416628|720575940623388237|720575940631844300|720575940633538724
757,0.757000,10,1,1,2,720575940609713710|720575940613836438|720575940622913260|720575940623973837|720575940624879678|720575940626768442|720575940627653114|720575940631372369|720575940636242778|720575940642855328
758,0.758000,7,0,0,0,720575940610249426|720575940610502851|720575940616459333|720575940617828731|720575940620571953|720575940625415813|720575940626407820
759,0.759000,5,0,0,1,720575940606123954|720575940622303446|720575940625407107|720575940629902206|720575940638055869
760,0.760000,5,1,0,1,720575940619476126|720575940623758377|720575940626530456|720575940632614295|720575940633145903
761,0.761000,7,0,0,3,720575940612358642|720575940621381236|720575940622265894|720575940623302988|720575940626194428|720575940626469909|720575940632875746
762,0.762000,14,0,0,0,720575940603823462|720575940605583136|720575940612763158|720575940615177099|720575940620027515|720575940621074835|720575940625021796|720575940628557178|720575940630666404|720575940632736703|720575940637644659|720575940638832512|720575940638847104|720575940658472065
763,0.763000,4,2,0,1,720575940616569601|720575940628644239|720575940628866809|720575940631708836
764,0.764000,6,0,0,1,720575940622772137|720575940624453680|720575940626306321|720575940631844300|720575940633538724|720575940636242778
765,0.765000,5,0,1,0,720575940616459333|720575940624594726|720575940627653114|720575940642855328|720575940643558692
766,0.766000,12,0,1,4,720575940608918830|720575940609713710|720575940612920466|720575940615612066|720575940622303446|720575940622416628|720575940623388237|720575940624879678|720575940625415813|720575940625653223|720575940626768442|720575940631372369
767,0.767000,3,0,0,0,720575940605639858|720575940606123954|720575940623260201
768,0.768000,5,0,0,0,720575940610249426|720575940610502851|720575940617828731|720575940622913260|720575940626407820
769,0.769000,12,0,0,4,720575940612358642|720575940615032495|720575940615177099|720575940623302988|720575940623758377|720575940625407107|720575940630666404|720575940632875746|720575940637644659|720575940638055869|720575940638832512|720575940645909300
770,0.770000,10,2,0,0,720575940612763158|720575940619476126|720575940621074835|720575940622265894|720575940625021796|720575940628557178|720575940628843458|720575940636360811|720575940636730694|720575940658472065
771,0.771000,7,0,0,0,720575940603823462|720575940613690730|720575940615457938|720575940628866809|720575940632736703|720575940633538724|720575940638847104
772,0.772000,7,0,0,1,720575940624453680|720575940625587642|720575940625827358|720575940626469909|720575940627653114|720575940628644239|720575940636242778
773,0.773000,4,0,1,1,720575940622772137|720575940626306321|720575940631844300|720575940642855328
774,0.774000,9,1,0,2,720575940616459333|720575940619007296|720575940620282906|720575940622416628|720575940623388237|720575940623718119|720575940624594726|720575940626194428|720575940626768442
775,0.775000,12,2,1,0,720575940606123954|720575940610502851|720575940612920466|720575940617244347|720575940619296365|720575940620027515|720575940624323475|720575940624879678|720575940625415813|720575940633719487|720575940634407520|720575940643558692
776,0.776000,13,3,0,3,720575940605639858|720575940610453427|720575940612358642|720575940617769851|720575940617828731|720575940622303446|720575940622913260|720575940623302988|720575940626137895|720575940626806026|720575940629459441|720575940630666404|720575940641997531
777,0.777000,8,2,1,0,720575940611964882|720575940619845547|720575940623852873|720575940631372369|720575940631848791|720575940637644659|720575940638832512|720575940642634532
778,0.778000,9,1,0,1,720575940625351354|720575940625407107|720575940626407820|720575940628557178|720575940632875746|720575940633145903|720575940635978926|720575940638055869|720575940658472065
779,0.779000,8,1,0,2,720575940608918830|720575940609713710|720575940621074835|720575940621595888|720575940623758377|720575940624453680|720575940625021796|720575940628802041
780,0.780000,9,1,0,1,720575940615177099|720575940619476126|720575940625968115|720575940626306321|720575940627140551|720575940627653114|720575940628866809|720575940631844300|720575940636242778
781,0.781000,3,0,0,1,720575940612763158|720575940616459333|720575940628644239
782,0.782000,8,0,1,0,720575940603823462|720575940610249426|720575940622265894|720575940623388237|720575940625415813|720575940633538724|720575940642855328|720575940643558692
783,0.783000,8,0,0,0,720575940606123954|720575940610502851|720575940612920466|720575940620571953|720575940622772137|720575940624879678|720575940626010554|720575940626194428
784,0.784000,6,0,0,2,720575940612358642|720575940624594726|720575940626469909|720575940626768442|720575940638832512|720575940638847104
785,0.785000,6,0,0,2,720575940617828731|720575940620027515|720575940622416628|720575940623302988|720575940626407820|720575940630666404
786,0.786000,9,1,1,0,720575940608918830|720575940613829900|720575940621381236|720575940622913260|720575940625407107|720575940625653223|720575940626530456|720575940629902206|720575940637644659
787,0.787000,12,2,0,1,720575940605639858|720575940608722371|720575940613836438|720575940622303446|720575940623973837|720575940624453680|720575940628557178|720575940631372369|720575940631537735|720575940632736703|720575940638055869|720575940658472065
788,0.788000,6,2,0,1,720575940621074835|720575940625021796|720575940626306321|720575940631125036|720575940631844300|720575940638850512
789,0.789000,7,0,0,1,720575940605583136|720575940610249426|720575940612763158|720575940615177099|720575940623388237|720575940627653114|720575940632875746
790,0.790000,7,0,0,0,720575940606123954|720575940612920466|720575940616459333|720575940626194428|720575940628866809|720575940633538724|720575940636242778
791,0.791000,10,0,1,2,720575940603823462|720575940615457938|720575940615612066|720575940619476126|720575940622772137|720575940623260201|720575940623758377|720575940624879678|720575940628644239|720575940642855328
792,0.792000,11,3,0,3,720575940609713710|720575940610502851|720575940612358642|720575940617828731|720575940623046548|720575940624594726|720575940626768442|720575940632844002|720575940633145903|720575940638832512|720575940658101889
793,0.793000,11,2,0,1,720575940604801993|720575940620020694|720575940622265894|720575940623302988|720575940625415813|720575940626407820|720575940630666404|720575940631848791|720575940637644659|720575940638847104|720575940643558692
794,0.794000,5,1,0,0,720575940615032495|720575940615460754|720575940616569601|720575940622913260|720575940645909300
795,0.795000,11,3,0,0,720575940608918830|720575940620027515|720575940621074835|720575940623718119|720575940624453680|720575940625827358|720575940628493572|720575940628557178|720575940628843458|720575940635461550|720575940658472065
796,0.796000,8,1,0,0,720575940605639858|720575940617244347|720575940625021796|720575940625407107|720575940626306321|720575940631372369|720575940631708836|720575940632736703
797,0.797000,12,2,1,2,720575940606123954|720575940610249426|720575940612763158|720575940613690730|720575940615177099|720575940622303446|720575940622416628|720575940623388237|720575940624323475|720575940626469909|720575940630199963|720575940636730694
798,0.798000,5,0,0,0,720575940616459333|720575940619476126|720575940627653114|720575940633538724|720575940638055869
799,0.799000,4,0,0,2,720575940623758377|720575940626194428|720575940628644239|720575940632598343
800,0.800000,11,1,1,3,720575940603823462|720575940612358642|720575940612920466|720575940620571953|720575940622772137|720575940624784280|720575940628866809|720575940631844300|720575940632875746|720575940636242778|720575940642855328
801,0.801000,10,0,0,2,720575940609713710|720575940617828731|720575940622265894|720575940623302988|720575940624879678|720575940626407820|720575940629459441|720575940629902206|720575940630666404|720575940633145903
802,0.802000,5,0,0,1,720575940622913260|720575940624453680|720575940625415813|720575940626768442|720575940638832512
803,0.803000,3,2,0,0,720575940610453427|720575940620027515|720575940627140551
804,0.804000,11,1,0,0,720575940619007296|720575940621381236|720575940624594726|720575940625021796|720575940626306321|720575940628557178|720575940632736703|720575940638847104|720575940642634532|720575940643558692|720575940658472065
805,0.805000,7,0,1,0,720575940608918830|720575940610249426|720575940610502851|720575940625653223|720575940626469909|720575940627653114|720575940636360811
806,0.806000,8,0,0,0,720575940606123954|720575940615177099|720575940619476126|720575940621595888|720575940623388237|720575940631372369|720575940633538724|720575940637644659
807,0.807000,3,0,0,2,720575940621074835|720575940622416628|720575940628644239
808,0.808000,8,0,1,2,720575940605639858|720575940612920466|720575940617828731|720575940622772137|720575940623758377|720575940631844300|720575940636242778|720575940642855328
809,0.809000,7,0,0,1,720575940609713710|720575940616459333|720575940622265894|720575940626194428|720575940626407820|720575940628866809|720575940638055869
810,0.810000,6,0,0,2,720575940612763158|720575940622303446|720575940622913260|720575940623302988|720575940624453680|720575940638832512
811,0.811000,7,0,0,1,720575940603823462|720575940612358642|720575940624879678|720575940625407107|720575940625415813|720575940625968115|720575940632736703
812,0.812000,10,1,0,2,720575940608918830|720575940619296365|720575940625021796|720575940626768442|720575940627653114|720575940628557178|720575940630666404|720575940632875746|720575940641997531|720575940643558692
813,0.813000,7,0,0,0,720575940610249426|720575940615457938|720575940623388237|720575940623973837|720575940626306321|720575940638847104|720575940658472065
814,0.814000,3,0,0,0,720575940610502851|720575940626806026|720575940631372369
815,0.815000,13,2,1,2,720575940605827761|720575940617828731|720575940619476126|720575940619845547|720575940621854563|720575940622416628|720575940623260201|720575940624594726|720575940628644239|720575940628802041|720575940633538724|720575940636242778|720575940637644659
816,0.816000,12,1,0,0,720575940605639858|720575940606123954|720575940612920466|720575940615177099|720575940615612066|720575940622265894|720575940626194428|720575940626407820|720575940626469909|720575940626530456|720575940632614295|720575940638055869
817,0.817000,9,2,0,1,720575940611216099|720575940616459333|720575940617244347|720575940623718119|720575940623758377|720575940625827358|720575940633145903|720575940633719487|720575940644765463
818,0.818000,7,1,0,1,720575940605583136|720575940612763158|720575940622772137|720575940622913260|720575940625351354|720575940631844300|720575940632736703
819,0.819000,12,0,1,2,720575940603823462|720575940612358642|720575940619007296|720575940620027515|720575940623302988|720575940624323475|720575940624453680|720575940625407107|720575940625415813|720575940625587642|720575940628866809|720575940638832512
820,0.820000,14,4,0,2,720575940609713710|720575940613829900|720575940617769851|720575940620282906|720575940621074835|720575940621381236|720575940623388237|720575940624879678|720575940626010554|720575940632875746|720575940635978926|720575940638847104|720575940638850512|720575940645909300
821,0.821000,8,0,1,1,720575940622303446|720575940625021796|720575940627653114|720575940628557178|720575940630666404|720575940642855328|720575940643558692|720575940658472065
822,0.822000,6,1,0,0,720575940608918830|720575940610249426|720575940613836438|720575940626306321|720575940629902206|720575940631372369
823,0.823000,7,0,1,2,720575940612920466|720575940622265894|720575940622416628|720575940624594726|720575940625653223|720575940626768442|720575940636242778
824,0.824000,4,0,0,0,720575940617828731|720575940626469909|720575940633538724|720575940638055869
825,0.825000,13,2,0,0,720575940606123954|720575940610502851|720575940612763158|720575940613690730|720575940615177099|720575940616459333|720575940620571953|720575940622913260|720575940626194428|720575940628843458|720575940631848791|720575940632736703|720575940636730694
826,0.826000,9,1,0,2,720575940615032495|720575940619476126|720575940622772137|720575940623302988|720575940626407820|720575940628644239|720575940628866809|720575940631125036|720575940633145903
827,0.827000,7,0,0,2,720575940603823462|720575940605639858|720575940609713710|720575940621074835|720575940623758377|720575940624453680|720575940629459441
828,0.828000,10,3,0,1,720575940608140380|720575940608722371|720575940610453427|720575940623388237|720575940625407107|720575940631844300|720575940632844002|720575940637644659|720575940638832512|720575940638847104
829,0.829000,11,4,0,2,720575940612358642|720575940620020694|720575940620027515|720575940623046548|720575940624879678|720575940627140551|720575940630666404|720575940632875746|720575940642634532|720575940643558692|720575940658472065
830,0.830000,9,1,0,1,720575940608918830|720575940612920466|720575940616569601|720575940622416628|720575940625021796|720575940625415813|720575940631372369|720575940631537735|720575940636242778
831,0.831000,5,0,0,0,720575940622265894|720575940626306321|720575940628557178|720575940633538724|720575940636360811
832,0.832000,3,0,0,0,720575940617828731|720575940624594726|720575940627653114
833,0.833000,11,1,0,3,720575940604801993|720575940606123954|720575940610249426|720575940612763158|720575940615457938|720575940621595888|720575940623302988|720575940626469909|720575940626768442|720575940628644239|720575940638055869
834,0.834000,4,0,1,0,720575940610502851|720575940622913260|720575940626194428|720575940642855328
835,0.835000,3,0,0,2,720575940609713710|720575940631844300|720575940632736703
836,0.836000,8,0,0,1,720575940603823462|720575940615177099|720575940616459333|720575940622303446|720575940624453680|720575940630666404|720575940633145903|720575940638832512
837,0.837000,6,0,0,2,720575940622772137|720575940623388237|720575940623758377|720575940625968115|720575940626407820|720575940632875746
838,0.838000,13,0,0,1,720575940612358642|720575940619476126|720575940621074835|720575940623260201|720575940623718119|720575940623973837|720575940625827358|720575940628866809|720575940629902206|720575940631372369|720575940633538724|720575940634407520|720575940638847104
839,0.839000,7,0,0,0,720575940617244347|720575940620027515|720575940625021796|720575940625407107|720575940625415813|720575940637644659|720575940643558692
840,0.840000,6,0,0,0,720575940605639858|720575940610249426|720575940612920466|720575940615612066|720575940624130253|720575940626306321
841,0.841000,8,0,0,3,720575940608918830|720575940610502851|720575940622416628|720575940623302988|720575940626768442|720575940628557178|720575940636242778|720575940658472065
842,0.842000,6,0,0,1,720575940606123954|720575940617828731|720575940622265894|720575940624879678|720575940628644239|720575940638055869
843,0.843000,6,0,1,0,720575940616459333|720575940622913260|720575940624323475|720575940626194428|720575940627653114|720575940638832512
844,0.844000,5,0,1,2,720575940609713710|720575940615177099|720575940621381236|720575940623758377|720575940642855328
845,0.845000,4,0,0,1,720575940603823462|720575940612763158|720575940624453680|720575940631844300
846,0.846000,8,0,0,2,720575940622303446|720575940624594726|720575940625021796|720575940626407820|720575940626469909|720575940632736703|720575940632875746|720575940643558692
847,0.847000,8,0,1,1,720575940612358642|720575940623388237|720575940625415813|720575940625653223|720575940630666404|720575940631372369|720575940633538724|720575940645909300
848,0.848000,5,0,0,0,720575940605639858|720575940619476126|720575940622772137|720575940625407107|720575940638847104
849,0.849000,7,0,0,1,720575940608918830|720575940610249426|720575940617828731|720575940621074835|720575940622265894|720575940622416628|720575940636242778
850,0.850000,9,0,0,2,720575940605583136|720575940612920466|720575940622913260|720575940623302988|720575940626306321|720575940628557178|720575940628644239|720575940638055869|720575940658472065
851,0.851000,5,1,0,0,720575940626194428|720575940627653114|720575940628866809|720575940631708836|720575940637644659
852,0.852000,5,1,0,0,720575940603823462|720575940610502851|720575940616459333|720575940619296365|720575940624879678
853,0.853000,10,1,2,2,720575940606123954|720575940609713710|720575940612763158|720575940619845547|720575940626530456|720575940626768442|720575940626806026|720575940628802041|720575940638832512|720575940642855328
854,0.854000,9,1,0,0,720575940615457938|720575940619007296|720575940620571953|720575940624453680|720575940624784280|720575940625021796|720575940632736703|720575940641997531|720575940643558692
855,0.855000,13,5,0,2,720575940613690730|720575940615177099|720575940622303446|720575940625351354|720575940625415813|720575940626010554|720575940628493572|720575940628843458|720575940629459441|720575940630666404|720575940632875746|720575940635461550|720575940638850512
856,0.856000,14,4,0,1,720575940610453427|720575940613829900|720575940619476126|720575940622772137|720575940623388237|720575940624594726|720575940626407820|720575940626469909|720575940627140551|720575940631372369|720575940631844300|720575940633538724|720575940636730694|720575940638847104
857,0.857000,9,2,0,1,720575940621074835|720575940622265894|720575940623758377|720575940623852873|720575940625407107|720575940626306321|720575940631848791|720575940633719487|720575940636360811
858,0.858000,12,1,0,2,720575940605639858|720575940608918830|720575940610249426|720575940612358642|720575940613836438|720575940615032495|720575940615460754|720575940628557178|720575940628644239|720575940633145903|720575940638055869|720575940658472065
859,0.859000,11,4,0,0,720575940603823462|720575940620027515|720575940620282906|720575940623973837|720575940626137895|720575940627653114|720575940629902206|720575940630199963|720575940635978926|720575940636242778|720575940642634532
860,0.860000,10,2,0,1,720575940611964882|720575940616459333|720575940621381236|720575940622913260|720575940623302988|720575940623718119|720575940625827358|720575940631125036|720575940635427982|720575940644765463
861,0.861000,17,6,0,1,720575940606123954|720575940609713710|720575940612920466|720575940617244347|720575940617769851|720575940617828731|720575940620020694|720575940624879678|720575940625968115|720575940626194428|720575940628866809|720575940632614295|720575940632736703|720575940632844002|720575940637644659|720575940658101889|720575940660921985
862,0.862000,13,3,2,1,720575940605827761|720575940610502851|720575940611216099|720575940612763158|720575940621595888|720575940622416628|720575940623046548|720575940623260201|720575940624323475|720575940625021796|720575940638832512|720575940642855328|720575940643558692
863,0.863000,6,0,0,3,720575940615612066|720575940622303446|720575940626469909|720575940626768442|720575940630666404|720575940632875746
864,0.864000,6,0,0,2,720575940622265894|720575940622772137|720575940623758377|720575940624453680|720575940631372369|720575940631844300
865,0.865000,9,0,1,0,720575940615177099|720575940621074835|720575940625407107|720575940625415813|720575940625653223|720575940626306321|720575940626407820|720575940632598343|720575940633145903
866,0.866000,7,1,0,1,720575940608722371|720575940608918830|720575940619476126|720575940620027515|720575940620571953|720575940624594726|720575940628644239
867,0.867000,8,1,0,1,720575940603823462|720575940604801993|720575940623302988|720575940623388237|720575940636242778|720575940638847104|720575940640026045|720575940658472065
868,0.868000,6,1,0,0,720575940606123954|720575940610249426|720575940616569601|720575940622913260|720575940626530456|720575940632736703
869,0.869000,11,0,0,1,720575940612358642|720575940612920466|720575940616459333|720575940617523174|720575940617828731|720575940624879678|720575940626194428|720575940627653114|720575940628866809|720575940633538724|720575940638055869
870,0.870000,4,0,1,0,720575940610502851|720575940612763158|720575940638832512|720575940642855328
871,0.871000,6,0,0,1,720575940605639858|720575940609713710|720575940624453680|720575940625021796|720575940643558692|720575940645909300
872,0.872000,7,0,0,2,720575940615177099|720575940622265894|720575940623758377|720575940628557178|720575940630666404|720575940631844300|720575940637644659
873,0.873000,7,0,0,2,720575940615457938|720575940622416628|720575940624594726|720575940626306321|720575940626407820|720575940626768442|720575940631372369
874,0.874000,10,0,0,0,720575940603823462|720575940605583136|720575940608918830|720575940619476126|720575940621074835|720575940622772137|720575940625415813|720575940626469909|720575940638847104|720575940658472065
875,0.875000,2,0,0,2,720575940622303446|720575940628644239
876,0.876000,9,0,0,1,720575940622913260|720575940623388237|720575940626194428|720575940627653114|720575940629459441|720575940632736703|720575940632875746|720575940633538724|720575940636242778
877,0.877000,7,0,0,1,720575940606123954|720575940610249426|720575940617828731|720575940623302988|720575940628866809|720575940631537735|720575940638055869
878,0.878000,7,0,0,0,720575940610502851|720575940616459333|720575940620027515|720575940621381236|720575940621854563|720575940625407107|720575940629902206
879,0.879000,7,0,0,1,720575940605639858|720575940609713710|720575940615177099|720575940622265894|720575940624879678|720575940625587642|720575940643558692
880,0.880000,9,0,1,1,720575940612763158|720575940612920466|720575940613690730|720575940619007296|720575940624453680|720575940626407820|720575940631844300|720575940637644659|720575940642855328
881,0.881000,11,0,0,2,720575940617244347|720575940623718119|720575940623758377|720575940624594726|720575940625021796|720575940625827358|720575940626768442|720575940626806026|720575940630666404|720575940638832512|720575940641997531
882,0.882000,5,0,0,1,720575940608918830|720575940612358642|720575940626306321|720575940626469909|720575940631372369
883,0.883000,7,1,0,0,720575940603823462|720575940621074835|720575940625415813|720575940626194428|720575940627140551|720575940628557178|720575940636360811
884,0.884000,11,1,1,2,720575940606123954|720575940619476126|720575940622303446|720575940622416628|720575940622913260|720575940624323475|720575940625968115|720575940638055869|720575940638847104|720575940642634532|720575940658472065
885,0.885000,5,1,1,0,720575940617828731|720575940619296365|720575940622772137|720575940623260201|720575940625653223
886,0.886000,12,1,1,2,720575940610249426|720575940610453427|720575940610502851|720575940619845547|720575940622265894|720575940623388237|720575940628644239|720575940628866809|720575940632736703|720575940632875746|720575940633538724|720575940636242778
887,0.887000,8,2,0,3,720575940605639858|720575940609713710|720575940623302988|720575940625407107|720575940628843458|720575940631844300|720575940631848791|720575940636730694
888,0.888000,7,2,1,1,720575940615612066|720575940623758377|720575940624879678|720575940628802041|720575940633145903|720575940638850512|720575940642855328
889,0.889000,4,0,0,0,720575940612920466|720575940616459333|720575940623973837|720575940643558692
890,0.890000,10,0,0,1,720575940603823462|720575940612358642|720575940615177099|720575940624453680|720575940626010554|720575940626407820|720575940626469909|720575940627653114|720575940637644659|720575940638832512
891,0.891000,8,1,0,0,720575940615032495|720575940621074835|720575940621595888|720575940625021796|720575940625351354|720575940626530456|720575940631372369|720575940644765463
892,0.892000,10,0,0,2,720575940608918830|720575940612763158|720575940619476126|720575940620027515|720575940622303446|720575940622416628|720575940622913260|720575940626194428|720575940638055869|720575940638847104
893,0.893000,9,1,0,0,720575940606123954|720575940613829900|720575940615457938|720575940620571953|720575940624594726|720575940625415813|720575940628557178|720575940630666404|720575940636242778
894,0.894000,7,2,0,2,720575940617828731|720575940626768442|720575940628644239|720575940628866809|720575940631708836|720575940632844002|720575940658472065
895,0.895000,5,0,0,2,720575940609713710|720575940623388237|720575940626306321|720575940632736703|720575940632875746
896,0.896000,5,0,0,0,720575940605639858|720575940610249426|720575940610502851|720575940622772137|720575940643558692
897,0.897000,7,3,0,0,720575940612920466|720575940620020694|720575940622265894|720575940623046548|720575940624453680|720575940624879678|720575940631125036
898,0.898000,5,0,0,1,720575940616459333|720575940623758377|720575940625407107|720575940626469909|720575940627653114
899,0.899000,9,0,0,3,720575940608918830|720575940612358642|720575940615177099|720575940622303446|720575940623302988|720575940633145903|720575940633538724|720575940638832512|720575940645909300
900,0.900000,12,2,0,2,720575940603823462|720575940612763158|720575940613836438|720575940616569601|720575940619007296|720575940622416628|720575940625021796|720575940628557178|720575940629902206|720575940630666404|720575940631844300|720575940636242778
901,0.901000,8,2,0,0,720575940617828731|720575940621381236|720575940626407820|720575940631372369|720575940633719487|720575940635461550|720575940638055869|720575940638847104
902,0.902000,10,0,0,1,720575940619476126|720575940620027515|720575940621074835|720575940623718119|720575940625415813|720575940626194428|720575940626768442|720575940629459441|720575940632736703|720575940637644659
903,0.903000,8,0,0,1,720575940605583136|720575940610249426|720575940610502851|720575940617244347|720575940626306321|720575940628644239|720575940628866809|720575940658472065
904,0.904000,8,0,1,0,720575940606123954|720575940622913260|720575940623388237|720575940624594726|720575940625827358|720575940636360811|720575940642855328|720575940643558692
905,0.905000,6,0,0,2,720575940609713710|720575940612920466|720575940622265894|720575940622772137|720575940632875746|720575940634407520
906,0.906000,4,2,0,1,720575940604801993|720575940620282906|720575940623758377|720575940624453680
907,0.907000,8,0,2,1,720575940608918830|720575940613690730|720575940615177099|720575940616459333|720575940622416628|720575940624323475|720575940624879678|720575940625653223
908,0.908000,11,1,0,3,720575940603823462|720575940622303446|720575940623260201|720575940623302988|720575940626469909|720575940627140551|720575940628557178|720575940630666404|720575940631844300|720575940636242778|720575940638832512
909,0.909000,3,0,0,0,720575940605639858|720575940617828731|720575940631372369
910,0.910000,5,0,0,1,720575940612358642|720575940621074835|720575940625407107|720575940627653114|720575940632736703
911,0.911000,8,0,0,1,720575940610249426|720575940612763158|720575940625415813|720575940626194428|720575940626306321|720575940626768442|720575940635978926|720575940658472065
912,0.912000,6,1,0,0,720575940625021796|720575940626407820|720575940633145903|720575940633538724|720575940638055869|720575940642634532
913,0.913000,12,1,1,0,720575940608722371|720575940612920466|720575940615032495|720575940620571953|720575940622265894|720575940622772137|720575940622913260|720575940625968115|720575940637644659|720575940638847104|720575940642855328|720575940643558692
914,0.914000,7,1,0,1,720575940606123954|720575940610502851|720575940615612066|720575940628644239|720575940628866809|720575940632614295|720575940641997531
915,0.915000,8,2,0,2,720575940623388237|720575940623758377|720575940624453680|720575940628843458|720575940629902206|720575940630199963|720575940632875746|720575940638832512
916,0.916000,7,1,0,0,720575940615457938|720575940624594726|720575940624784280|720575940624879678|720575940628557178|720575940630666404|720575940631372369
917,0.917000,10,1,0,2,720575940603823462|720575940605639858|720575940608918830|720575940609713710|720575940610453427|720575940619476126|720575940620027515|720575940622416628|720575940626806026|720575940631848791
918,0.918000,8,1,0,1,720575940611216099|720575940612763158|720575940616459333|720575940623302988|720575940625407107|720575940626469909|720575940627653114|720575940636242778
919,0.919000,8,1,0,2,720575940610249426|720575940617828731|720575940622303446|720575940626306321|720575940626407820|720575940626530456|720575940628493572|720575940631844300
920,0.920000,10,3,0,1,720575940612358642|720575940615177099|720575940617769851|720575940621381236|720575940622913260|720575940626194428|720575940628802041|720575940633538724|720575940636730694|720575940638055869
921,0.921000,7,0,0,1,720575940610502851|720575940621595888|720575940622265894|720575940625415813|720575940626768442|720575940638847104|720575940658472065
922,0.922000,7,0,0,1,720575940612920466|720575940621074835|720575940623973837|720575940628644239|720575940632736703|720575940633145903|720575940637644659
923,0.923000,10,2,1,1,720575940605827761|720575940606123954|720575940619845547|720575940622772137|720575940623388237|720575940623758377|720575940623852873|720575940624453680|720575940638832512|720575940643558692
924,0.924000,8,2,0,0,720575940605639858|720575940619296365|720575940623718119|720575940626010554|720575940628866809|720575940630666404|720575940631372369|720575940638850512
925,0.925000,8,2,1,3,720575940609713710|720575940613829900|720575940617244347|720575940622416628|720575940625351354|720575940632875746|720575940642855328|720575940645909300
926,0.926000,7,0,1,0,720575940608918830|720575940625653223|720575940625827358|720575940626407820|720575940626469909|720575940627653114|720575940631537735
927,0.927000,6,0,0,1,720575940603823462|720575940612763158|720575940619476126|720575940623302988|720575940625587642|720575940626306321
928,0.928000,9,0,0,1,720575940610249426|720575940620027515|720575940622303446|720575940624594726|720575940625021796|720575940625407107|720575940626194428|720575940636242778|720575940638055869
929,0.929000,11,0,0,1,720575940610502851|720575940612358642|720575940616459333|720575940617828731|720575940622265894|720575940622913260|720575940624879678|720575940625415813|720575940633538724|720575940636360811|720575940658472065
930,0.930000,5,0,1,1,720575940619007296|720575940621074835|720575940624323475|720575940628644239|720575940632736703
931,0.931000,9,0,0,0,720575940612920466|720575940615177099|720575940615460754|720575940620571953|720575940622772137|720575940623260201|720575940628557178|720575940628866809|720575940629459441
932,0.932000,11,2,0,3,720575940605583136|720575940606123954|720575940609713710|720575940620020694|720575940623046548|720575940623758377|720575940624453680|720575940630666404|720575940631844300|720575940633145903|720575940643558692
933,0.933000,5,0,1,1,720575940605639858|720575940613690730|720575940626768442|720575940631372369|720575940642855328
934,0.934000,6,2,0,0,720575940626469909|720575940627140551|720575940627653114|720575940632844002|720575940637644659|720575940638832512
935,0.935000,9,0,0,3,720575940612763158|720575940615457938|720575940622416628|720575940623302988|720575940623388237|720575940625407107|720575940632875746|720575940636242778|720575940638847104
936,0.936000,8,0,0,0,720575940608918830|720575940610249426|720575940616459333|720575940617828731|720575940619476126|720575940624594726|720575940633538724|720575940658472065
937,0.937000,7,0,0,1,720575940610502851|720575940622265894|720575940622303446|720575940622913260|720575940626306321|720575940632736703|720575940638055869
938,0.938000,4,0,0,1,720575940624130253|720575940624879678|720575940626407820|720575940628644239
939,0.939000,3,1,0,1,720575940609713710|720575940615177099|720575940616569601
940,0.940000,11,3,0,1,720575940603823462|720575940612358642|720575940613836438|720575940615612066|720575940621074835|720575940621381236|720575940626194428|720575940629902206|720575940631708836|720575940642634532|720575940643558692
941,0.941000,11,1,1,1,720575940606123954|720575940620027515|720575940623758377|720575940624453680|720575940625021796|720575940625415813|720575940627653114|720575940628866809|720575940637644659|720575940642855328|720575940658101889
942,0.942000,5,0,0,1,720575940612763158|720575940612920466|720575940622772137|720575940623302988|720575940638832512
943,0.943000,8,1,0,1,720575940605639858|720575940608918830|720575940625407107|720575940626768442|720575940631125036|720575940631372369|720575940638847104|720575940641997531
944,0.944000,8,2,0,0,720575940604801993|720575940610453427|720575940616459333|720575940617828731|720575940623388237|720575940624594726|720575940626806026|720575940630666404
945,0.945000,15,0,1,2,720575940610502851|720575940615032495|720575940622265894|720575940622416628|720575940622913260|720575940625653223|720575940625968115|720575940626306321|720575940626469909|720575940628557178|720575940631844300|720575940632736703|720575940633145903|720575940638055869|720575940658472065
946,0.946000,6,1,0,1,720575940619476126|720575940625827358|720575940626407820|720575940628644239|720575940633538724|720575940633719487
947,0.947000,6,1,0,1,720575940609713710|720575940615177099|720575940617244347|720575940623718119|720575940628843458|720575940636242778
948,0.948000,12,1,1,3,720575940610249426|720575940621854563|720575940622303446|720575940623758377|720575940624879678|720575940625415813|720575940628866809|720575940631848791|720575940632875746|720575940636360811|720575940636730694|720575940642855328
949,0.949000,3,0,0,0,720575940621595888|720575940624453680|720575940643558692
950,0.950000,6,0,0,2,720575940603823462|720575940612358642|720575940622772137|720575940623302988|720575940625021796|720575940626530456
951,0.951000,6,0,0,0,720575940606123954|720575940612763158|720575940616459333|720575940621074835|720575940626194428|720575940627653114
952,0.952000,13,0,0,1,720575940608918830|720575940617828731|720575940620027515|720575940620571953|720575940623388237|720575940625407107|720575940630666404|720575940631372369|720575940631844300|720575940637644659|720575940638055869|720575940638832512|720575940645909300
953,0.953000,5,0,1,1,720575940610502851|720575940612920466|720575940622416628|720575940624323475|720575940628557178
954,0.954000,3,0,0,0,720575940619476126|720575940626306321|720575940626407820
955,0.955000,12,1,1,1,720575940611964882|720575940615177099|720575940622265894|720575940622913260|720575940623260201|720575940623973837|720575940624594726|720575940626768442|720575940628802041|720575940628866809|720575940638847104|720575940642855328
956,0.956000,7,0,0,2,720575940605639858|720575940615457938|720575940623758377|720575940628644239|720575940632736703|720575940633538724|720575940658472065
957,0.957000,6,2,0,0,720575940603823462|720575940608722371|720575940620282906|720575940626469909|720575940636242778|720575940643558692
958,0.958000,5,1,0,1,720575940610249426|720575940612358642|720575940613829900|720575940625415813|720575940627653114
959,0.959000,14,3,0,2,720575940606123954|720575940612763158|720575940613690730|720575940616459333|720575940619296365|720575940622303446|720575940623388237|720575940624879678|720575940625021796|720575940626194428|720575940630666404|720575940632875746|720575940635461550|720575940638850512
960,0.960000,8,0,1,2,720575940609713710|720575940612920466|720575940619845547|720575940622772137|720575940623302988|720575940624453680|720575940637644659|720575940638832512
961,0.961000,7,0,0,0,720575940605583136|720575940608918830|720575940610502851|720575940617828731|720575940619007296|720575940621074835|720575940633145903
962,0.962000,8,1,0,0,720575940615177099|720575940624594726|720575940626010554|720575940626407820|720575940627140551|720575940628557178|720575940629459441|720575940635978926
963,0.963000,8,1,0,1,720575940619476126|720575940622265894|720575940625351354|720575940625407107|720575940631372369|720575940631844300|720575940638055869|720575940658472065
964,0.964000,16,2,2,2,720575940605639858|720575940615612066|720575940617769851|720575940620027515|720575940622416628|720575940625653223|720575940626306321|720575940628644239|720575940628866809|720575940629902206|720575940631848791|720575940633538724|720575940642634532|720575940642855328|720575940643558692|720575940644765463
965,0.965000,5,1,0,2,720575940623758377|720575940626768442|720575940628493572|720575940631537735|720575940638847104
966,0.966000,8,1,0,2,720575940612358642|720575940615460754|720575940621381236|720575940622303446|720575940623388237|720575940630199963|720575940632598343|720575940632736703
967,0.967000,16,2,0,0,720575940603823462|720575940606123954|720575940610249426|720575940612763158|720575940622913260|720575940624453680|720575940624879678|720575940625021796|720575940625827358|720575940626137895|720575940626194428|720575940626469909|720575940627653114|720575940632614295|720575940636242778|720575940638832512
968,0.968000,5,0,0,1,720575940612920466|720575940616459333|720575940622772137|720575940623718119|720575940632875746
969,0.969000,6,0,0,1,720575940608918830|720575940617244347|720575940623302988|720575940626407820|720575940630666404|720575940637644659
970,0.970000,7,0,0,0,720575940615177099|720575940617828731|720575940619476126|720575940621074835|720575940624594726|720575940628557178|720575940634407520
971,0.971000,7,2,0,1,720575940616569601|720575940623046548|720575940625415813|720575940631372369|720575940631844300|720575940633145903|720575940638055869
972,0.972000,9,3,0,2,720575940605639858|720575940610502851|720575940620020694|720575940620571953|720575940622416628|720575940625968115|720575940628644239|720575940632844002|720575940636730694
973,0.973000,4,1,0,1,720575940609713710|720575940624784280|720575940625407107|720575940643558692
974,0.974000,8,2,1,0,720575940610453427|720575940615032495|720575940624323475|720575940624879678|720575940628843458|720575940628866809|720575940641997531|720575940658472065
975,0.975000,9,0,0,3,720575940606123954|720575940612763158|720575940620027515|720575940621595888|720575940622303446|720575940623758377|720575940626194428|720575940626306321|720575940632875746
976,0.976000,11,1,0,1,720575940612920466|720575940613836438|720575940615457938|720575940622913260|720575940623388237|720575940624453680|720575940626768442|720575940630666404|720575940638832512|720575940638847104|720575940645909300
977,0.977000,14,1,1,1,720575940608918830|720575940611216099|720575940615177099|720575940619476126|720575940622265894|720575940622772137|720575940623260201|720575940623302988|720575940623973837|720575940626469909|720575940627653114|720575940632736703|720575940636242778|720575940642855328
978,0.978000,8,0,0,1,720575940616459333|720575940617828731|720575940624594726|720575940625415813|720575940626407820|720575940626806026|720575940629459441|720575940631844300
979,0.979000,4,0,0,0,720575940603823462|720575940610502851|720575940628557178|720575940638055869
980,0.980000,6,0,0,1,720575940621074835|720575940625021796|720575940628644239|720575940631372369|720575940633538724|720575940643558692
981,0.981000,3,1,0,0,720575940631125036|720575940633145903|720575940637644659
982,0.982000,4,0,0,1,720575940605639858|720575940612358642|720575940621381236|720575940626306321
983,0.983000,6,0,0,2,720575940610249426|720575940622416628|720575940624453680|720575940625407107|720575940626530456|720575940632875746
984,0.984000,13,1,0,2,720575940612763158|720575940612920466|720575940619476126|720575940622265894|720575940622303446|720575940622772137|720575940622913260|720575940623758377|720575940626194428|720575940630666404|720575940631708836|720575940632736703|720575940658472065
985,0.985000,9,0,1,1,720575940606123954|720575940609713710|720575940613690730|720575940625415813|720575940627653114|720575940628866809|720575940638832512|720575940638847104|720575940642855328
986,0.986000,6,0,1,1,720575940608918830|720575940623302988|720575940623388237|720575940625653223|720575940626407820|720575940636242778
987,0.987000,2,0,0,0,720575940617828731|720575940638055869
988,0.988000,7,2,0,2,720575940604801993|720575940616459333|720575940624879678|720575940625021796|720575940626768442|720575940627140551|720575940631844300
989,0.989000,6,0,0,1,720575940603823462|720575940620027515|720575940625827358|720575940628644239|720575940629902206|720575940631372369
990,0.990000,11,0,0,1,720575940605583136|720575940610502851|720575940615177099|720575940615612066|720575940621074835|720575940622416628|720575940623718119|720575940626469909|720575940633538724|720575940636360811|720575940643558692
991,0.991000,8,3,0,0,720575940605827761|720575940610249426|720575940612763158|720575940624594726|720575940626306321|720575940628802041|720575940633719487|720575940637644659
992,0.992000,13,1,0,1,720575940612920466|720575940617244347|720575940619007296|720575940619476126|720575940622265894|720575940625407107|720575940627653114|720575940628557178|720575940630666404|720575940632736703|720575940632875746|720575940642634532|720575940658472065
993,0.993000,6,0,0,2,720575940608918830|720575940622303446|720575940622913260|720575940623758377|720575940624453680|720575940626194428
994,0.994000,5,0,1,0,720575940605639858|720575940620571953|720575940625415813|720575940636242778|720575940642855328
995,0.995000,9,1,0,2,720575940606123954|720575940609713710|720575940612358642|720575940617828731|720575940619296365|720575940625021796|720575940626407820|720575940638832512|720575940638847104
996,0.996000,5,0,0,1,720575940616459333|720575940623302988|720575940623388237|720575940633145903|720575940638055869
997,0.997000,8,1,2,2,720575940613829900|720575940619845547|720575940621381236|720575940622772137|720575940624323475|720575940626469909|720575940626768442|720575940628644239
998,0.998000,9,2,0,0,720575940612763158|720575940615457938|720575940623852873|720575940624879678|720575940631372369|720575940631848791|720575940633538724|720575940638850512|720575940643558692
999,0.999000,12,1,0,1,720575940610249426|720575940615032495|720575940615177099|720575940621074835|720575940622265894|720575940624594726|720575940625407107|720575940626306321|720575940627653114|720575940628843458|720575940628866809|720575940631844300
1000,1.000000,4,0,0,0,720575940610502851|720575940619476126|720575940624453680|720575940630666404
