tick,time_sec,spike_count_total,epg_spike_count,driver_spike_count,stim_afferent_spike_count,spike_ids
1,0.001000,0,0,0,0,
2,0.002000,0,0,0,0,
3,0.003000,0,0,0,0,
4,0.004000,0,0,0,0,
5,0.005000,3,0,0,3,720575940609713710|720575940622416628|720575940632875746
6,0.006000,4,0,0,4,720575940623758377|720575940626768442|720575940628644239|720575940631844300
7,0.007000,2,0,0,2,720575940612358642|720575940622303446
8,0.008000,0,0,0,0,
9,0.009000,0,0,0,0,
10,0.010000,2,0,0,1,720575940623302988|720575940636360811
11,0.011000,1,0,0,1,720575940631844300
12,0.012000,6,0,0,6,720575940612358642|720575940622416628|720575940623758377|720575940626768442|720575940628644239|720575940632875746
13,0.013000,3,0,0,2,720575940609713710|720575940622303446|720575940625587642
14,0.014000,0,0,0,0,
15,0.015000,2,0,0,1,720575940623302988|720575940624130253
16,0.016000,1,0,0,0,720575940637586751
17,0.017000,8,0,0,3,720575940606421122|720575940612358642|720575940619896711|720575940621814911|720575940623618708|720575940624394790|720575940628644239|720575940631844300
18,0.018000,12,0,0,2,720575940607982428|720575940608140380|720575940610439363|720575940613635737|720575940613863731|720575940622416628|720575940623358099|720575940623758377|720575940628346634|720575940630046524|720575940636360811|720575940639092201
19,0.019000,8,0,0,3,720575940605807206|720575940609713710|720575940622303446|720575940626768442|720575940632126860|720575940633631396|720575940635540671|720575940636411534
20,0.020000,5,0,0,0,720575940611428977|720575940619245016|720575940631207388|720575940634274458|720575940655842465
21,0.021000,9,0,0,1,720575940613915823|720575940618355870|720575940623122125|720575940625345511|720575940629630679|720575940630006636|720575940630098284|720575940632875746|720575940640486488
22,0.022000,5,0,0,0,720575940614456332|720575940618089541|720575940618332757|720575940627044885|720575940628238217
23,0.023000,20,0,0,5,720575940604737708|720575940611516586|720575940612358642|720575940613891442|720575940614137907|720575940615526978|720575940616821597|720575940621024545|720575940622416628|720575940623302988|720575940623758377|720575940625436170|720575940625691372|720575940629225463|720575940629821740|720575940631714119|720575940631844300|720575940635170484|720575940637210334|720575940639179891
24,0.024000,16,0,0,1,720575940609343089|720575940620380449|720575940620912987|720575940621393172|720575940621519130|720575940621777390|720575940625935544|720575940626039996|720575940627293370|720575940628644239|720575940630085583|720575940630372982|720575940632380216|720575940634139799|720575940636360811|720575940645834275
25,0.025000,10,0,0,1,720575940606573490|720575940615160239|720575940622303446|720575940624313406|720575940624885250|720575940626500745|720575940631043139|720575940631189817|720575940634748385|720575940646364014
26,0.026000,6,0,0,1,720575940606756030|720575940609713710|720575940626872932|720575940627053861|720575940627849515|720575940644791918
27,0.027000,12,0,0,2,720575940612943539|720575940613771798|720575940618635072|720575940621814911|720575940625563623|720575940626363529|720575940626768442|720575940627432680|720575940628375306|720575940632875746|720575940633800860|720575940637586751
28,0.028000,25,0,0,1,720575940604735660|720575940609488942|720575940612358642|720575940612868757|720575940614461014|720575940617226141|720575940619155995|720575940619866027|720575940619922512|720575940620431798|720575940620988276|720575940621367572|720575940622219190|720575940623618708|720575940623673821|720575940624130253|720575940625048250|720575940626112062|720575940627706398|720575940627826760|720575940631365260|720575940637535077|720575940637607646|720575940639209956|720575940640325429
29,0.029000,21,0,0,3,720575940604737708|720575940613303471|720575940613981905|720575940616861697|720575940620686964|720575940620918789|720575940621519130|720575940621716835|720575940621766938|720575940623019544|720575940623120222|720575940623302988|720575940623758377|720575940623992317|720575940625502666|720575940629041879|720575940630139386|720575940631844300|720575940633901395|720575940633984851|720575940635202204
30,0.030000,30,0,0,2,720575940604470240|720575940606421122|720575940607982428|720575940608144732|720575940611982997|720575940612308963|720575940613473959|720575940613693382|720575940616575557|720575940617054237|720575940618649936|720575940619636615|720575940620746478|720575940622303446|720575940622416628|720575940622517956|720575940623126697|720575940623499132|720575940623888397|720575940626044942|720575940626859080|720575940627493148|720575940629229020|720575940629459718|720575940629702905|720575940631520312|720575940632777320|720575940633631396|720575940635540671|720575940637308605
31,0.031000,14,0,0,1,720575940605780140|720575940605807206|720575940609341809|720575940617313841|720575940623358099|720575940624774839|720575940625673964|720575940627458570|720575940628644239|720575940628791812|720575940632126860|720575940635970190|720575940637210334|720575940638989894
32,0.032000,12,0,0,0,720575940606564482|720575940613193642|720575940618398533|720575940619681006|720575940620899542|720575940621325034|720575940623083242|720575940624095172|720575940624619036|720575940625558730|720575940636360811|720575940642876320
33,0.033000,20,0,0,0,720575940605607392|720575940606222014|720575940612603289|720575940614562271|720575940615792523|720575940616534338|720575940617013554|720575940617500443|720575940623122125|720575940623772564|720575940624876889|720575940627578055|720575940628154364|720575940629786624|720575940631283512|720575940631715896|720575940631721785|720575940633011256|720575940638403928|720575940640436814
34,0.034000,26,0,0,3,720575940604737708|720575940609488942|720575940609713710|720575940612358642|720575940612921746|720575940613636325|720575940616603793|720575940617755220|720575940621519130|720575940622516852|720575940623553260|720575940623748789|720575940624163303|720575940626162890|720575940626768442|720575940628861660|720575940629981440|720575940630658578|720575940632962786|720575940633178508|720575940636411534|720575940640325429|720575940642262157|720575940643112333|720575940644438551|720575940646753412
35,0.035000,25,0,0,4,720575940608188427|720575940610621026|720575940614963359|720575940616807897|720575940618355870|720575940620380449|720575940621819630|720575940622416628|720575940622540899|720575940622552675|720575940622945037|720575940623302988|720575940623758377|720575940624986919|720575940625345511|720575940625477322|720575940626013315|720575940626662277|720575940627432680|720575940627715870|720575940628339611|720575940629426025|720575940631925156|720575940632722515|720575940632875746
36,0.036000,18,0,0,2,720575940610211779|720575940614461014|720575940615999489|720575940616980737|720575940617401122|720575940621024545|720575940622303446|720575940624323110|720575940626125331|720575940626693130|720575940628016387|720575940628357714|720575940628644239|720575940630098284|720575940630480459|720575940631532396|720575940635271822|720575940637535077
37,0.037000,8,0,0,0,720575940607641010|720575940611385806|720575940614137907|720575940618332757|720575940626730883|720575940628346634|720575940633315263|720575940633800860
38,0.038000,32,0,0,1,720575940604735660|720575940607880578|720575940611206514|720575940611638258|720575940612281586|720575940615429118|720575940615948610|720575940618658974|720575940619701231|720575940620537153|720575940620571953|720575940620746478|720575940621393172|720575940623025413|720575940623067389|720575940624231143|720575940625827358|720575940625970471|720575940626039996|720575940626694288|720575940627946512|720575940629560770|720575940629630679|720575940630006636|720575940630931999|720575940631844300|720575940632669800|720575940638169917|720575940639421043|720575940639432782|720575940647081860|720575940659019649
39,0.039000,32,0,0,0,720575940605009097|720575940607155890|720575940611563310|720575940612766515|720575940613863731|720575940613891442|720575940613915823|720575940615296766|720575940615755147|720575940621775130|720575940621777390|720575940621947653|720575940623718119|720575940624376456|720575940624891941|720575940628238217|720575940628356102|720575940629327659|720575940631625979|720575940631714119|720575940632815780|720575940633631396|720575940635170484|720575940635771316|720575940636360811|720575940637071849|720575940637308605|720575940637586751|720575940637635305|720575940640852056|720575940644306592|720575940645693988
40,0.040000,38,0,1,0,720575940606222014|720575940606391218|720575940608140380|720575940610822513|720575940613635737|720575940614456332|720575940615526978|720575940616130646|720575940616507865|720575940616661465|720575940616821597|720575940617672920|720575940619636615|720575940620091038|720575940621116807|720575940621270042|720575940622517956|720575940624342569|720575940624452902|720575940625053186|720575940627044885|720575940629041879|720575940629821740|720575940630372982|720575940631313721|720575940631715896|720575940632307025|720575940632440220|720575940633116256|720575940634172267|720575940634428058|720575940635464343|720575940636879534|720575940640788725|720575940643817888|720575940645239844|720575940647755641|720575940651341558
41,0.041000,21,0,0,4,720575940609713710|720575940612358642|720575940612603289|720575940620123631|720575940622057057|720575940622158369|720575940622416628|720575940623302988|720575940624082931|720575940624163303|720575940624402173|720575940625587642|720575940627493148|720575940629459718|720575940629975516|720575940631207388|720575940631759663|720575940635540671|720575940639092201|720575940639172585|720575940640486488
42,0.042000,12,0,0,3,720575940616449465|720575940623276988|720575940623689959|720575940623758377|720575940624816115|720575940628644239|720575940632875746|720575940633308371|720575940633575575|720575940640652752|720575940641585627|720575940651932150
43,0.043000,18,0,1,2,720575940613408552|720575940616286175|720575940616604817|720575940618440000|720575940619675200|720575940622147873|720575940622303446|720575940623067389|720575940624323475|720575940624885250|720575940627826760|720575940629489260|720575940629600630|720575940629662208|720575940631844300|720575940632803795|720575940633178508|720575940634257890
44,0.044000,15,0,0,1,720575940611735514|720575940612943539|720575940613917359|720575940614730914|720575940618942977|720575940621116510|720575940623126697|720575940623888397|720575940624891941|720575940625691372|720575940626113661|720575940626768442|720575940627820806|720575940632962786|720575940640696027
45,0.045000,26,0,0,0,720575940604690278|720575940608127666|720575940610621026|720575940615084339|720575940617110028|720575940620918789|720575940621507549|720575940621814911|720575940622132545|720575940622516852|720575940622979848|720575940624130253|720575940624986919|720575940626210536|720575940627053861|720575940628577897|720575940628791812|720575940630607738|720575940631180599|720575940632898105|720575940634748385|720575940635776760|720575940639542691|720575940640325429|720575940644615716|720575940650119289
46,0.046000,21,0,0,2,720575940605658033|720575940606421122|720575940606756030|720575940611811704|720575940618156829|720575940620061793|720575940620983902|720575940622160705|720575940622416628|720575940623122125|720575940623302988|720575940623444044|720575940625561406|720575940625563623|720575940625970471|720575940630046524|720575940631319084|720575940632669800|720575940636360811|720575940636411534|720575940646183220
47,0.047000,17,0,0,2,720575940605807206|720575940609713710|720575940614363363|720575940616936226|720575940619922512|720575940621477312|720575940623432918|720575940623673821|720575940624679463|720575940628375306|720575940628494695|720575940630657015|720575940632875746|720575940633800860|720575940636992368|720575940640205501|720575940645834275
48,0.048000,17,0,0,2,720575940608140380|720575940609592270|720575940612358642|720575940617886533|720575940620657857|720575940621367572|720575940621766938|720575940621804159|720575940622945037|720575940623358099|720575940623702345|720575940627706398|720575940628644239|720575940631043139|720575940631189817|720575940633799787|720575940637902938
49,0.049000,16,0,0,1,720575940616286175|720575940617243393|720575940619245016|720575940620091038|720575940620298772|720575940620746478|720575940621174337|720575940624163303|720575940625436170|720575940628908548|720575940629225463|720575940629327659|720575940631844300|720575940632962786|720575940633208647|720575940634274458
50,0.050000,21,0,0,3,720575940604009952|720575940604470240|720575940604735660|720575940610236514|720575940611813842|720575940613408552|720575940614187006|720575940614730914|720575940618635072|720575940619549598|720575940621716835|720575940622219190|720575940622303446|720575940623758377|720575940624313406|720575940624559644|720575940626768442|720575940627253604|720575940627787609|720575940633308371|720575940637586751
51,0.051000,30,0,0,2,720575940607725321|720575940608188427|720575940609097429|720575940609343089|720575940614570415|720575940618936710|720575940621116807|720575940621519130|720575940621819630|720575940622183194|720575940622416628|720575940622633716|720575940622998627|720575940623302988|720575940623478115|720575940624323110|720575940624850434|720575940624902729|720575940626773523|720575940627351543|720575940629513222|720575940629662208|720575940631299602|720575940631306284|720575940631309866|720575940631721785|720575940631759663|720575940631985349|720575940635540671|720575940637689486
52,0.052000,10,0,0,0,720575940607949781|720575940612868757|720575940617755220|720575940619948880|720575940624986919|720575940626500745|720575940633705636|720575940634790648|720575940636360811|720575940637635305
53,0.053000,7,0,0,1,720575940605494560|720575940615792523|720575940619155995|720575940619397797|720575940624816115|720575940628456553|720575940628644239
54,0.054000,13,0,0,1,720575940605780140|720575940608098261|720575940611428977|720575940612358642|720575940613598105|720575940616861697|720575940621065301|720575940621638534|720575940624876889|720575940629975516|720575940630506358|720575940632713759|720575940636997744
55,0.055000,20,0,0,3,720575940606039241|720575940609713710|720575940613863731|720575940614562271|720575940618355870|720575940620481240|720575940623096870|720575940625935544|720575940626138701|720575940626555440|720575940627872515|720575940627924227|720575940628197392|720575940628695043|720575940631656147|720575940631844300|720575940632875746|720575940633984851|720575940639092201|720575940640486488
56,0.056000,10,0,0,1,720575940615084339|720575940616575557|720575940621814911|720575940622303446|720575940623153788|720575940623553260|720575940626662277|720575940627044885|720575940628834151|720575940641832333
57,0.057000,9,0,0,4,720575940612308963|720575940613635737|720575940622416628|720575940623302988|720575940623758377|720575940626768442|720575940629123454|720575940632689199|720575940636411534
58,0.058000,9,0,0,0,720575940611563310|720575940616821597|720575940621545606|720575940625912871|720575940627497244|720575940629630679|720575940630098284|720575940633953434|720575940639172585
59,0.059000,15,0,0,0,720575940606573490|720575940612359343|720575940615526978|720575940619559815|720575940621024545|720575940622584069|720575940624130253|720575940625557893|720575940625952755|720575940626111619|720575940631011328|720575940631207388|720575940631714119|720575940633518176|720575940638526278
60,0.060000,15,0,0,5,720575940606421122|720575940609713710|720575940612358642|720575940614137907|720575940614456332|720575940616167730|720575940619701231|720575940624619036|720575940624986919|720575940628375306|720575940628644239|720575940628861660|720575940631844300|720575940632875746|720575940636360811
61,0.061000,23,0,0,1,720575940604731838|720575940608140380|720575940611982997|720575940612281586|720575940613891442|720575940613915823|720575940615160239|720575940618332757|720575940619681006|720575940619896711|720575940620868432|720575940622303446|720575940625779075|720575940626363529|720575940627293370|720575940628346634|720575940628446010|720575940629426025|720575940630372982|720575940630745282|720575940633631396|720575940636635760|720575940637586751
62,0.062000,18,0,0,3,720575940605807206|720575940607447491|720575940611772514|720575940623302988|720575940623358099|720575940623748789|720575940623758377|720575940624231143|720575940624394790|720575940625552412|720575940626039996|720575940626768442|720575940631575327|720575940635170484|720575940636347128|720575940639124029|720575940639542691|720575940648606340
63,0.063000,5,0,0,1,720575940621393172|720575940622416628|720575940625970471|720575940627493148|720575940642262157
64,0.064000,17,0,0,0,720575940604009952|720575940611516586|720575940617313841|720575940618678045|720575940619549598|720575940619636615|720575940620899542|720575940621367572|720575940623158601|720575940623618708|720575940624885250|720575940625345511|720575940625587642|720575940630006636|720575940632669800|720575940635540671|720575940639179891
65,0.065000,14,0,0,1,720575940609341809|720575940609713710|720575940612724195|720575940612943539|720575940614363363|720575940614570415|720575940617500443|720575940623889421|720575940626051514|720575940629225463|720575940630202267|720575940631365260|720575940632102564|720575940636360811
66,0.066000,21,0,0,3,720575940606756030|720575940612358642|720575940613771798|720575940616507865|720575940616661465|720575940618089541|720575940618649936|720575940620124143|720575940625673964|720575940625691372|720575940627826760|720575940628644239|720575940628796780|720575940629041879|720575940632380216|720575940632875746|720575940637308605|720575940642876320|720575940646350702|720575940647081860|720575940647291427
67,0.067000,15,0,0,2,720575940613636325|720575940618398533|720575940619922512|720575940620802836|720575940621814911|720575940622361270|720575940623122125|720575940623302988|720575940623673821|720575940623758377|720575940628522540|720575940629393207|720575940632317997|720575940634748385|720575940636411534
68,0.068000,12,0,0,2,720575940604735660|720575940613863731|720575940616861697|720575940619548799|720575940621716835|720575940621775130|720575940622303446|720575940624163303|720575940625563623|720575940631180599|720575940631844300|720575940640486488
69,0.069000,21,0,0,0,720575940608140380|720575940612677142|720575940613635737|720575940613693382|720575940618445497|720575940621777390|720575940622057057|720575940622516852|720575940622995082|720575940624112152|720575940624130253|720575940624816115|720575940625436170|720575940626162890|720575940627458570|720575940628494695|720575940630046524|720575940632722515|720575940633800860|720575940641585627|720575940643112333
70,0.070000,22,0,0,0,720575940603012832|720575940605494560|720575940606421122|720575940613081250|720575940615084339|720575940617812696|720575940619245016|720575940619676224|720575940621024545|720575940623164515|720575940623772564|720575940624250405|720575940624986919|720575940631043139|720575940631532396|720575940632126860|720575940634274458|720575940635831438|720575940636360811|720575940639209956|720575940644791918|720575940645834275
71,0.071000,12,0,0,2,720575940609343089|720575940612358642|720575940613193642|720575940618355870|720575940618635072|720575940622416628|720575940626555440|720575940627614199|720575940627706398|720575940632440220|720575940637535077|720575940638403928
72,0.072000,12,0,0,4,720575940609713710|720575940614392682|720575940619155995|720575940623758377|720575940628644239|720575940631520312|720575940632875746|720575940634139799|720575940640652752|720575940640788725|720575940646183220|720575940655842465
73,0.073000,12,0,0,3,720575940611206514|720575940615526978|720575940615792523|720575940620061793|720575940622303446|720575940623276988|720575940623302988|720575940623444044|720575940626768442|720575940631189817|720575940631319084|720575940634257890
74,0.074000,16,0,0,1,720575940606391218|720575940614137907|720575940617672920|720575940622183194|720575940623530378|720575940624876889|720575940629229020|720575940631313721|720575940631844300|720575940632307025|720575940632962786|720575940633116256|720575940635771316|720575940637308605|720575940639432782|720575940647755641
75,0.075000,22,0,0,0,720575940610621026|720575940611563310|720575940612308963|720575940614456332|720575940615948610|720575940617054237|720575940620096238|720575940621116807|720575940624313406|720575940628238217|720575940629630679|720575940629821740|720575940630372982|720575940630931999|720575940631714119|720575940635170484|720575940635464343|720575940635540671|720575940637586751|720575940639082318|720575940644751652|720575940647081860
76,0.076000,12,0,0,0,720575940605780140|720575940607982428|720575940614958120|720575940620943969|720575940622147873|720575940622158369|720575940627044885|720575940627189071|720575940629263888|720575940631207388|720575940635271822|720575940644306592
77,0.077000,25,0,0,3,720575940605807206|720575940608188427|720575940609713710|720575940611811704|720575940612358642|720575940612868757|720575940614562271|720575940617755220|720575940618332757|720575940619559815|720575940622416628|720575940622584069|720575940623358099|720575940624619036|720575940625666964|720575940626500745|720575940628346634|720575940628861660|720575940631306284|720575940634428058|720575940636360811|720575940639092201|720575940639134835|720575940640436814|720575940643576224
78,0.078000,14,0,0,2,720575940620537153|720575940621814911|720575940623618708|720575940625558730|720575940626662277|720575940626768442|720575940627924227|720575940628120337|720575940628375306|720575940628644239|720575940628834151|720575940635776760|720575940635970190|720575940636411534
79,0.079000,16,0,0,4,720575940610439363|720575940612766515|720575940614441834|720575940615296766|720575940616821597|720575940622303446|720575940622945037|720575940623302988|720575940623553260|720575940623758377|720575940624402173|720575940628197392|720575940628339611|720575940631309866|720575940632189900|720575940632875746
80,0.080000,11,0,0,1,720575940615043368|720575940616823862|720575940621519130|720575940624163303|720575940626044942|720575940627820806|720575940628357714|720575940630006636|720575940631844300|720575940633984851|720575940637210334
81,0.081000,20,0,0,0,720575940606421122|720575940611516586|720575940612943539|720575940616861697|720575940618936710|720575940619549598|720575940619701231|720575940621367572|720575940624113993|720575940624130253|720575940624342825|720575940624885250|720575940625345511|720575940626051514|720575940626537008|720575940627351543|720575940627514567|720575940632126860|720575940632539788|720575940632777320
82,0.082000,22,0,0,1,720575940606756030|720575940611563310|720575940613537686|720575940613915823|720575940617013554|720575940617110028|720575940619548799|720575940621393172|720575940622416628|720575940625186250|720575940625935544|720575940626039996|720575940627053861|720575940627493148|720575940627826760|720575940628342171|720575940628796780|720575940629426025|720575940630098284|720575940633170969|720575940636360811|720575940639179891
83,0.083000,13,0,0,2,720575940606222014|720575940612358642|720575940613635737|720575940620912987|720575940621716835|720575940621804159|720575940621947653|720575940624106776|720575940625440019|720575940628644239|720575940632807193|720575940635113976|720575940647081860
84,0.084000,15,0,0,3,720575940609341809|720575940609713710|720575940615526978|720575940621777390|720575940622303446|720575940623122125|720575940623748789|720575940623758377|720575940625048250|720575940625489160|720575940627293370|720575940627798910|720575940634172267|720575940640486488|720575940641263312
85,0.085000,18,0,0,2,720575940607667723|720575940609592270|720575940614461014|720575940619922512|720575940620431798|720575940620988276|720575940622160705|720575940622828056|720575940623153788|720575940623302988|720575940623432918|720575940623673821|720575940625508610|720575940625691372|720575940629502251|720575940631844300|720575940632472850|720575940634748385
86,0.086000,15,0,0,2,720575940608140380|720575940611982997|720575940613863731|720575940613891442|720575940615755147|720575940620746478|720575940623689959|720575940626768442|720575940629225463|720575940632524559|720575940632875746|720575940633315263|720575940633631396|720575940637071849|720575940637586751
87,0.087000,15,0,0,0,720575940605074278|720575940613303471|720575940613473959|720575940615084339|720575940618355870|720575940620571953|720575940627174673|720575940627946512|720575940630548035|720575940631405997|720575940633800860|720575940634388927|720575940635362716|720575940635540671|720575940638677411
88,0.088000,21,0,0,0,720575940604009952|720575940604735660|720575940609343089|720575940619948880|720575940621270042|720575940622048862|720575940622219190|720575940623718119|720575940625436170|720575940625827358|720575940626308697|720575940627357457|720575940628446010|720575940628455942|720575940631189817|720575940631842360|720575940632317997|720575940637535077|720575940640325429|720575940642725320|720575940645834275
89,0.089000,14,0,0,1,720575940604470240|720575940607982428|720575940608545219|720575940610899666|720575940615429118|720575940618089541|720575940620881524|720575940621519130|720575940622416628|720575940623025413|720575940627903484|720575940631299602|720575940632407826|720575940642894628
90,0.090000,16,0,0,4,720575940605807206|720575940609713710|720575940621766938|720575940621814911|720575940622517956|720575940623758377|720575940624394790|720575940626363529|720575940627949589|720575940628644239|720575940629683500|720575940631043139|720575940631844300|720575940633705636|720575940636360811|720575940636411534
91,0.091000,7,0,1,2,720575940606573490|720575940612358642|720575940622132545|720575940622998627|720575940623302988|720575940624452902|720575940629461442
92,0.092000,9,0,0,1,720575940615160239|720575940615792523|720575940619636615|720575940628346634|720575940631142956|720575940631283512|720575940631520312|720575940632875746|720575940636992368
93,0.093000,9,0,0,1,720575940610621026|720575940611735514|720575940623358099|720575940625552412|720575940626768442|720575940627044885|720575940629377132|720575940629393207|720575940632539788
94,0.094000,13,0,0,0,720575940604731838|720575940606421122|720575940616651193|720575940617313841|720575940623862015|720575940624231143|720575940625587642|720575940626555440|720575940627281594|720575940627706398|720575940631714119|720575940639209956|720575940639542691
95,0.095000,19,0,0,5,720575940609713710|720575940612281586|720575940615084339|720575940616661465|720575940618635072|720575940618649936|720575940619754699|720575940620124143|720575940621519130|720575940622303446|720575940623758377|720575940624130253|720575940625673964|720575940628644239|720575940628908548|720575940629630679|720575940631844300|720575940631925156|720575940636360811
96,0.096000,14,0,0,2,720575940606222014|720575940612358642|720575940612868757|720575940618658974|720575940620746478|720575940622057057|720575940622416628|720575940627458570|720575940628038808|720575940632713759|720575940633178508|720575940633640493|720575940638169917|720575940646753412
97,0.097000,16,0,0,1,720575940613771798|720575940614456332|720575940616507865|720575940619896711|720575940622516852|720575940623302988|720575940624376456|720575940624986919|720575940627826760|720575940629513222|720575940630480459|720575940631207388|720575940636997744|720575940637689486|720575940639092201|720575940640852056
98,0.098000,15,0,0,2,720575940608140380|720575940618332757|720575940620868432|720575940621024545|720575940622540899|720575940624163303|720575940626768442|720575940630006636|720575940631532396|720575940631656147|720575940631715896|720575940632875746|720575940632962786|720575940636635760|720575940642262157
99,0.099000,15,0,0,0,720575940612308963|720575940613681314|720575940613693382|720575940613863731|720575940614137907|720575940620899542|720575940622183194|720575940624619036|720575940626039996|720575940628861660|720575940630046524|720575940634748385|720575940637535077|720575940640486488|720575940644791918
100,0.100000,28,0,0,3,720575940604735660|720575940609713710|720575940612724195|720575940614730914|720575940615210975|720575940615526978|720575940616285151|720575940618398533|720575940619245016|720575940619559815|720575940621393172|720575940621777390|720575940622303446|720575940622474760|720575940622584069|720575940623499132|720575940623758377|720575940623888397|720575940624313406|720575940626859080|720575940627406635|720575940630372982|720575940633800860|720575940635170484|720575940636360811|720575940637586751|720575940642876320|720575940646364014
101,0.101000,18,0,0,3,720575940605807206|720575940607982428|720575940612358642|720575940612943539|720575940613517991|720575940614562271|720575940616821597|720575940617755220|720575940618678045|720575940623276988|720575940623322921|720575940624876889|720575940624885250|720575940625345511|720575940628375306|720575940628644239|720575940631844300|720575940634274458
102,0.102000,24,0,0,1,720575940606039241|720575940611516586|720575940613635737|720575940614187006|720575940617500443|720575940620537153|720575940622416628|720575940623358099|720575940623673821|720575940624816115|720575940626111619|720575940626662277|720575940628137713|720575940629041879|720575940629225463|720575940630098284|720575940632440220|720575940633308371|720575940633631396|720575940635776760|720575940636411534|720575940638720233|720575940639124029|720575940639179891
103,0.103000,15,0,0,2,720575940605607392|720575940606756030|720575940613193642|720575940619922512|720575940621116807|720575940621367572|720575940623302988|720575940623772564|720575940626500745|720575940626768442|720575940628346634|720575940629468716|720575940629821740|720575940632380216|720575940647253795
104,0.104000,16,0,0,0,720575940604009952|720575940609284728|720575940611428977|720575940611563310|720575940613915823|720575940616861697|720575940617054237|720575940617672920|720575940619676224|720575940620096238|720575940624130253|720575940624394790|720575940627924227|720575940628197392|720575940628834151|720575940637210334
105,0.105000,16,0,0,1,720575940606421122|720575940609341809|720575940609343089|720575940613981905|720575940618089541|720575940620061793|720575940620065694|720575940622303446|720575940625436170|720575940628796780|720575940629229020|720575940632042148|720575940635932590|720575940636360811|720575940639417432|720575940643576224
106,0.106000,22,0,0,2,720575940604737708|720575940610941906|720575940612358642|720575940614979634|720575940618355870|720575940618886449|720575940619548799|720575940622219190|720575940623158601|720575940623618708|720575940623758377|720575940623889421|720575940625053186|720575940626142077|720575940627493148|720575940628522540|720575940629975516|720575940631714119|720575940632777320|720575940637308605|720575940640436814|720575940650813686
107,0.107000,17,0,0,4,720575940609713710|720575940612359343|720575940613891442|720575940619701231|720575940620481240|720575940621716835|720575940622416628|720575940623096870|720575940623122125|720575940625691372|720575940625935544|720575940627293370|720575940628644239|720575940631043139|720575940631319084|720575940632875746|720575940635771316
108,0.108000,16,0,0,1,720575940611811704|720575940615018463|720575940615410107|720575940619155995|720575940621638534|720575940621814911|720575940623153788|720575940625563623|720575940627053861|720575940628805448|720575940629192523|720575940631844300|720575940634260636|720575940645834275|720575940646183220|720575940647081860
109,0.109000,18,0,0,0,720575940606573490|720575940608188427|720575940612921746|720575940613636325|720575940614461014|720575940615084339|720575940621393172|720575940622368844|720575940622517956|720575940623553260|720575940626039996|720575940627620593|720575940629702905|720575940630668538|720575940631189817|720575940640039040|720575940640788725|720575940640851363
110,0.110000,26,0,0,1,720575940608140380|720575940613473959|720575940615526978|720575940618936710|720575940620943969|720575940621024545|720575940621174337|720575940622037926|720575940622945037|720575940623302988|720575940623444044|720575940625561406|720575940626363529|720575940627706398|720575940627820806|720575940629426025|720575940629630679|720575940631309866|720575940632809683|720575940635540671|720575940635970190|720575940637586751|720575940639092201|720575940639209956|720575940643112333|720575940644791918
111,0.111000,24,0,0,4,720575940612358642|720575940612682467|720575940614570415|720575940616167730|720575940616575557|720575940618156829|720575940619549598|720575940620123631|720575940620124143|720575940620179553|720575940621519130|720575940622303446|720575940623758377|720575940624986919|720575940626555440|720575940626768442|720575940627044885|720575940627514567|720575940627849515|720575940629437545|720575940633705636|720575940638403928|720575940640325429|720575940655842465
112,0.112000,18,0,1,1,720575940609713710|720575940610822513|720575940612868757|720575940612943539|720575940613303471|720575940616936226|720575940617110028|720575940617672226|720575940626162890|720575940627351543|720575940628016387|720575940629560770|720575940630006636|720575940633518176|720575940633631396|720575940634139799|720575940636360811|720575940640205501
113,0.113000,14,0,0,4,720575940604735660|720575940614412906|720575940622416628|720575940622712772|720575940624850434|720575940625952755|720575940627497244|720575940628375306|720575940628644239|720575940631625979|720575940631844300|720575940632875746|720575940634257890|720575940644390436
114,0.114000,22,0,0,0,720575940607982428|720575940611332325|720575940611563310|720575940614428319|720575940616581535|720575940616823862|720575940617054237|720575940617671896|720575940618510552|720575940618649936|720575940619637185|720575940619792916|720575940623862989|720575940626044942|720575940628494695|720575940629229020|720575940629459718|720575940630931999|720575940632539788|720575940633116256|720575940640486488|720575940640652752
115,0.115000,27,0,0,1,720575940609979285|720575940611206514|720575940612143075|720575940615160239|720575940616603793|720575940617013554|720575940620983902|720575940623302988|720575940623358099|720575940624130253|720575940624163303|720575940625345511|720575940627826760|720575940628238217|720575940628694019|720575940630372982|720575940631207388|720575940631520312|720575940631542732|720575940633800860|720575940635477902|720575940636411534|720575940637071849|720575940639432782|720575940643467886|720575940644751652|720575940648606340
116,0.116000,29,0,0,1,720575940606421122|720575940612358642|720575940613771798|720575940614137907|720575940614456332|720575940616390261|720575940619211361|720575940619636615|720575940619681006|720575940620746478|720575940620912987|720575940621777390|720575940622550089|720575940624619036|720575940624816115|720575940625673964|720575940627432680|720575940627458570|720575940628120337|720575940628446010|720575940629502251|720575940631313721|720575940632032460|720575940632317997|720575940632777320|720575940635271822|720575940637308605|720575940644306592|720575940651341558
117,0.117000,24,0,0,2,720575940605607392|720575940605780140|720575940605807206|720575940610653462|720575940611354597|720575940613635737|720575940615296766|720575940615631266|720575940615948610|720575940616821597|720575940619559815|720575940622183194|720575940622303446|720575940622584069|720575940624885250|720575940625186250|720575940626768442|720575940627493148|720575940628861660|720575940631985349|720575940633640493|720575940634428058|720575940643259277|720575940647755641
118,0.118000,21,0,0,2,720575940613863731|720575940614856607|720575940615755147|720575940615792523|720575940619896711|720575940621766938|720575940621814911|720575940621947653|720575940623758377|720575940626537008|720575940627872515|720575940629263888|720575940629600630|720575940630161980|720575940631714119|720575940632472850|720575940632875746|720575940633315263|720575940633984851|720575940636360811|720575940646518382
119,0.119000,27,0,0,4,720575940604009952|720575940609713710|720575940610899666|720575940612766515|720575940613891442|720575940614461014|720575940614570415|720575940614730914|720575940616449465|720575940618355870|720575940618635072|720575940619549598|720575940621519130|720575940621645309|720575940621775130|720575940622416628|720575940622945037|720575940624231143|720575940624313406|720575940628339611|720575940628644239|720575940629225463|720575940629981440|720575940631767633|720575940631844300|720575940635170484|720575940637210334
120,0.120000,17,0,0,0,720575940605658033|720575940606222014|720575940611982997|720575940615348689|720575940615429118|720575940617313841|720575940620571953|720575940623025413|720575940623122125|720575940624250405|720575940629560770|720575940632527683|720575940633631396|720575940637586751|720575940638677411|720575940644494752|720575940646753412
121,0.121000,30,0,1,1,720575940618332757|720575940618931846|720575940619845547|720575940619922512|720575940620543025|720575940621367572|720575940622132545|720575940622158369|720575940622516852|720575940623302988|720575940623673821|720575940623718119|720575940623748789|720575940624394790|720575940624402173|720575940624712206|720575940625587642|720575940625827358|720575940627798910|720575940627946512|720575940628346634|720575940631532396|720575940631702063|720575940633308371|720575940635540671|720575940636635760|720575940639421043|720575940639542691|720575940641585627|720575940645693988
122,0.122000,25,0,2,1,720575940607667723|720575940610621026|720575940612358642|720575940613915823|720575940616861697|720575940617672226|720575940617886533|720575940618398533|720575940621174337|720575940621804159|720575940624452902|720575940624986919|720575940627924227|720575940628834151|720575940629786624|720575940631180599|720575940631876577|720575940632722515|720575940632803795|720575940633575575|720575940633799787|720575940639172585|720575940639179891|720575940647291427|720575940660052865
123,0.123000,27,0,1,1,720575940611516586|720575940611563310|720575940612281586|720575940615084339|720575940620899542|720575940622540899|720575940622552675|720575940623067389|720575940623083242|720575940623553260|720575940624163303|720575940624342825|720575940625653223|720575940628034603|720575940628062714|720575940628796780|720575940630098284|720575940630506358|720575940630607738|720575940631043139|720575940631453101|720575940631625979|720575940632875746|720575940633800860|720575940640325429|720575940642894628|720575940646350702
124,0.124000,29,0,1,5,720575940606756030|720575940607725321|720575940608188427|720575940609097429|720575940609713710|720575940610822513|720575940611735514|720575940612868757|720575940613458403|720575940619487425|720575940619548799|720575940622303446|720575940622416628|720575940623276988|720575940623758377|720575940624323475|720575940624376456|720575940624891941|720575940625436170|720575940626768442|720575940626883816|720575940629991788|720575940631189817|720575940631966149|720575940632102564|720575940634172267|720575940638169917|720575940645239844|720575940659019649
125,0.125000,27,0,0,0,720575940607155890|720575940608140380|720575940609343089|720575940613588246|720575940613598105|720575940613981905|720575940614412906|720575940614562271|720575940615526978|720575940615999489|720575940616661465|720575940617755220|720575940620091038|720575940620537153|720575940622219190|720575940622995082|720575940623202633|720575940626125331|720575940626433881|720575940628908548|720575940630480459|720575940631177027|720575940636360811|720575940636574388|720575940639092201|720575940640852056|720575940642262157
126,0.126000,24,0,0,2,720575940608098261|720575940612308963|720575940614441834|720575940616507865|720575940619245016|720575940619676224|720575940620746478|720575940621716835|720575940623126697|720575940626039996|720575940626662277|720575940627826760|720575940628644239|720575940629041879|720575940629630679|720575940629683500|720575940630046524|720575940631721785|720575940631844300|720575940632380216|720575940633573836|720575940634748385|720575940636411534|720575940639082318
127,0.127000,24,0,0,1,720575940604470240|720575940604690278|720575940604731838|720575940609592270|720575940614461014|720575940617716893|720575940618658974|720575940619623407|720575940619948880|720575940620027515|720575940621116807|720575940621393172|720575940621814911|720575940623302988|720575940623432918|720575940623444044|720575940624130253|720575940625962172|720575940625970471|720575940626555440|720575940627787609|720575940629513222|720575940635831438|720575940637689486
128,0.128000,33,0,0,2,720575940604735660|720575940606421122|720575940606573490|720575940609341809|720575940611385806|720575940611813842|720575940612358642|720575940612603289|720575940612677142|720575940612943539|720575940613693382|720575940615954833|720575940616471052|720575940617401122|720575940620096238|720575940620124143|720575940621024545|720575940622057057|720575940623358099|720575940624280328|720575940626469909|720575940626500745|720575940626979621|720575940627044885|720575940627706398|720575940628791812|720575940629461442|720575940629489260|720575940629975516|720575940632669800|720575940632875746|720575940645834275|720575940647081860
129,0.129000,31,0,0,2,720575940607982428|720575940610588565|720575940613408552|720575940617672920|720575940620271636|720575940620657857|720575940620868432|720575940621640363|720575940622160705|720575940622416628|720575940622517956|720575940622945037|720575940622979848|720575940623067389|720575940623758377|720575940624679463|720575940625525739|720575940626113661|720575940627293370|720575940627715870|720575940628357714|720575940628494695|720575940629662208|720575940631656147|720575940632307025|720575940633208647|720575940633705636|720575940634274458|720575940635771316|720575940636997744|720575940639209956
130,0.130000,25,0,1,2,720575940605807206|720575940606391218|720575940608127666|720575940611428977|720575940611772514|720575940619681006|720575940621766938|720575940622303446|720575940622791364|720575940623478115|720575940623817223|720575940624891941|720575940626768442|720575940628446010|720575940628454202|720575940628910956|720575940629426025|720575940630006636|720575940630769145|720575940631715896|720575940632713759|720575940632809683|720575940640486488|720575940642855328|720575940659019649
131,0.131000,20,0,0,0,720575940604009952|720575940604653484|720575940613635737|720575940613771798|720575940614456332|720575940619675200|720575940620008758|720575940622633716|720575940624619036|720575940624876889|720575940625345511|720575940625440019|720575940627514567|720575940628455942|720575940630797624|720575940631299602|720575940631925156|720575940634388927|720575940640788725|720575940644615716
132,0.132000,17,0,0,2,720575940606222014|720575940610439363|720575940622584069|720575940623153788|720575940623302988|720575940624112152|720575940624885250|720575940625489160|720575940625552412|720575940628861660|720575940629327659|720575940629910636|720575940631844300|720575940636992368|720575940637586751|720575940641263312|720575940642876320
133,0.133000,14,0,0,3,720575940609713710|720575940612358642|720575940615036319|720575940616285151|720575940619155995|720575940619559815|720575940621116510|720575940624559644|720575940624986919|720575940625053186|720575940628644239|720575940629041879|720575940632539788|720575940645239844
134,0.134000,25,0,0,1,720575940605780140|720575940608188427|720575940613081250|720575940613863731|720575940615160239|720575940616861697|720575940617500443|720575940618355870|720575940621507549|720575940621777390|720575940622416628|720575940622516852|720575940623772564|720575940625935544|720575940626363529|720575940626848275|720575940627820806|720575940628342171|720575940628346634|720575940628375306|720575940631207388|720575940632440220|720575940634168928|720575940638526278|720575940644751652
135,0.135000,15,0,0,2,720575940613891442|720575940615084339|720575940616821597|720575940623758377|720575940623862015|720575940624394790|720575940626111619|720575940626741552|720575940627281594|720575940629489260|720575940629662208|720575940630372982|720575940631142956|720575940632317997|720575940632875746
136,0.136000,12,0,0,1,720575940607949781|720575940616286175|720575940617727793|720575940620061793|720575940621367572|720575940623444044|720575940626006200|720575940626051514|720575940626768442|720575940629225463|720575940629502251|720575940635776760
137,0.137000,22,0,0,0,720575940608909269|720575940611156978|720575940613915823|720575940614137907|720575940614392682|720575940616651193|720575940619675200|720575940619701231|720575940619754699|720575940623673821|720575940623764007|720575940623889421|720575940624106776|720575940624206728|720575940624758361|720575940624816115|720575940628796780|720575940631714119|720575940636411534|720575940638403928|720575940640436814|720575940644494752
138,0.138000,14,0,0,4,720575940609713710|720575940611563310|720575940616449858|720575940619548799|720575940619922512|720575940622303446|720575940622828056|720575940624313406|720575940625666964|720575940626555184|720575940628154364|720575940628644239|720575940631844300|720575940634441102
139,0.139000,15,0,0,2,720575940612358642|720575940614187006|720575940615792523|720575940620481240|720575940621814911|720575940622416628|720575940624280328|720575940627053861|720575940627497244|720575940627849515|720575940631365260|720575940631520312|720575940633631396|720575940636360811|720575940644651208
140,0.140000,18,0,0,2,720575940606756030|720575940613808638|720575940618936710|720575940619134789|720575940619896711|720575940623122125|720575940623302988|720575940623322921|720575940624677303|720575940625253193|720575940626555440|720575940627826760|720575940628455942|720575940629468716|720575940631189817|720575940632875746|720575940633640493|720575940641546715
141,0.141000,11,0,0,1,720575940608140380|720575940610899666|720575940611108676|720575940612868757|720575940618398533|720575940623758377|720575940625563623|720575940627713284|720575940631309866|720575940642354120|720575940644022551
142,0.142000,15,0,0,1,720575940607982428|720575940610941906|720575940611439473|720575940615526978|720575940621393172|720575940622392260|720575940624130253|720575940625845391|720575940626768442|720575940628805448|720575940629312300|720575940634257890|720575940635932590|720575940639092201|720575940639124029
143,0.143000,20,0,0,1,720575940604009952|720575940606421122|720575940611981029|720575940613193642|720575940615210975|720575940621947653|720575940622303446|720575940622552675|720575940623158601|720575940624231143|720575940625436170|720575940625587642|720575940625673964|720575940626039996|720575940628352850|720575940628861188|720575940629630679|720575940636576948|720575940636635760|720575940637586751
144,0.144000,24,0,0,3,720575940605807206|720575940606573490|720575940606664894|720575940609713710|720575940611516586|720575940612943539|720575940617110028|720575940617492822|720575940618678045|720575940620252075|720575940620983902|720575940622416628|720575940623618708|720575940627044885|720575940628644239|720575940629263888|720575940629490476|720575940635362716|720575940635540671|720575940636574388|720575940639179891|720575940642506459|720575940654607265|720575940655842465
145,0.145000,22,0,0,0,720575940608188427|720575940613258994|720575940613303471|720575940618332757|720575940618635072|720575940619245016|720575940620346417|720575940621507549|720575940622057057|720575940622066390|720575940622183194|720575940622219190|720575940623358099|720575940625691372|720575940628455942|720575940630006636|720575940630480459|720575940631319084|720575940640486488|720575940643100301|720575940643551392|720575940644745120
146,0.146000,17,0,0,1,720575940604735660|720575940612281586|720575940613635737|720575940613792296|720575940616651193|720575940617244347|720575940619675200|720575940619709899|720575940620124143|720575940622865084|720575940623302988|720575940623748789|720575940624394790|720575940625558730|720575940627493148|720575940630202267|720575940646183220
147,0.147000,12,0,0,4,720575940612358642|720575940613636325|720575940615160239|720575940619754699|720575940621270042|720575940622584069|720575940623758377|720575940625419495|720575940626768442|720575940631844300|720575940636348152|720575940645834275
148,0.148000,25,0,0,1,720575940610439363|720575940612734066|720575940613981905|720575940614456332|720575940616575557|720575940618649936|720575940620179553|720575940620537153|720575940620868432|720575940621024545|720575940621712990|720575940621716835|720575940623067686|720575940624619036|720575940624850434|720575940625779075|720575940627635441|720575940628861660|720575940629041879|720575940630046524|720575940632189900|720575940632875746|720575940634274458|720575940638306101|720575940639410291
149,0.149000,27,0,0,1,720575940605007206|720575940608140380|720575940609343089|720575940613863731|720575940615084339|720575940619676224|720575940621589887|720575940621814911|720575940622303446|720575940622523912|720575940623553260|720575940624113993|720575940624163303|720575940625203277|720575940626279486|720575940627096957|720575940627351543|720575940627458570|720575940627924227|720575940627949589|720575940629225463|720575940629461442|720575940629560770|720575940630020345|720575940631142956|720575940636360811|720575940646074391
150,0.150000,26,0,0,2,720575940609713710|720575940613891442|720575940614562271|720575940614958120|720575940616370065|720575940616861697|720575940617755220|720575940619559815|720575940620899542|720575940621833054|720575940623862015|720575940624951847|720575940627281594|720575940628137713|720575940628644239|720575940628694019|720575940628844712|720575940629821740|720575940632539788|720575940633800860|720575940636411534|720575940636963806|720575940637308605|720575940642262157|720575940643100301|720575940643551392
151,0.151000,21,0,0,1,720575940618355870|720575940619548799|720575940619896711|720575940621018977|720575940621519130|720575940622416628|720575940624885250|720575940625345511|720575940626363529|720575940627293370|720575940628346634|720575940628375306|720575940628796780|720575940628834151|720575940630968680|720575940631282194|720575940632962786|720575940635540671|720575940637535077|720575940639505792|720575940648564612
152,0.152000,25,0,0,3,720575940606039241|720575940612358642|720575940617716893|720575940619134789|720575940620889936|720575940620988276|720575940621638534|720575940622633716|720575940623691619|720575940624130253|720575940626662277|720575940626768442|720575940628642576|720575940629377132|720575940630372982|720575940631177027|720575940631207388|720575940631844300|720575940633631396|720575940633984851|720575940634260636|720575940634388927|720575940639092201|720575940640325429|720575940648606340
153,0.153000,18,0,0,1,720575940604737708|720575940611206514|720575940611811704|720575940611982997|720575940614137907|720575940617907430|720575940619152856|720575940623120222|720575940623153788|720575940625053186|720575940626555440|720575940631071559|720575940631511912|720575940632317997|720575940632875746|720575940639082318|720575940639432782|720575940640039040
154,0.154000,17,0,0,1,720575940603012832|720575940612724195|720575940613693382|720575940617313841|720575940619332944|720575940621367572|720575940621777390|720575940623431571|720575940623758377|720575940624206472|720575940626654041|720575940627826760|720575940629393207|720575940629701737|720575940631313721|720575940631714119|720575940640652752
155,0.155000,21,0,0,3,720575940604731838|720575940606421122|720575940608098261|720575940612359343|720575940613771798|720575940619155995|720575940619822784|720575940621507549|720575940622303446|720575940623302988|720575940625440019|720575940627849515|720575940628062714|720575940628197392|720575940628644239|720575940630098284|720575940630506358|720575940632380216|720575940633705636|720575940637586751|720575940640788725
156,0.156000,40,0,0,1,720575940605420902|720575940605807206|720575940607667723|720575940608144732|720575940609341809|720575940609713710|720575940611563310|720575940612943539|720575940613915823|720575940615526978|720575940616821597|720575940618089541|720575940618398533|720575940618931846|720575940619701231|720575940621766938|720575940621921285|720575940622516852|720575940623096870|720575940623122125|720575940623618708|720575940623807672|720575940625935544|720575940627189071|720575940628238217|720575940628342171|720575940628446010|720575940628494695|720575940628522540|720575940629502251|720575940631043139|720575940631189817|720575940631520312|720575940631656147|720575940632126860|720575940635271822|720575940636360811|720575940639542691|720575940641263312|720575940644306592
157,0.157000,30,0,0,1,720575940606222014|720575940610621026|720575940611014570|720575940613458403|720575940615410107|720575940615953202|720575940616167730|720575940619636615|720575940620543025|720575940620746478|720575940622416628|720575940623358099|720575940623444044|720575940624394790|720575940625952755|720575940626039996|720575940626162890|720575940626888250|720575940627820806|720575940629592143|720575940630358748|720575940631925156|720575940632440220|720575940632778051|720575940633116256|720575940633156377|720575940634748385|720575940636997744|720575940639179891|720575940644791918
158,0.158000,16,0,0,0,720575940604735660|720575940606756030|720575940609282825|720575940611516586|720575940612921746|720575940621170526|720575940621393172|720575940621446309|720575940623000858|720575940623322921|720575940624402173|720575940625525739|720575940630868281|720575940631365260|720575940632795532|720575940644751652
159,0.159000,12,0,0,1,720575940604009952|720575940613635737|720575940621814911|720575940622183194|720575940624313406|720575940626768442|720575940627715870|720575940627949589|720575940628455942|720575940630204827|720575940634545890|720575940660052865
160,0.160000,23,0,0,4,720575940605658033|720575940606664894|720575940607982428|720575940608909269|720575940614412906|720575940614815199|720575940618332757|720575940618440000|720575940622303446|720575940622584069|720575940622770410|720575940623650823|720575940623758377|720575940625436170|720575940625508610|720575940626111619|720575940627044885|720575940627497244|720575940631844300|720575940632317997|720575940632875746|720575940633178508|720575940646682676
161,0.161000,16,0,0,2,720575940608345778|720575940612358642|720575940614230499|720575940615948610|720575940620912987|720575940622219190|720575940625186250|720575940625563623|720575940627706398|720575940628644239|720575940629229020|720575940635540671|720575940636360811|720575940639209956|720575940639417432|720575940660217985
162,0.162000,15,0,0,2,720575940604470240|720575940605607392|720575940612677142|720575940617054237|720575940619922512|720575940622416628|720575940623302988|720575940623673821|720575940623955637|720575940624986919|720575940628038808|720575940631715896|720575940632539788|720575940637711686|720575940647755641
163,0.163000,18,0,0,0,720575940608140380|720575940609592270|720575940611206514|720575940615084339|720575940621640363|720575940622995082|720575940623432918|720575940624450342|720575940629225463|720575940629805950|720575940629860919|720575940630644727|720575940631532396|720575940632777320|720575940635970190|720575940637308605|720575940637535077|720575940640486488
164,0.164000,22,0,0,1,720575940609713710|720575940611563310|720575940621024545|720575940621426300|720575940621457690|720575940622057057|720575940622160705|720575940622368844|720575940622540899|720575940623862015|720575940624130253|720575940626044942|720575940627924227|720575940628834151|720575940629041879|720575940629393207|720575940629866283|720575940632868051|720575940632962786|720575940634139799|720575940634388927|720575940646753412
165,0.165000,30,0,0,0,720575940608188427|720575940612868757|720575940616651193|720575940616918843|720575940617013554|720575940617492822|720575940617672920|720575940619548799|720575940621116807|720575940621716835|720575940622257544|720575940623153788|720575940623626986|720575940624163303|720575940624876889|720575940625871408|720575940626162890|720575940627281594|720575940628375306|720575940628796780|720575940628861660|720575940629377132|720575940629630679|720575940629786624|720575940630006636|720575940632032460|720575940632524559|720575940633800860|720575940642725320|720575940651341558
166,0.166000,28,0,0,4,720575940604737708|720575940608368818|720575940614441834|720575940614963359|720575940615792523|720575940616507865|720575940616661465|720575940619549598|720575940620943969|720575940621775130|720575940621804159|720575940622303446|720575940623157996|720575940623499132|720575940623553260|720575940623758377|720575940623888397|720575940624619036|720575940624885250|720575940626768442|720575940627129290|720575940627493148|720575940632875746|720575940637586751|720575940640325429|720575940640763507|720575940642506459|720575940642876320
167,0.167000,22,0,0,3,720575940610621026|720575940613301477|720575940613490841|720575940614456332|720575940614775592|720575940620774388|720575940622416628|720575940622516852|720575940624342825|720575940624816115|720575940626308697|720575940627357457|720575940628357714|720575940628644239|720575940629560770|720575940630480459|720575940631299602|720575940631844300|720575940632407826|720575940638720233|720575940640178640|720575940640372021
168,0.168000,14,0,0,1,720575940606421122|720575940611181518|720575940612358642|720575940614461014|720575940614570415|720575940620096238|720575940622712772|720575940623897955|720575940624534972|720575940625673964|720575940628120337|720575940628346634|720575940641585627|720575940645834275
169,0.169000,21,0,0,0,720575940611439473|720575940612315699|720575940612603289|720575940613792296|720575940615166111|720575940617649954|720575940619681006|720575940620746478|720575940621589887|720575940627826760|720575940628910956|720575940629460943|720575940629461442|720575940633315263|720575940635932590|720575940636360811|720575940637210334|720575940637308605|720575940639134835|720575940640578931|720575940647253795
170,0.170000,28,0,0,0,720575940604009952|720575940605807206|720575940606222014|720575940609343089|720575940611206514|720575940613891442|720575940615948610|720575940618658974|720575940619134789|720575940619948880|720575940620065694|720575940620537153|720575940620571953|720575940621814911|720575940622474760|720575940622550089|720575940623067686|720575940623276988|720575940624231143|720575940625053186|720575940625587642|720575940629502251|720575940631142956|720575940631721785|720575940632126860|720575940637071849|720575940638169917|720575940638633806
171,0.171000,34,0,0,3,720575940609713710|720575940612734066|720575940615160239|720575940617034565|720575940617401122|720575940619636615|720575940620868432|720575940621684358|720575940621978117|720575940622132545|720575940622945037|720575940623025413|720575940623302988|720575940623618708|720575940623718119|720575940624112152|720575940624376456|720575940625048250|720575940625552412|720575940625622968|720575940625827358|720575940627406635|720575940627798910|720575940628398202|720575940631714119|720575940632825913|720575940632875746|720575940633631396|720575940638027497|720575940639404416|720575940640852056|720575940644494752|720575940645282158|720575940645693988
172,0.172000,28,0,0,3,720575940607037635|720575940607982428|720575940610822513|720575940611563310|720575940612943539|720575940615429118|720575940615526978|720575940615755147|720575940616130646|720575940616861697|720575940618355870|720575940621038294|720575940621367572|720575940621777390|720575940621947653|720575940623758377|720575940624338068|720575940626363529|720575940626694288|720575940626768442|720575940628197392|720575940628644239|720575940628706325|720575940629911503|720575940631189817|720575940635540671|720575940643259277|720575940647755641
173,0.173000,20,0,0,2,720575940613635737|720575940614137907|720575940619245016|720575940619754699|720575940621116807|720575940622236374|720575940622303446|720575940623358099|720575940623387786|720575940624130253|720575940624163303|720575940625477322|720575940628154364|720575940628446010|720575940628642576|720575940629041879|720575940631844300|720575940632713759|720575940639410291|720575940646735156
174,0.174000,23,0,1,0,720575940613154582|720575940613863731|720575940621393172|720575940624193279|720575940624449318|720575940624452902|720575940626162890|720575940627053861|720575940628455942|720575940628695043|720575940629817104|720575940629991788|720575940630548035|720575940631207388|720575940631260716|720575940637126007|720575940637607646|720575940639092201|720575940640325429|720575940640696027|720575940640851363|720575940645864739|720575940648669060
175,0.175000,22,0,0,0,720575940605074278|720575940606573490|720575940608140380|720575940608144732|720575940611428977|720575940618635072|720575940618746491|720575940621170526|720575940624206472|720575940626039996|720575940626210536|720575940626555440|720575940627820806|720575940628908548|720575940629490476|720575940629975516|720575940630046524|720575940631180599|720575940631520312|720575940632472850|720575940645990935|720575940651932150
176,0.176000,30,0,0,2,720575940605658033|720575940612358642|720575940613193642|720575940614461014|720575940614963359|720575940615084339|720575940615953202|720575940616821597|720575940618649936|720575940619896711|720575940621766938|720575940623126697|720575940623302988|720575940623889421|720575940624206728|720575940624986919|720575940625203277|720575940625935544|720575940627096957|720575940627458570|720575940629225463|720575940630098284|720575940630810695|720575940631319084|720575940633800860|720575940635776760|720575940636360811|720575940642262157|720575940643112333|720575940648570244
177,0.177000,32,0,0,1,720575940608188427|720575940610439363|720575940613636325|720575940619709899|720575940620011435|720575940620464321|720575940621024545|720575940621116510|720575940621902301|720575940622156976|720575940622158369|720575940622828056|720575940623122125|720575940624742158|720575940625666964|720575940626445852|720575940626555184|720575940628342171|720575940628352850|720575940629461442|720575940629513222|720575940630668538|720575940632807193|720575940632868051|720575940632875746|720575940634274458|720575940636635760|720575940637689486|720575940640178640|720575940640436814|720575940640788725|720575940642449909
178,0.178000,32,0,0,2,720575940606664894|720575940609713710|720575940610621026|720575940616651193|720575940617306717|720575940618332757|720575940620346417|720575940620746478|720575940622552675|720575940623444044|720575940623748789|720575940623758377|720575940623862015|720575940623888397|720575940625587642|720575940625779075|720575940627281594|720575940627293370|720575940628791812|720575940629377132|720575940629393207|720575940630883599|720575940630968680|720575940631313721|720575940631532396|720575940632440220|720575940633178508|720575940636348152|720575940636963806|720575940642506459|720575940644306592|720575940655842465
179,0.179000,35,0,0,5,720575940604735660|720575940606222014|720575940606756030|720575940610205282|720575940612724195|720575940614730914|720575940616370065|720575940616762585|720575940617691170|720575940619559815|720575940620252075|720575940621589887|720575940622303446|720575940622416628|720575940623322921|720575940624280328|720575940625561406|720575940625902266|720575940626768442|720575940627620593|720575940628644239|720575940628896168|720575940630006636|720575940630020345|720575940631575327|720575940631715896|720575940631844300|720575940633308371|720575940633640493|720575940633789011|720575940637308605|720575940640486488|720575940646074391|720575940646753412|720575940648564612
180,0.180000,30,0,0,0,720575940611206514|720575940611981029|720575940612281586|720575940612682467|720575940612766515|720575940613303471|720575940613588246|720575940613771798|720575940613981905|720575940614562271|720575940617755220|720575940619315888|720575940624394790|720575940624452548|720575940624885250|720575940625053186|720575940625419495|720575940626888250|720575940627849515|720575940629041879|720575940629895491|720575940630106309|720575940630931999|720575940631925156|720575940632809683|720575940635599758|720575940636347128|720575940640205501|720575940641546715|720575940642894628
181,0.181000,31,0,0,1,720575940604731838|720575940611813842|720575940614511279|720575940615296766|720575940615750562|720575940615948610|720575940618156829|720575940619134789|720575940619754699|720575940621519130|720575940621833054|720575940622057057|720575940622584069|720575940623302988|720575940623772564|720575940624681520|720575940624816115|720575940626500745|720575940626662277|720575940627493148|720575940628695056|720575940629701737|720575940630539535|720575940631142956|720575940632722515|720575940633116256|720575940633799787|720575940635146848|720575940635170484|720575940639082318|720575940641585627
182,0.182000,36,0,0,1,720575940605780140|720575940606010057|720575940606564482|720575940608074370|720575940608545219|720575940610588565|720575940611516586|720575940616936226|720575940617532089|720575940618263365|720575940619245016|720575940619549598|720575940619922512|720575940620537153|720575940620621190|720575940622219190|720575940623673821|720575940624163303|720575940626815120|720575940627635441|720575940627946512|720575940629240263|720575940629263888|720575940629910636|720575940631097462|720575940631842360|720575940632875746|720575940633062335|720575940633156377|720575940633705636|720575940635540671|720575940635831438|720575940639179891|720575940643100301|720575940646682676|720575940647755641
183,0.183000,37,0,0,1,720575940605007206|720575940605807206|720575940606421122|720575940611811704|720575940612358642|720575940613081250|720575940613258994|720575940613635737|720575940613891442|720575940617110028|720575940618398533|720575940620032123|720575940620124143|720575940621684358|720575940622516852|720575940623067686|720575940623358099|720575940624313406|720575940624679463|720575940625489160|720575940626650890|720575940626694288|720575940628343818|720575940628375306|720575940629961219|720575940630046524|720575940630247418|720575940630372982|720575940631283512|720575940633631396|720575940633984851|720575940636574388|720575940637586751|720575940639124029|720575940639172585|720575940639432782|720575940643551392
184,0.184000,36,0,0,3,720575940604737708|720575940608140380|720575940612308963|720575940613441320|720575940613463471|720575940614570415|720575940615160239|720575940616130646|720575940617749538|720575940619077255|720575940619332944|720575940619432261|720575940620881524|720575940621712990|720575940621716835|720575940622517956|720575940622971283|720575940624130253|720575940624342825|720575940624876889|720575940625436170|720575940626051514|720575940626768442|720575940628644239|720575940628834151|720575940629502251|720575940629630679|720575940630480459|720575940631844300|720575940632042148|720575940634115775|720575940636360811|720575940637635305|720575940637711686|720575940645676579|720575940645990935
185,0.185000,31,0,0,4,720575940607689394|720575940609713710|720575940610995410|720575940611982997|720575940614456332|720575940615770369|720575940617401122|720575940617672920|720575940617825949|720575940618405848|720575940619676224|720575940620061793|720575940622303446|720575940622416628|720575940622998627|720575940623758377|720575940624449318|720575940627044885|720575940627096957|720575940628346634|720575940628861660|720575940628876292|720575940629312300|720575940631542732|720575940631721785|720575940634274458|720575940636411534|720575940638204132|720575940639505792|720575940640578931|720575940640652752
186,0.186000,27,0,0,1,720575940605420902|720575940613792296|720575940614376615|720575940614812533|720575940614958120|720575940615210975|720575940617493460|720575940618936710|720575940619681006|720575940620561840|720575940621519130|720575940622183194|720575940622203350|720575940623302988|720575940624619036|720575940624986919|720575940625587642|720575940625617948|720575940626111619|720575940628706325|720575940631847763|720575940632059193|720575940632317997|720575940636997744|720575940644494752|720575940647081860|720575940651932150
187,0.187000,28,0,0,0,720575940604009952|720575940606391218|720575940607667723|720575940610469986|720575940611439473|720575940613915823|720575940614137907|720575940615526978|720575940615792523|720575940616702465|720575940618308987|720575940618827910|720575940620746478|720575940620868432|720575940620904614|720575940620983902|720575940623158601|720575940623201833|720575940624206472|720575940626363529|720575940627619057|720575940628238217|720575940628455942|720575940628694019|720575940632102564|720575940635464343|720575940638633806|720575940639542691
188,0.188000,23,0,0,1,720575940606664894|720575940611563310|720575940613863731|720575940616507865|720575940619487425|720575940620038779|720575940620759841|720575940625345511|720575940625970471|720575940626812218|720575940627715870|720575940627826760|720575940629683500|720575940629786624|720575940632307025|720575940632875746|720575940633573836|720575940633800860|720575940634388927|720575940638677411|720575940639092201|720575940640039040|720575940646415907
189,0.189000,34,0,0,2,720575940609341809|720575940612358642|720575940615042246|720575940616285151|720575940616603793|720575940620001958|720575940621116807|720575940621393172|720575940621777390|720575940623202633|720575940623260201|720575940623444044|720575940623618708|720575940625673964|720575940626039996|720575940627312104|720575940627497244|720575940628137713|720575940628644239|720575940629225463|720575940629560770|720575940629702905|720575940629981440|720575940631043139|720575940631309866|720575940631656147|720575940631714119|720575940632669800|720575940633308371|720575940634748385|720575940642262157|720575940644751652|720575940645693988|720575940646183220
190,0.190000,30,0,0,4,720575940607982428|720575940609097429|720575940610439363|720575940611772514|720575940615084339|720575940615612066|720575940616471052|720575940617557590|720575940618658974|720575940619701231|720575940619709899|720575940621018977|720575940621201833|720575940621367572|720575940621638534|720575940622303446|720575940623758377|720575940624534972|720575940626768442|720575940627820806|720575940628342171|720575940628490513|720575940628695043|720575940629461442|720575940629855787|720575940630135084|720575940631844300|720575940632212039|720575940635932590|720575940643543496
191,0.191000,27,0,0,1,720575940609343089|720575940609713710|720575940610941906|720575940612943539|720575940616861697|720575940618678045|720575940618930737|720575940620899542|720575940621814911|720575940624402173|720575940625352852|720575940628522540|720575940629377132|720575940629502251|720575940629911503|720575940630046524|720575940630810695|720575940631520312|720575940632032460|720575940632962786|720575940633640493|720575940635776760|720575940636360811|720575940638306101|720575940640178640|720575940643551392|720575940645864739
192,0.192000,28,0,0,2,720575940606573490|720575940608140380|720575940608345778|720575940610621026|720575940616651193|720575940616661465|720575940617244347|720575940617796642|720575940619134789|720575940619896711|720575940620802836|720575940622416628|720575940623302988|720575940623650823|720575940623862015|720575940625563623|720575940625779075|720575940626555440|720575940626813010|720575940627281594|720575940627605779|720575940628285634|720575940629393207|720575940631011328|720575940631142956|720575940631365260|720575940637126007|720575940640325429
193,0.193000,22,0,0,1,720575940604735660|720575940608188427|720575940611944914|720575940612418991|720575940618355870|720575940620179553|720575940621804159|720575940623358099|720575940623889421|720575940625622968|720575940625691372|720575940626115134|720575940626694288|720575940627538434|720575940627924227|720575940628197392|720575940628319546|720575940632795532|720575940632875746|720575940634257890|720575940648606340|720575940660217985
194,0.194000,23,0,0,1,720575940611108676|720575940612358642|720575940613891442|720575940614944977|720575940619754699|720575940621978117|720575940623096870|720575940623126697|720575940624450342|720575940625552412|720575940627293370|720575940628352850|720575940628834151|720575940629763575|720575940631207388|720575940631673484|720575940632380216|720575940634274458|720575940636348152|720575940637210334|720575940637676870|720575940640788725|720575940642617544
195,0.195000,37,0,0,1,720575940611735002|720575940614403178|720575940614412906|720575940614429165|720575940614490023|720575940615631266|720575940616821597|720575940617313841|720575940619155995|720575940619559815|720575940620091038|720575940621270042|720575940622057057|720575940622066390|720575940623153788|720575940623387786|720575940623758377|720575940624130253|720575940624330281|720575940624885250|720575940625952755|720575940626524056|720575940627447068|720575940628132745|720575940628375306|720575940628455942|720575940628791812|720575940628822805|720575940629616092|720575940630006636|720575940633631396|720575940634303132|720575940636635760|720575940636963806|720575940637666446|720575940644791918|720575940659019649
196,0.196000,38,0,0,4,720575940605777841|720575940606222014|720575940606421122|720575940608098261|720575940609592270|720575940610669614|720575940611719378|720575940612868757|720575940613981905|720575940614187006|720575940618931846|720575940619332944|720575940619681006|720575940620746478|720575940621170526|720575940622054497|720575940622303446|720575940622552675|720575940623432918|720575940623955637|720575940624231143|720575940624891941|720575940625977802|720575940626768442|720575940626778008|720575940628644239|720575940628910956|720575940629225463|720575940631721785|720575940631844300|720575940632505359|720575940634172267|720575940636306862|720575940636360811|720575940637586751|720575940638204132|720575940642876320|720575940644494752
197,0.197000,35,0,0,2,720575940605028017|720575940605807206|720575940605948076|720575940609282825|720575940609713710|720575940613588246|720575940616486230|720575940617663093|720575940617755220|720575940618635072|720575940619948880|720575940622160705|720575940622416628|720575940622540899|720575940622584069|720575940622770410|720575940622998627|720575940623122125|720575940623478115|720575940624163303|720575940624193279|720575940624449318|720575940625118096|720575940627351543|720575940627497244|720575940627849515|720575940627903484|720575940631517251|720575940631719417|720575940632189900|720575940636411534|720575940638169917|720575940643100301|720575940645239844|720575940645834275
198,0.198000,18,0,0,1,720575940608124338|720575940612359343|720575940614461014|720575940619636615|720575940623322921|720575940623553260|720575940625203277|720575940627129290|720575940627731206|720575940627826760|720575940628642576|720575940631630021|720575940632778051|720575940632875746|720575940634545890|720575940635271822|720575940640372021|720575940640486488
199,0.199000,19,0,0,0,720575940604783136|720575940606039241|720575940606756030|720575940608144732|720575940617054237|720575940617917233|720575940619245016|720575940621684358|720575940623120222|720575940623618708|720575940625508610|720575940625573653|720575940626433881|720575940628796780|720575940629489260|720575940629560770|720575940631299602|720575940642506459|720575940643551392
200,0.200000,36,0,0,0,720575940606865330|720575940610588565|720575940611385806|720575940611563310|720575940613635737|720575940613771798|720575940614456332|720575940618089541|720575940618807454|720575940619675200|720575940620481240|720575940621024545|720575940621777390|720575940623067389|720575940623067686|720575940623326941|720575940623748789|720575940623862015|720575940624619036|720575940624915435|720575940625419495|720575940625935544|720575940626425682|720575940628200506|720575940628695043|720575940628861660|720575940629229020|720575940629312300|720575940629393207|720575940630372982|720575940635146848|720575940635170484|720575940635970190|720575940644306592|720575940646074391|720575940647253795
201,0.201000,30,0,0,3,720575940604470240|720575940605607392|720575940605780140|720575940610209378|720575940612358642|720575940612734066|720575940613792296|720575940616651193|720575940617013554|720575940619548799|720575940621426300|720575940621814911|720575940621833054|720575940623758377|720575940627044885|720575940627096957|720575940627281594|720575940628644239|720575940628706325|720575940629263888|720575940629377132|720575940629461442|720575940629502251|720575940632042148|720575940632440220|720575940635540671|720575940637210334|720575940640133083|720575940644438551|720575940646350702
202,0.202000,21,0,0,3,720575940604653484|720575940606664894|720575940607982428|720575940611516586|720575940614075363|720575940615526978|720575940618649936|720575940620537153|720575940622303446|720575940622516852|720575940623302988|720575940624313406|720575940624376456|720575940624394790|720575940626010042|720575940627458570|720575940628346634|720575940631844300|720575940631985349|720575940633518176|720575940639179891
203,0.203000,19,0,0,3,720575940608188427|720575940614979634|720575940617853986|720575940618332757|720575940618398533|720575940619754699|720575940621038294|720575940622416628|720575940626768442|720575940627980955|720575940628062714|720575940628694019|720575940631714119|720575940632713759|720575940632875746|720575940636360811|720575940637635305|720575940638633806|720575940640852056
204,0.204000,15,0,0,0,720575940615160239|720575940616167730|720575940620011435|720575940621716835|720575940623444044|720575940624130253|720575940625436170|720575940625779075|720575940627706398|720575940631058280|720575940631575327|720575940632803795|720575940636347128|720575940639209956|720575940655842465
205,0.205000,33,0,0,1,720575940609713710|720575940611439473|720575940611981029|720575940613891442|720575940613915823|720575940614441834|720575940615413435|720575940616471052|720575940617492822|720575940620096238|720575940620123631|720575940622156976|720575940624452548|720575940624742158|720575940625871408|720575940626815120|720575940627820806|720575940628352850|720575940628357714|720575940628454202|720575940629327659|720575940629393207|720575940629437545|720575940629630679|720575940629702905|720575940631043139|720575940631705130|720575940633315263|720575940635837887|720575940635932590|720575940636348152|720575940636963806|720575940644651208
206,0.206000,23,0,0,1,720575940608074370|720575940611563310|720575940612677142|720575940613636325|720575940614562271|720575940620868432|720575940622945037|720575940623276988|720575940623758377|720575940623862015|720575940624876889|720575940625253193|720575940627234069|720575940630883599|720575940631520312|720575940631532396|720575940631625979|720575940633631396|720575940633800860|720575940640178640|720575940641560205|720575940644791918|720575940650813686
207,0.207000,29,0,0,4,720575940605007206|720575940606564482|720575940612358642|720575940613303471|720575940616762585|720575940619134789|720575940619709899|720575940619922512|720575940620001360|720575940620091038|720575940620571953|720575940622303446|720575940623718119|720575940623747145|720575940625827358|720575940626537008|720575940626694288|720575940628455942|720575940628494695|720575940628644239|720575940629701737|720575940629910636|720575940630098284|720575940630247418|720575940630652798|720575940631180599|720575940631844300|720575940637586751|720575940646753412
208,0.208000,25,0,0,2,720575940610205282|720575940613808638|720575940613863731|720575940615755147|720575940617907430|720575940621116807|720575940622416628|720575940623210409|720575940623673821|720575940625053186|720575940626363529|720575940626768442|720575940627053861|720575940627826760|720575940628356102|720575940629041879|720575940629225463|720575940629461442|720575940629961219|720575940635362460|720575940635952782|720575940637071849|720575940639505792|720575940640436814|720575940648570244
209,0.209000,16,0,1,2,720575940604009952|720575940606421122|720575940610822513|720575940613193642|720575940614461014|720575940619549598|720575940623302988|720575940624452902|720575940625345511|720575940625691372|720575940629489260|720575940632875746|720575940638677411|720575940639092201|720575940639417432|720575940640578931
210,0.210000,31,0,1,1,720575940605807206|720575940609343089|720575940609713710|720575940612143075|720575940612185586|720575940615018463|720575940615084339|720575940616581535|720575940616823862|720575940617672226|720575940618510552|720575940618886449|720575940620943969|720575940621393172|720575940622203350|720575940623158601|720575940623862989|720575940624816115|720575940625563623|720575940625587642|720575940625673964|720575940626039996|720575940626044942|720575940629560770|720575940629600630|720575940631207388|720575940632042148|720575940632777320|720575940635477902|720575940636360811|720575940645864739
211,0.211000,20,0,1,0,720575940607982428|720575940609097429|720575940609341809|720575940613441320|720575940617054237|720575940617671896|720575940618355870|720575940619637185|720575940619792916|720575940620171892|720575940620983902|720575940623322921|720575940623387786|720575940624323475|720575940626279486|720575940628706325|720575940629991788|720575940635540671|720575940637210334|720575940637308605
212,0.212000,38,0,0,1,720575940604735660|720575940607667723|720575940609979285|720575940612868757|720575940613693382|720575940614137907|720575940614236010|720575940616575557|720575940617110028|720575940618263365|720575940620912987|720575940621814911|720575940623758377|720575940623862015|720575940624112152|720575940624850434|720575940626693130|720575940627281594|720575940627638037|720575940627849515|720575940628455942|720575940628694019|720575940629229020|720575940629377132|720575940629393207|720575940630020345|720575940630539535|720575940630810695|720575940630968680|720575940631142956|720575940631865228|720575940633156377|720575940633462829|720575940635375200|720575940639432782|720575940639542691|720575940640652752|720575940642354120
213,0.213000,27,0,0,2,720575940611354597|720575940612358642|720575940616651193|720575940617500443|720575940619077255|720575940619211361|720575940620718318|720575940623067389|720575940623358099|720575940623444044|720575940623553260|720575940623702345|720575940624394790|720575940624986919|720575940626883816|720575940627493148|720575940627514567|720575940627946261|720575940630372982|720575940631844300|720575940632588099|720575940632639202|720575940635970190|720575940640788725|720575940643100301|720575940643551392|720575940644494752
214,0.214000,26,0,0,6,720575940608140380|720575940611428977|720575940611735514|720575940612281586|720575940613635737|720575940615526978|720575940619245016|720575940619754699|720575940620346417|720575940620899542|720575940622303446|720575940622416628|720575940623302988|720575940624130253|720575940626768442|720575940626859080|720575940627096957|720575940627872515|720575940628120337|720575940628644239|720575940630046524|720575940632875746|720575940634257890|720575940642262157|720575940644390436|720575940645834275
215,0.215000,17,0,0,1,720575940605607392|720575940606573490|720575940606664894|720575940609713710|720575940613891442|720575940615953202|720575940620689517|720575940621335167|720575940621457690|720575940621519130|720575940628695043|720575940629327659|720575940629502251|720575940629805950|720575940630006636|720575940631097462|720575940633631396
216,0.216000,20,0,0,0,720575940604737708|720575940605420902|720575940613792296|720575940614441834|720575940614570415|720575940616370065|720575940620746478|720575940621777390|720575940622517956|720575940622945037|720575940623772564|720575940625779075|720575940627432680|720575940628910956|720575940629911503|720575940631011328|720575940631714119|720575940636360811|720575940642506459|720575940645676579
217,0.217000,29,0,0,0,720575940610653462|720575940613303471|720575940614461014|720575940615348689|720575940616390261|720575940616471052|720575940616821597|720575940617825949|720575940617886533|720575940618678045|720575940619332944|720575940620124143|720575940620759841|720575940620904614|720575940621174337|720575940621902301|720575940622037926|720575940623862015|720575940624231143|720575940627253604|720575940628446010|720575940629586417|720575940632472850|720575940634274458|720575940636411534|720575940637586751|720575940638633806|720575940640486488|720575940647291427
218,0.218000,32,0,0,3,720575940606756030|720575940608188427|720575940611207922|720575940612358642|720575940614456332|720575940615410107|720575940615792523|720575940617306717|720575940619134789|720575940621018977|720575940621176837|720575940621684358|720575940623025413|720575940623758377|720575940624113993|720575940624280328|720575940625419495|720575940627044885|720575940627281594|720575940628357714|720575940628494695|720575940629377132|720575940629393207|720575940630548035|720575940631844300|720575940633308371|720575940635540671|720575940636997744|720575940639124029|720575940643112333|720575940644306592|720575940648564612
219,0.219000,44,0,0,1,720575940605028017|720575940605074278|720575940606421122|720575940610588565|720575940611516586|720575940613771798|720575940613863731|720575940615429118|720575940616507865|720575940616861697|720575940619155995|720575940619549598|720575940620252075|720575940621024545|720575940623122125|720575940623356651|720575940624342825|720575940624449318|720575940625436170|720575940625622968|720575940625666964|720575940626162890|720575940626555440|720575940626873160|720575940627293370|720575940627946512|720575940628038808|720575940628342171|720575940628644239|720575940628896168|720575940629512314|720575940630202267|720575940631043139|720575940631189817|720575940631319084|720575940631656147|720575940632042148|720575940632542253|720575940633984851|720575940636348152|720575940640325429|720575940641585627|720575940646074391|720575940651341558
220,0.220000,33,0,1,3,720575940604009952|720575940610621026|720575940611982997|720575940615042246|720575940616449465|720575940617649954|720575940619487425|720575940619845547|720575940621640363|720575940621833054|720575940622158369|720575940622183194|720575940622303446|720575940622828056|720575940623067686|720575940623302988|720575940623478115|720575940624163303|720575940624338068|720575940624986919|720575940625203277|720575940627715870|720575940628132745|720575940629225463|720575940629468716|720575940629683500|720575940631142956|720575940632875746|720575940636963806|720575940639179891|720575940643100301|720575940643551392|720575940648570244
221,0.221000,29,0,0,2,720575940607447491|720575940610899666|720575940611813842|720575940613258994|720575940614376615|720575940616055858|720575940616603793|720575940618649936|720575940619709899|720575940619766219|720575940620346417|720575940620868432|720575940621775130|720575940622416628|720575940623202633|720575940623322921|720575940623748789|720575940624130253|720575940624681520|720575940626650890|720575940626694288|720575940626768442|720575940627458570|720575940627820806|720575940629592143|720575940632189900|720575940632722515|720575940633640493|720575940639410291
222,0.222000,20,0,0,0,720575940605807206|720575940611439473|720575940613635737|720575940614368483|720575940618930737|720575940621947653|720575940622552675|720575940623120222|720575940624685290|720575940624885250|720575940627787609|720575940627826760|720575940628034603|720575940628238217|720575940629560770|720575940629630679|720575940631405997|720575940636635760|720575940642894628|720575940644494752
223,0.223000,33,0,0,2,720575940606222014|720575940608098261|720575940609713710|720575940611206514|720575940613915823|720575940613981905|720575940614789791|720575940618332757|720575940619245016|720575940619559815|720575940622516852|720575940622550089|720575940622865084|720575940623499132|720575940623888397|720575940624206728|720575940624250405|720575940624394790|720575940626111619|720575940627374598|720575940627731206|720575940628346634|720575940628455942|720575940628695043|720575940631313721|720575940631520312|720575940631844300|720575940633116256|720575940635932590|720575940636574388|720575940637071849|720575940637308605|720575940638720233
224,0.224000,25,0,0,1,720575940614562271|720575940615160239|720575940615948610|720575940616661465|720575940618130625|720575940618551481|720575940618635072|720575940620032123|720575940620402345|720575940621716835|720575940623387786|720575940624313406|720575940624619036|720575940624816115|720575940625558730|720575940626363529|720575940626662277|720575940628644239|720575940628861660|720575940629821740|720575940630931999|720575940633062335|720575940634428058|720575940644751652|720575940647755641
225,0.225000,26,0,0,3,720575940605007206|720575940612358642|720575940612734066|720575940613463471|720575940614392682|720575940615084339|720575940615954833|720575940616285151|720575940616651193|720575940617492822|720575940617755220|720575940618398533|720575940619922512|720575940620543025|720575940620746478|720575940622303446|720575940623673821|720575940623758377|720575940624206472|720575940625118096|720575940626778008|720575940627849515|720575940628706325|720575940629461442|720575940633992147|720575940640053181
226,0.226000,30,0,0,2,720575940605032550|720575940605154988|720575940606046892|720575940606664894|720575940612766515|720575940617672920|720575940619636615|720575940620065694|720575940621201833|720575940621367572|720575940621804159|720575940622971283|720575940622995082|720575940623067389|720575940623302988|720575940625935544|720575940626741552|720575940628352850|720575940629459718|720575940629763575|720575940630161980|720575940630914245|720575940631260716|720575940631673484|720575940632875746|720575940634388927|720575940634480820|720575940639092201|720575940640178640|720575940660052865
227,0.227000,33,0,0,1,720575940604735660|720575940606679142|720575940608074370|720575940615296766|720575940617716893|720575940620346417|720575940620537153|720575940622416628|720575940623059443|720575940623618708|720575940623862015|720575940624452548|720575940625557893|720575940625779075|720575940627281594|720575940628861188|720575940629041879|720575940629377132|720575940629393207|720575940631147335|720575940631575327|720575940631715896|720575940632317997|720575940632440220|720575940636347128|720575940639082318|720575940639152361|720575940640864675|720575940643100301|720575940643551392|720575940646183220|720575940647081860|720575940655013281
228,0.228000,37,0,0,1,720575940605658033|720575940606015154|720575940611563310|720575940613081250|720575940614137907|720575940615526978|720575940615953202|720575940618355870|720575940619754699|720575940620001958|720575940621684358|720575940622057057|720575940623088309|720575940623358099|720575940624130253|720575940624449318|720575940625871408|720575940626010042|720575940626024323|720575940626815120|720575940627351543|720575940628375306|720575940628834151|720575940629263888|720575940630247418|720575940630539535|720575940630665580|720575940631097462|720575940631719417|720575940631844300|720575940632868051|720575940633901395|720575940635776760|720575940637535077|720575940645864739|720575940646735156|720575940648570244
229,0.229000,30,0,0,0,720575940604731838|720575940608188427|720575940609957315|720575940610562969|720575940619675200|720575940620061793|720575940620124143|720575940621116807|720575940621814911|720575940621921285|720575940625053186|720575940625563623|720575940626555440|720575940627189071|720575940628522540|720575940628695043|720575940629312300|720575940629910636|720575940630372982|720575940631058280|720575940631207388|720575940631937042|720575940632059193|720575940632539788|720575940636348152|720575940636360811|720575940636963806|720575940639134835|720575940640763507|720575940643882184
230,0.230000,35,0,0,4,720575940608140380|720575940610205282|720575940612358642|720575940613891442|720575940614456332|720575940614963359|720575940619077255|720575940619701231|720575940619948880|720575940621393172|720575940622203350|720575940622303446|720575940623000858|720575940623758377|720575940624193279|720575940624544748|720575940624679463|720575940625691372|720575940626039996|720575940626524056|720575940626768442|720575940627493148|720575940628697538|720575940628844712|720575940628876292|720575940629502251|720575940629908540|720575940629911503|720575940629963068|720575940632795532|720575940633631396|720575940633800860|720575940634748385|720575940636411534|720575940640851363
231,0.231000,20,0,0,3,720575940605009097|720575940609713710|720575940616370065|720575940616762585|720575940616861697|720575940618936710|720575940623120222|720575940623141658|720575940623302988|720575940624163303|720575940626199429|720575940628455942|720575940628644239|720575940629225463|720575940629701737|720575940635170484|720575940635831438|720575940637586751|720575940638169917|720575940638403928
232,0.232000,28,0,0,2,720575940611811704|720575940612943539|720575940615251251|720575940616702465|720575940618263365|720575940619134789|720575940619875060|720575940620011435|720575940620096238|720575940622132545|720575940622416628|720575940622584069|720575940623067686|720575940623210409|720575940623650823|720575940626694288|720575940631142956|720575940631282194|720575940631365260|720575940632042148|720575940632212039|720575940632875746|720575940637711686|720575940638633806|720575940638677411|720575940642506459|720575940646074391|720575940660217985
233,0.233000,31,0,0,1,720575940607667723|720575940608345778|720575940612395178|720575940612868757|720575940613441320|720575940621170526|720575940621978117|720575940623122125|720575940623847728|720575940624402173|720575940624450342|720575940624876889|720575940625419495|720575940627605779|720575940628210887|720575940628226697|720575940628237705|720575940628319546|720575940629393207|720575940631177027|720575940631309866|720575940631532396|720575940631844300|720575940631925156|720575940633573836|720575940634113687|720575940634545890|720575940639505792|720575940640788725|720575940641560205|720575940645676579
234,0.234000,33,0,0,0,720575940610439363|720575940610941906|720575940611439473|720575940617841437|720575940618931846|720575940619548799|720575940619675200|720575940619709899|720575940621270042|720575940623276988|720575940624280328|720575940625779075|720575940626813010|720575940626867530|720575940626888250|720575940627096957|720575940627281594|720575940627706398|720575940627798910|720575940627826760|720575940628050950|720575940629377132|720575940629489260|720575940629490476|720575940630006636|720575940631745367|720575940631865228|720575940634168928|720575940635540671|720575940642876320|720575940643100301|720575940643551392|720575940645693988
235,0.235000,36,0,0,0,720575940606421122|720575940606756030|720575940609282825|720575940610649208|720575940613588246|720575940613636325|720575940614383978|720575940616651193|720575940617313841|720575940617853986|720575940618332757|720575940619820368|720575940620881524|720575940621446309|720575940622518197|720575940623862015|720575940623955637|720575940624986919|720575940625345511|720575940625440019|720575940626279486|720575940627044885|720575940627849515|720575940628694019|720575940629041879|720575940630202267|720575940634172267|720575940634708705|720575940635517876|720575940637274852|720575940639007395|720575940640325429|720575940642262157|720575940644751652|720575940645834275|720575940648669060
236,0.236000,49,0,0,4,720575940604009952|720575940606391218|720575940607982428|720575940609343089|720575940611563310|720575940611720690|720575940612358642|720575940614187006|720575940614684822|720575940615042246|720575940616821597|720575940618405848|720575940619759750|720575940620621190|720575940620868432|720575940621684358|720575940622183194|720575940622303446|720575940623067389|720575940623387786|720575940623553260|720575940623747145|720575940624449318|720575940624742158|720575940624915435|720575940625053186|720575940625203277|720575940626425682|720575940626768442|720575940627820806|720575940628118159|720575940628642576|720575940628644239|720575940628796780|720575940628822805|720575940628896168|720575940628908548|720575940631311660|720575940631575327|720575940632713759|720575940633156377|720575940633356881|720575940635271822|720575940635404724|720575940636347128|720575940636360811|720575940638225597|720575940640578931|720575940644494752
237,0.237000,30,0,0,2,720575940605807206|720575940606039241|720575940606453769|720575940612302042|720575940613792296|720575940615413435|720575940615612066|720575940617917396|720575940617952034|720575940620983902|720575940621038294|720575940621277445|720575940621638534|720575940622998627|720575940623758377|720575940624376456|720575940624619036|720575940625352852|720575940625489160|720575940626848275|720575940628861660|720575940629560770|720575940630020345|720575940631306284|720575940632875746|720575940633170969|720575940633640493|720575940636348152|720575940636963806|720575940638379598
238,0.238000,28,0,0,2,720575940609592270|720575940609713710|720575940610621026|720575940611719378|720575940612185586|720575940613303471|720575940615792523|720575940619245016|720575940622951181|720575940623199684|720575940623322921|720575940623374058|720575940623432918|720575940623503318|720575940624885250|720575940625587642|720575940625741287|720575940628695043|720575940629513222|720575940629817104|720575940630539535|720575940630968680|720575940631520312|720575940631844300|720575940637689486|720575940640486488|720575940644745120|720575940644791918
239,0.239000,26,0,0,1,720575940604470240|720575940605007206|720575940610209378|720575940611207922|720575940617825949|720575940619676224|720575940621777390|720575940621833054|720575940622066390|720575940622160705|720575940622516852|720575940623126697|720575940623302988|720575940624534972|720575940627129290|720575940628455942|720575940628910956|720575940631989841|720575940633799787|720575940635932590|720575940638204132|720575940640372021|720575940641263312|720575940641546715|720575940645864739|720575940651932150
240,0.240000,43,0,0,1,720575940605420902|720575940606222014|720575940606573490|720575940606664894|720575940611197658|720575940612734066|720575940613635737|720575940615084339|720575940619155995|720575940619681006|720575940620689517|720575940621457690|720575940622416628|720575940622540899|720575940623067686|720575940623618708|720575940624100075|720575940624206121|720575940624394790|720575940624816115|720575940626051514|720575940626308697|720575940626363529|720575940626620568|720575940626705937|720575940628346634|720575940629502251|720575940629630679|720575940630135084|720575940630190411|720575940631189817|720575940632524559|720575940632804435|720575940632962786|720575940633178508|720575940634274458|720575940636574388|720575940637293687|720575940640420174|720575940640852056|720575940642142861|720575940642624987|720575940646753412
241,0.241000,29,0,0,0,720575940606865330|720575940608368818|720575940611108676|720575940613517991|720575940613863731|720575940615160239|720575940616471052|720575940617244347|720575940617493460|720575940619152856|720575940620904614|720575940625673964|720575940625926693|720575940626694288|720575940627497244|720575940628706325|720575940628716926|720575940628791812|720575940630523407|720575940630810695|720575940630826827|720575940631180599|720575940631715896|720575940632042148|720575940633308371|720575940633901395|720575940639432782|720575940640652752|720575940648570244
242,0.242000,31,0,0,3,720575940604737708|720575940613915823|720575940613981905|720575940614403178|720575940614730914|720575940615210975|720575940617054237|720575940618089541|720575940618658974|720575940620746478|720575940621024545|720575940621814911|720575940623358099|720575940623478115|720575940623758377|720575940624130253|720575940624231143|720575940626768442|720575940627293370|720575940629229020|720575940630046524|720575940631058280|720575940631299602|720575940631714119|720575940632102564|720575940632407826|720575940632875746|720575940633953434|720575940635146848|720575940639410291|720575940640436814
243,0.243000,34,0,0,4,720575940608140380|720575940608188427|720575940609097429|720575940609713710|720575940611563310|720575940611813842|720575940612358642|720575940615086698|720575940619134789|720575940619409542|720575940619896711|720575940620179553|720575940620481240|720575940620537153|720575940620759841|720575940622303446|720575940623862015|720575940624112152|720575940625436170|720575940625952755|720575940626010042|720575940627281594|720575940628375306|720575940628446010|720575940628644239|720575940629489260|720575940631011328|720575940631043139|720575940632317997|720575940633631396|720575940636360811|720575940637210334|720575940637586751|720575940640178640
244,0.244000,24,0,0,2,720575940608909269|720575940609341809|720575940613891442|720575940615526978|720575940617013554|720575940617755220|720575940618398533|720575940619675200|720575940622552675|720575940623302988|720575940623673821|720575940624449318|720575940624452548|720575940626555440|720575940629461442|720575940630644727|720575940631207388|720575940631575327|720575940631844300|720575940635540671|720575940636347128|720575940638306101|720575940639179891|720575940644306592
245,0.245000,29,0,0,1,720575940605607392|720575940607982428|720575940612943539|720575940613193642|720575940614979634|720575940616651193|720575940617306717|720575940617649954|720575940619559815|720575940619754699|720575940619922512|720575940620001360|720575940620346417|720575940620718318|720575940620899542|720575940621018977|720575940621116807|720575940621684358|720575940622416628|720575940623444044|720575940627253604|720575940630883599|720575940631997101|720575940632539788|720575940638677411|720575940639092201|720575940639556467|720575940644022551|720575940646582836
246,0.246000,27,0,0,0,720575940604735660|720575940605780140|720575940611981029|720575940612418991|720575940616507865|720575940621261296|720575940621393172|720575940621716835|720575940621902301|720575940622156976|720575940623120222|720575940625563623|720575940625622968|720575940626039996|720575940627053861|720575940627826760|720575940628494695|720575940628896168|720575940629377132|720575940629393207|720575940629975516|720575940631142956|720575940631721785|720575940636635760|720575940637126007|720575940639209956|720575940643100301
247,0.247000,30,0,0,1,720575940606421122|720575940608074370|720575940611516586|720575940614376615|720575940614441834|720575940614456332|720575940618649936|720575940619549598|720575940621589887|720575940622770410|720575940623758377|720575940624313406|720575940625691372|720575940627458570|720575940627635441|720575940627706398|720575940628455942|720575940628695043|720575940629095323|720575940629225463|720575940630098284|720575940631260716|720575940632380216|720575940632440220|720575940632650271|720575940635970190|720575940636348152|720575940642506459|720575940643551392|720575940644494752
248,0.248000,33,0,0,2,720575940603012832|720575940604737708|720575940608098261|720575940610205282|720575940610822513|720575940611439473|720575940612358642|720575940613258994|720575940613792296|720575940614562271|720575940615221811|720575940615755147|720575940620657857|720575940621367572|720575940621712990|720575940625186250|720575940626034777|720575940626768442|720575940627849515|720575940628834151|720575940629821740|720575940629961219|720575940630006636|720575940630020345|720575940630968680|720575940631103744|720575940633315263|720575940636360811|720575940638633806|720575940640578931|720575940643467886|720575940646074391|720575940648606340
249,0.249000,32,0,0,4,720575940604009952|720575940605807206|720575940609713710|720575940612549799|720575940614137907|720575940616575557|720575940617110028|720575940618355870|720575940620301677|720575940621174337|720575940622057057|720575940622945037|720575940623067389|720575940624206728|720575940625666964|720575940625779075|720575940625935544|720575940626654041|720575940628644239|720575940629041879|720575940629263888|720575940629327659|720575940631844300|720575940632875746|720575940633556644|720575940637635305|720575940639542691|720575940640486488|720575940644791918|720575940646350702|720575940650813686|720575940655842465
250,0.250000,18,0,1,2,720575940614570415|720575940616861697|720575940618635072|720575940620571953|720575940622303446|720575940623067686|720575940623302988|720575940623431571|720575940623748789|720575940624452902|720575940625827358|720575940627368723|720575940627731206|720575940627949589|720575940628357714|720575940629560770|720575940631625979|720575940632126860
251,0.251000,37,0,0,0,720575940607447491|720575940612033253|720575940613891442|720575940616167730|720575940617492822|720575940618238523|720575940619077255|720575940619245016|720575940619332944|720575940619709899|720575940620011435|720575940620124143|720575940622584069|720575940623096870|720575940623322921|720575940623387786|720575940623553260|720575940623618708|720575940623718119|720575940623862015|720575940624130253|720575940624163303|720575940625419495|720575940626694288|720575940626815120|720575940627281594|720575940628352850|720575940629377132|720575940629393207|720575940630247418|720575940631097462|720575940636963806|720575940637071849|720575940640788725|720575940643100301|720575940643551392|720575940648564612
252,0.252000,33,0,1,2,720575940612551594|720575940615953202|720575940616651193|720575940617672226|720575940620252075|720575940620868432|720575940622203350|720575940622416628|720575940623158601|720575940623758377|720575940623772564|720575940624206472|720575940624338068|720575940624621968|720575940624681520|720575940625561406|720575940627980955|720575940629312300|720575940629502251|720575940629512314|720575940629683500|720575940629852419|720575940629911503|720575940629969111|720575940630202267|720575940630372982|720575940633156377|720575940633631396|720575940634113687|720575940634388927|720575940640205501|720575940646735156|720575940652734625
253,0.253000,38,0,0,1,720575940604653484|720575940606756030|720575940608188427|720575940609077828|720575940611563310|720575940612358642|720575940613635737|720575940615084339|720575940616581535|720575940616823862|720575940616936226|720575940617500443|720575940618332757|720575940619134789|720575940619754699|720575940620032123|720575940620746478|720575940621586854|720575940621589887|720575940621684358|720575940621814049|720575940622066390|720575940623358099|720575940624544748|720575940624986919|720575940625203277|720575940625345511|720575940625893507|720575940626044942|720575940628120337|720575940629489260|720575940631656147|720575940632777320|720575940633185567|720575940633800860|720575940635540671|720575940637210334|720575940648570244
254,0.254000,32,0,0,3,720575940608074370|720575940609284728|720575940609343089|720575940612143075|720575940612868757|720575940613693382|720575940614392682|720575940614461014|720575940615018463|720575940616471052|720575940616661465|720575940616821597|720575940617054237|720575940617532089|720575940618678045|720575940618886449|720575940620001958|720575940621777390|720575940622550089|720575940626363529|720575940626650890|720575940626768442|720575940627946512|720575940628644239|720575940629870843|720575940631844300|720575940632778051|720575940634139799|720575940636348152|720575940636360811|720575940636411534|720575940642506459
255,0.255000,28,0,0,2,720575940605028017|720575940606664894|720575940607667723|720575940609713710|720575940613441320|720575940614368483|720575940614789791|720575940614958120|720575940616198434|720575940617671896|720575940619487425|720575940619548799|720575940619676224|720575940621038294|720575940621814911|720575940623862989|720575940624449318|720575940624619036|720575940628342171|720575940628796780|720575940628861660|720575940629229020|720575940629592143|720575940631714119|720575940632042148|720575940632875746|720575940636347128|720575940637586751
256,0.256000,30,0,0,0,720575940610075346|720575940611735514|720575940612308963|720575940616055858|720575940617451422|720575940618551481|720575940619637185|720575940619792916|720575940620943969|720575940621426300|720575940621921285|720575940623122125|720575940623202633|720575940626555184|720575940627044885|720575940627096957|720575940627321674|720575940627351543|720575940627820806|720575940628694019|720575940628695043|720575940628876292|720575940628896168|720575940629225463|720575940629459718|720575940634441102|720575940640608219|720575940642262157|720575940648669060|720575940651305718
257,0.257000,40,0,0,1,720575940605032550|720575940606421122|720575940612677142|720575940613303471|720575940615792523|720575940616370065|720575940616762585|720575940618263365|720575940619549598|720575940619766219|720575940620983902|720575940621833054|720575940621947653|720575940622303446|720575940622828056|720575940622971283|720575940622999688|720575940623356651|720575940624685290|720575940624742158|720575940625440019|720575940626778008|720575940627234069|720575940628238217|720575940628320058|720575940628358675|720575940628455942|720575940628697538|720575940629630679|720575940629763575|720575940631520312|720575940631673484|720575940633308371|720575940639082318|720575940639505792|720575940642617544|720575940642897293|720575940645676579|720575940645834275|720575940645864739
258,0.258000,52,0,0,2,720575940604731838|720575940606010057|720575940606139308|720575940609979285|720575940610439363|720575940612734066|720575940613863731|720575940614215405|720575940614570415|720575940614684822|720575940616285151|720575940617071372|720575940617672920|720575940619155995|720575940619245016|720575940619701231|720575940620402345|720575940621012289|720575940621201833|720575940621817326|720575940622416628|720575940622600319|720575940623302988|720575940624394790|720575940624803511|720575940625673964|720575940626003130|720575940627374598|720575940627493148|720575940627713284|720575940627826760|720575940628346634|720575940628356102|720575940628446010|720575940629437545|720575940629702905|720575940629991788|720575940630539535|720575940630600775|720575940630765253|720575940630931999|720575940631142956|720575940631511912|720575940631575327|720575940631705130|720575940632809683|720575940633062335|720575940634575796|720575940638677411|720575940639124029|720575940646415907|720575940648330105
259,0.259000,32,0,0,1,720575940608140380|720575940610167665|720575940612185586|720575940613463471|720575940613981905|720575940614441834|720575940615160239|720575940615770369|720575940617313841|720575940619709899|720575940620011435|720575940620232875|720575940620769133|720575940620912987|720575940621226405|720575940622474760|720575940623758377|720575940624430060|720575940624876889|720575940624885250|720575940625118096|720575940625436170|720575940625552412|720575940626279486|720575940627293370|720575940627692565|720575940627849515|720575940640864675|720575940644390436|720575940647328900|720575940659773313|720575940660052865
260,0.260000,37,0,0,2,720575940605007206|720575940605807206|720575940606046892|720575940607982428|720575940611428977|720575940612358642|720575940615954833|720575940616603793|720575940617493460|720575940619623407|720575940622945037|720575940623025413|720575940623067389|720575940623067686|720575940623780583|720575940624280328|720575940624452548|720575940624816115|720575940625559908|720575940625779075|720575940625926693|720575940626524056|720575940626537008|720575940626859080|720575940627406635|720575940627872515|720575940629041879|720575940629468716|720575940629714704|720575940630247418|720575940631719417|720575940631844300|720575940632212039|720575940633640493|720575940633901395|720575940640578931|720575940643882184
261,0.261000,27,0,0,2,720575940610209378|720575940610499779|720575940613594783|720575940613792296|720575940615429118|720575940615953202|720575940616390261|720575940616651193|720575940617649954|720575940621024545|720575940622552675|720575940623862015|720575940624206472|720575940625419495|720575940627281594|720575940628357714|720575940628644239|720575940629560770|720575940630006636|720575940631189817|720575940631260716|720575940631865228|720575940632059193|720575940632317997|720575940632875746|720575940636360811|720575940636488805
262,0.262000,25,0,0,2,720575940605607392|720575940609713710|720575940614456332|720575940615348689|720575940616702465|720575940617825949|720575940618156829|720575940619636615|720575940622203350|720575940623059443|720575940623847728|720575940624130253|720575940624163303|720575940625587642|720575940626768442|720575940628016387|720575940630644727|720575940630914245|720575940631058280|720575940631207388|720575940634480820|720575940635375200|720575940636963806|720575940640855715|720575940644751652
263,0.263000,27,0,0,1,720575940606679142|720575940611439473|720575940613891442|720575940615526978|720575940616861697|720575940617492822|720575940619401296|720575940619559815|720575940619571009|720575940620718318|720575940621018977|720575940621174337|720575940622025548|720575940622303446|720575940623120222|720575940623478115|720575940626010042|720575940626199429|720575940626778008|720575940629377132|720575940629393207|720575940629911503|720575940632732845|720575940633992147|720575940634748385|720575940643100301|720575940643551392
264,0.264000,31,0,0,1,720575940605420902|720575940606015154|720575940606664894|720575940607667723|720575940608098261|720575940610562969|720575940610588565|720575940610653462|720575940613635737|720575940613915823|720575940614383978|720575940617716893|720575940619675200|720575940619863125|720575940621684358|720575940622183194|720575940622416628|720575940623260201|720575940623322921|720575940623553260|720575940623673821|720575940625741287|720575940626039996|720575940630046524|720575940631313721|720575940633631396|720575940633953434|720575940638633806|720575940639092201|720575940640486488|720575940642876320
265,0.265000,16,0,0,0,720575940605583136|720575940606573490|720575940615438402|720575940621393172|720575940624206728|720575940627715870|720575940628694019|720575940629952300|720575940630548035|720575940632472850|720575940635170484|720575940636574388|720575940637071849|720575940637711686|720575940651341558|720575940654167201
266,0.266000,29,0,0,2,720575940611207922|720575940611516586|720575940614137907|720575940618398533|720575940619896711|720575940620032123|720575940620096238|720575940621367572|720575940621564550|720575940622057057|720575940622516852|720575940623358099|720575940624394790|720575940624986919|720575940628522540|720575940628644239|720575940629426025|720575940629821740|720575940631745367|720575940631844300|720575940632527683|720575940632804435|720575940634172267|720575940634274458|720575940634407520|720575940639179891|720575940640325429|720575940643112333|720575940643863496
267,0.267000,17,0,0,3,720575940612358642|720575940613081250|720575940614963359|720575940615612066|720575940619948880|720575940620001360|720575940621213556|720575940621716835|720575940622158369|720575940623302988|720575940626741552|720575940632539788|720575940632875746|720575940635932590|720575940636635760|720575940636970096|720575940640039040
268,0.268000,25,0,0,2,720575940607447491|720575940608140380|720575940609713710|720575940615084339|720575940617401122|720575940618355870|720575940620124143|720575940621814911|720575940622303446|720575940623210409|720575940623650823|720575940624449318|720575940624850434|720575940625345511|720575940629600630|720575940631043139|720575940632042148|720575940632868051|720575940633800860|720575940636348152|720575940636360811|720575940637308605|720575940637586751|720575940644740256|720575940647291427
269,0.269000,16,0,0,1,720575940604009952|720575940606756030|720575940622416628|720575940626654041|720575940628319546|720575940628706325|720575940628910956|720575940629489260|720575940630202267|720575940630506358|720575940631282194|720575940631532396|720575940631985349|720575940637051503|720575940639152361|720575940655842465
270,0.270000,30,0,0,2,720575940608345778|720575940611563310|720575940611745429|720575940611811704|720575940613303471|720575940615160239|720575940616449465|720575940617244347|720575940620746478|720575940621640363|720575940623618708|720575940623642904|720575940623747145|720575940623758377|720575940624402173|720575940625871408|720575940626768442|720575940627044885|720575940627849515|720575940628038808|720575940628059155|720575940628375306|720575940628446010|720575940631365260|720575940633116256|720575940634257890|720575940637535077|720575940639417432|720575940641585627|720575940642894628
271,0.271000,32,0,0,2,720575940604735660|720575940604737708|720575940605009097|720575940605513649|720575940605780140|720575940608188427|720575940611206514|720575940612868757|720575940613753007|720575940615296766|720575940618332757|720575940619998630|720575940620537153|720575940621595888|720575940624313406|720575940625557893|720575940625558730|720575940626162890|720575940626778008|720575940627374598|720575940627706398|720575940628226697|720575940628644239|720575940629459718|720575940630931999|720575940631844300|720575940632795532|720575940633901395|720575940635540671|720575940638757464|720575940639134835|720575940646753412
272,0.272000,29,0,0,2,720575940606421122|720575940612358642|720575940612766515|720575940613281064|720575940613636325|720575940613863731|720575940613917359|720575940618649936|720575940621116807|720575940621712990|720575940621777390|720575940621804159|720575940624130253|720575940624231143|720575940625053186|720575940627068772|720575940627458570|720575940628494695|720575940628834151|720575940629041879|720575940629336631|720575940629786624|720575940631714119|720575940632875746|720575940634428058|720575940635146848|720575940636411534|720575940639542691|720575940647081860
273,0.273000,20,0,0,1,720575940609341809|720575940609343089|720575940610621026|720575940613981905|720575940616130646|720575940618635072|720575940618931846|720575940620543025|720575940623122125|720575940623302988|720575940623807672|720575940624163303|720575940626555440|720575940628346634|720575940629502251|720575940630372982|720575940633573836|720575940636360811|720575940638169917|720575940647253795
274,0.274000,18,0,0,2,720575940605807206|720575940606039241|720575940606222014|720575940607982428|720575940609713710|720575940614230499|720575940617755220|720575940619922512|720575940622303446|720575940623499132|720575940623888397|720575940624376456|720575940625563623|720575940626888250|720575940628891396|720575940635599758|720575940640178640|720575940645834275
275,0.275000,13,0,0,2,720575940609592270|720575940610941906|720575940614187006|720575940622516852|720575940623758377|720575940625203277|720575940626768442|720575940627493148|720575940632189900|720575940632651219|720575940638720233|720575940646364014|720575940653480438
276,0.276000,13,0,0,2,720575940605379506|720575940619681006|720575940619822784|720575940622416628|720575940623432918|720575940628644239|720575940629630679|720575940630644727|720575940632713759|720575940635271822|720575940639432782|720575940640436814|720575940645693988
277,0.277000,11,0,0,1,720575940615526978|720575940617952034|720575940619676224|720575940621814911|720575940622584069|720575940624885250|720575940627826760|720575940631207388|720575940631844300|720575940632440220|720575940633984851
278,0.278000,27,0,0,2,720575940611982997|720575940612358642|720575940612943539|720575940613588246|720575940614562271|720575940615084339|720575940617110028|720575940620061793|720575940620065694|720575940620746478|720575940620899542|720575940622160705|720575940622183194|720575940623302988|720575940624619036|720575940624876889|720575940627053861|720575940627787609|720575940627798910|720575940628238217|720575940631189817|720575940631520312|720575940631721785|720575940634388927|720575940639404416|720575940640652752|720575940644306592
279,0.279000,29,0,0,2,720575940609713710|720575940614456332|720575940616471052|720575940619155995|720575940621270042|720575940621393172|720575940622132545|720575940623358099|720575940623748789|720575940625253193|720575940625436170|720575940625489160|720575940626039996|720575940626363529|720575940626662277|720575940627129290|720575940628861660|720575940629461442|720575940630098284|720575940631299602|720575940632722515|720575940632875746|720575940632962786|720575940636069348|720575940639410291|720575940640788725|720575940642262157|720575940647228468|720575940647755641
280,0.280000,16,0,0,0,720575940611181518|720575940611563310|720575940614730914|720575940618936710|720575940620868432|720575940622540899|720575940623897955|720575940624112152|720575940624816115|720575940625525739|720575940628003739|720575940630444625|720575940635776760|720575940636360811|720575940637586751|720575940639710883
281,0.281000,15,0,0,2,720575940611719378|720575940612308963|720575940616575557|720575940621057702|720575940621116807|720575940621519130|720575940621638534|720575940622303446|720575940623126697|720575940623276988|720575940626768442|720575940627293370|720575940632126860|720575940640325429|720575940640486488
282,0.282000,15,0,0,0,720575940606756030|720575940608140380|720575940610439363|720575940613915823|720575940615792523|720575940616507865|720575940623888397|720575940624905404|720575940628791812|720575940630025528|720575940631309866|720575940631656147|720575940638403928|720575940640851363|720575940646183220
283,0.283000,17,0,0,3,720575940604731838|720575940606391218|720575940622416628|720575940622516852|720575940623302988|720575940623673821|720575940623758377|720575940624130253|720575940625691372|720575940627497244|720575940628908548|720575940631180599|720575940631705130|720575940635540671|720575940636411534|720575940639179891|720575940640978048
284,0.284000,18,0,0,2,720575940606421122|720575940611516586|720575940613193642|720575940616861697|720575940617313841|720575940618995541|720575940619237985|720575940619322221|720575940620129694|720575940624986919|720575940628644239|720575940628789626|720575940628834151|720575940630006636|720575940631844300|720575940637308605|720575940644492055|720575940644791918
285,0.285000,22,0,0,1,720575940605807206|720575940606436384|720575940614137907|720575940617236667|720575940618089541|720575940618355870|720575940618510265|720575940619636615|720575940619701231|720575940621367572|720575940623772564|720575940625587642|720575940629225463|720575940629426025|720575940629513222|720575940632307025|720575940632402588|720575940632875746|720575940635170484|720575940637689486|720575940637804915|720575940647081860
286,0.286000,18,0,0,2,720575940604735660|720575940607982428|720575940609713710|720575940611563310|720575940612358642|720575940617672920|720575940618745424|720575940624163303|720575940625666964|720575940625673964|720575940625935544|720575940628120402|720575940628375306|720575940631306284|720575940632539788|720575940635464343|720575940640852056|720575940641585627
287,0.287000,12,0,0,1,720575940616661465|720575940616821597|720575940621777390|720575940623444044|720575940625952755|720575940626768442|720575940627820806|720575940628197392|720575940633242449|720575940633800860|720575940635771316|720575940639421043
288,0.288000,10,0,0,1,720575940606222014|720575940620481240|720575940622303446|720575940626445852|720575940629229020|720575940629975516|720575940631714119|720575940637066352|720575940637210334|720575940637535077
289,0.289000,17,0,0,4,720575940605607392|720575940617054237|720575940621024545|720575940621116807|720575940622416628|720575940623758377|720575940624342825|720575940627706398|720575940628644239|720575940631319084|720575940631715896|720575940631844300|720575940632777320|720575940632962786|720575940633308371|720575940639092201|720575940639209956
290,0.290000,17,0,0,1,720575940606573490|720575940610621026|720575940613693382|720575940613863731|720575940617500443|720575940618678045|720575940623302988|720575940623358099|720575940623618708|720575940625345511|720575940627493148|720575940630046524|720575940634139799|720575940635831438|720575940643112333|720575940644706083|720575940646753412
291,0.291000,11,0,0,1,720575940613635737|720575940614087219|720575940620124143|720575940621519130|720575940627351543|720575940631207388|720575940631532396|720575940632875746|720575940633178508|720575940636360811|720575940644791918
292,0.292000,20,0,0,3,720575940609343089|720575940609713710|720575940612358642|720575940617013554|720575940619549598|720575940620537153|720575940621814911|720575940622995082|720575940623122125|720575940623158601|720575940624986919|720575940625561406|720575940626051514|720575940626768442|720575940633631396|720575940634257890|720575940634274458|720575940635970190|720575940637586751|720575940640325429
293,0.293000,16,0,0,0,720575940608140380|720575940613891442|720575940614441834|720575940614570415|720575940614979634|720575940615210975|720575940618649936|720575940620746478|720575940621716835|720575940623553260|720575940624231143|720575940624679463|720575940629922934|720575940630372982|720575940635540671|720575940636635760
294,0.294000,15,0,0,5,720575940604737708|720575940616936226|720575940618156829|720575940618635072|720575940619245016|720575940622303446|720575940622416628|720575940622945037|720575940623758377|720575940626044942|720575940627044885|720575940628346634|720575940628644239|720575940631844300|720575940640205501
295,0.295000,19,0,0,0,720575940604372070|720575940609341809|720575940611206514|720575940614461014|720575940616581535|720575940617054237|720575940620431798|720575940625048250|720575940627458570|720575940628357714|720575940629229020|720575940630040438|720575940630931999|720575940631876577|720575940633315263|720575940633799787|720575940636411534|720575940645834275|720575940650813686
296,0.296000,34,0,0,2,720575940604470240|720575940605009097|720575940606421122|720575940610822513|720575940611332325|720575940613771798|720575940614187006|720575940615018463|720575940615526978|720575940616823862|720575940619211361|720575940619922512|720575940619948880|720575940621116510|720575940623302988|720575940624130253|720575940624376456|720575940624816115|720575940625436170|720575940627293370|720575940628120337|720575940628238217|720575940629468716|720575940629630679|720575940631189817|720575940632126860|720575940632875746|720575940633640493|720575940638169917|720575940639124029|720575940642354120|720575940644751652|720575940646350702|720575940648606340
297,0.297000,22,0,0,1,720575940609979285|720575940612358642|720575940615296766|720575940615755147|720575940617671896|720575940618398533|720575940618886449|720575940619637185|720575940619792916|720575940622037926|720575940623862989|720575940624394790|720575940625186250|720575940629459718|720575940630098284|720575940631043139|720575940634428058|720575940635492276|720575940636360811|720575940637210334|720575940639172585|720575940642876320
298,0.298000,26,0,0,2,720575940603012832|720575940604009952|720575940605807206|720575940607982428|720575940609713710|720575940611354597|720575940612868757|720575940612943539|720575940616285151|720575940620571953|720575940621766938|720575940621947653|720575940622998627|720575940623096870|720575940623718119|720575940624113993|720575940624163303|720575940624885250|720575940625827358|720575940626768442|720575940626859080|720575940629961219|720575940631715896|720575940632777320|720575940637071849|720575940640486488
299,0.299000,21,0,2,3,720575940606756030|720575940611428977|720575940612143075|720575940616603793|720575940617672226|720575940618658974|720575940619549598|720575940621174337|720575940622057057|720575940622303446|720575940624452902|720575940626363529|720575940628339611|720575940628644239|720575940631844300|720575940633116256|720575940633631396|720575940635776760|720575940640696027|720575940645990935|720575940647291427
300,0.300000,15,0,0,1,720575940614441834|720575940614562271|720575940617755220|720575940621393172|720575940622945037|720575940623025413|720575940623758377|720575940626039996|720575940629123454|720575940629225463|720575940629560770|720575940631625979|720575940632102564|720575940634748385|720575940655842465
301,0.301000,14,0,0,0,720575940604735660|720575940610439363|720575940613303471|720575940614456332|720575940614570415|720575940615429118|720575940618510552|720575940623673821|720575940624890296|720575940626537008|720575940627872515|720575940629702905|720575940629821740|720575940630006636
302,0.302000,22,0,0,3,720575940609284728|720575940613891442|720575940615084339|720575940615160239|720575940615348689|720575940618355870|720575940619896711|720575940620912987|720575940620943969|720575940621804159|720575940622416628|720575940623302988|720575940624250405|720575940624619036|720575940625935544|720575940625970471|720575940628357714|720575940629683500|720575940632875746|720575940635170484|720575940642262157|720575940644390436
303,0.303000,29,0,0,1,720575940612281586|720575940612358642|720575940613193642|720575940614137907|720575940614236010|720575940614461014|720575940617886533|720575940620899542|720575940621814911|720575940622219190|720575940622516852|720575940622517956|720575940622540899|720575940623444044|720575940623689959|720575940624313406|720575940625673964|720575940627924227|720575940627946512|720575940628016387|720575940629437545|720575940631207388|720575940631405997|720575940631714119|720575940632440220|720575940632669800|720575940636997744|720575940639179891|720575940646518382
304,0.304000,19,0,2,4,720575940609713710|720575940610941906|720575940611516586|720575940612677142|720575940615792523|720575940618332757|720575940619845547|720575940622158369|720575940622303446|720575940623153788|720575940624323475|720575940626555440|720575940626768442|720575940628356102|720575940628644239|720575940632803795|720575940635477902|720575940635540671|720575940636360811
305,0.305000,23,0,1,0,720575940607667723|720575940611735514|720575940611772514|720575940611811704|720575940613863731|720575940616390261|720575940616449465|720575940616984588|720575940619155995|720575940621176837|720575940621367572|720575940623553260|720575940623748789|720575940624836124|720575940625653223|720575940628034603|720575940628375306|720575940629981440|720575940631520312|720575940632527683|720575940633692823|720575940634172267|720575940639092201
306,0.306000,25,0,0,2,720575940604737708|720575940610075346|720575940612766515|720575940613473959|720575940613635737|720575940617110028|720575940620983902|720575940623067389|720575940623358099|720575940623758377|720575940624130253|720575940625587642|720575940626672314|720575940626883816|720575940627849515|720575940629426025|720575940629600630|720575940630480459|720575940631844300|720575940632380216|720575940632809683|720575940637586751|720575940638677411|720575940639432782|720575940639542691
307,0.307000,14,0,0,0,720575940605780140|720575940609097429|720575940613915823|720575940616821597|720575940622183194|720575940622865084|720575940623122125|720575940625345511|720575940629991788|720575940630607738|720575940631043139|720575940631542732|720575940636411534|720575940640436814
308,0.308000,20,0,0,3,720575940606421122|720575940613517991|720575940613636325|720575940616167730|720575940616861697|720575940618021332|720575940619487425|720575940619559815|720575940620124143|720575940620868432|720575940621775130|720575940622416628|720575940623302988|720575940623889421|720575940624402173|720575940628694019|720575940628861660|720575940631180599|720575940632875746|720575940637535077
309,0.309000,30,0,0,5,720575940604653484|720575940605607392|720575940605807206|720575940606756030|720575940607155890|720575940608140380|720575940609343089|720575940609713710|720575940611108676|720575940612308963|720575940612358642|720575940615410107|720575940619681006|720575940620096238|720575940620171892|720575940621116807|720575940622303446|720575940622584069|720575940623772564|720575940624394790|720575940624876889|720575940625552412|720575940626768442|720575940628346634|720575940628446010|720575940628644239|720575940629502251|720575940633800860|720575940640039040|720575940646364014
310,0.310000,12,0,0,0,720575940604009952|720575940605074278|720575940614412906|720575940616507865|720575940623202633|720575940626500745|720575940627044885|720575940629041879|720575940629560770|720575940630372982|720575940636360811|720575940645239844
311,0.311000,19,0,0,1,720575940606573490|720575940608188427|720575940611385806|720575940613981905|720575940619245016|720575940619676224|720575940620091038|720575940620881524|720575940627787609|720575940628494695|720575940629263888|720575940630046524|720575940631844300|720575940632472850|720575940632807193|720575940635540671|720575940640486488|720575940640788725|720575940651341558
312,0.312000,18,0,0,1,720575940611982997|720575940612359343|720575940615526978|720575940620061793|720575940620543025|720575940620657857|720575940623758377|720575940624986919|720575940626113661|720575940627620593|720575940631925156|720575940632042148|720575940632539788|720575940632713759|720575940633705636|720575940633984851|720575940634274458|720575940643283872
313,0.313000,33,0,0,1,720575940608098261|720575940610588565|720575940613598105|720575940613771798|720575940616471052|720575940617313841|720575940618398533|720575940619701231|720575940620686964|720575940621024545|720575940621777390|720575940622416628|720575940623067389|720575940623478115|720575940624885250|720575940625436170|720575940627293370|720575940627826760|720575940628522540|720575940628796780|720575940628834151|720575940629630679|720575940629662208|720575940630548035|720575940631071559|720575940631656147|720575940632317997|720575940633208647|720575940633631396|720575940633953434|720575940635271822|720575940640652752|720575940644306592
314,0.314000,28,0,0,4,720575940608127666|720575940609592270|720575940612358642|720575940612943539|720575940618355870|720575940619548799|720575940619896711|720575940619922512|720575940621270042|720575940621716835|720575940622160705|720575940622219190|720575940622517956|720575940623302988|720575940623432918|720575940623444044|720575940624231143|720575940624619036|720575940624850434|720575940625563623|720575940626111619|720575940626433881|720575940626768442|720575940627053861|720575940629225463|720575940629327659|720575940632875746|720575940659019649
315,0.315000,26,0,0,3,720575940604470240|720575940604735660|720575940607982428|720575940609713710|720575940611563310|720575940613693382|720575940613891442|720575940614456332|720575940614461014|720575940621393172|720575940621507549|720575940622303446|720575940622552675|720575940622979848|720575940623358099|720575940624891941|720575940626039996|720575940628342171|720575940628644239|720575940630006636|720575940631142956|720575940631842360|720575940632809683|720575940637586751|720575940645834275|720575940660052865
316,0.316000,17,0,0,0,720575940610941906|720575940615084339|720575940618936710|720575940622057057|720575940624130253|720575940625053186|720575940626555440|720575940628197392|720575940629461442|720575940629910636|720575940631306284|720575940632524559|720575940633308371|720575940634168928|720575940636635760|720575940639082318|720575940642894628
317,0.317000,12,0,0,2,720575940608545219|720575940612868757|720575940614392682|720575940620537153|720575940620746478|720575940621814911|720575940623758377|720575940626308697|720575940626693130|720575940631309866|720575940631844300|720575940647081860
318,0.318000,10,0,0,0,720575940611428977|720575940616661465|720575940618635072|720575940626662277|720575940627357457|720575940627713284|720575940627924227|720575940629489260|720575940631189817|720575940633640493
319,0.319000,24,0,0,2,720575940606421122|720575940613081250|720575940613863731|720575940617500443|720575940617755220|720575940619403942|720575940623158601|720575940623302988|720575940623673821|720575940624112152|720575940624559644|720575940625935544|720575940627189071|720575940627432680|720575940628375306|720575940628455942|720575940631207388|720575940631313721|720575940631520312|720575940631714119|720575940632875746|720575940636411534|720575940638403928|720575940639092201
320,0.320000,15,0,0,1,720575940613537686|720575940616861697|720575940621367572|720575940621519130|720575940622550089|720575940623153788|720575940626768442|720575940627351543|720575940627635441|720575940628454202|720575940631319084|720575940639179891|720575940639417432|720575940641263312|720575940646183220
321,0.321000,15,0,0,2,720575940607949781|720575940608140380|720575940609341809|720575940609713710|720575940612358642|720575940612724195|720575940613635737|720575940614958120|720575940625440019|720575940628343818|720575940628346634|720575940628861660|720575940636360811|720575940636992368|720575940637308605
322,0.322000,19,0,0,3,720575940605807206|720575940611516586|720575940618678045|720575940619559815|720575940620124143|720575940620380449|720575940622303446|720575940622416628|720575940622584069|720575940623067686|720575940623618708|720575940624280328|720575940624394790|720575940625508610|720575940629821740|720575940631177027|720575940631844300|720575940644615716|720575940647253795
323,0.323000,13,0,0,1,720575940604731838|720575940614137907|720575940614562271|720575940618827910|720575940622828056|720575940623444044|720575940623758377|720575940625573653|720575940627820806|720575940628694019|720575940630668538|720575940635540671|720575940638526278
324,0.324000,17,0,0,2,720575940604009952|720575940606039241|720575940606664894|720575940611981029|720575940612281586|720575940615160239|720575940619134789|720575940619896711|720575940621645309|720575940622183194|720575940623302988|720575940624106776|720575940626363529|720575940629327659|720575940632875746|720575940633518176|720575940642262157
325,0.325000,23,0,0,2,720575940604737708|720575940612734066|720575940613915823|720575940618649936|720575940619155995|720575940619948880|720575940621777390|720575940624313406|720575940625673964|720575940626768442|720575940627458570|720575940627798910|720575940627946512|720575940628644239|720575940629225463|720575940630098284|720575940632317997|720575940632440220|720575940633631396|720575940634388927|720575940641546715|720575940647228468|720575940660229505
326,0.326000,17,0,0,1,720575940606756030|720575940612358642|720575940615526978|720575940615792523|720575940616285151|720575940616651193|720575940616821597|720575940617716893|720575940621638534|720575940625489160|720575940627849515|720575940631365260|720575940634407520|720575940634748385|720575940636360811|720575940640978048|720575940644751652
327,0.327000,14,0,0,2,720575940609713710|720575940613303471|720575940619754699|720575940622416628|720575940623122125|720575940624206728|720575940625666964|720575940626039996|720575940626741552|720575940628844712|720575940628873722|720575940642876320|720575940647291427|720575940648606340
328,0.328000,22,0,1,1,720575940605780140|720575940612943539|720575940613771798|720575940613981905|720575940615084339|720575940619676224|720575940621393172|720575940621640363|720575940621712990|720575940622303446|720575940623358099|720575940623807672|720575940624876889|720575940624885250|720575940625691372|720575940626848275|720575940628062714|720575940629426025|720575940631142956|720575940639542691|720575940640486488|720575940640749939
329,0.329000,30,0,0,2,720575940608909269|720575940613891442|720575940617244347|720575940618355870|720575940618398533|720575940618931846|720575940619332944|720575940619922512|720575940620179553|720575940621008734|720575940622995082|720575940623748789|720575940623758377|720575940623764007|720575940625587642|720575940626609234|720575940628805448|720575940628834151|720575940628861188|720575940630358748|720575940631844300|720575940634115775|720575940636411534|720575940636574388|720575940636576948|720575940636997744|720575940639124029|720575940642506459|720575940646364014|720575940655842465
330,0.330000,15,0,0,2,720575940604735660|720575940611014570|720575940614187006|720575940618936710|720575940623302988|720575940624619036|720575940625558730|720575940626051514|720575940627044885|720575940627493148|720575940629630679|720575940631207388|720575940632539788|720575940632875746|720575940634257890
331,0.331000,24,0,0,0,720575940607982428|720575940609343089|720575940613458403|720575940614456332|720575940619701231|720575940620912987|720575940622516852|720575940624130253|720575940624394790|720575940625436170|720575940625563623|720575940625952755|720575940626555440|720575940626872932|720575940628197392|720575940629502251|720575940631985349|720575940632380216|720575940632868051|720575940635492276|720575940637308605|720575940637586751|720575940638306101|720575940638874202
332,0.332000,19,0,0,4,720575940606421122|720575940606573490|720575940608188427|720575940609713710|720575940620899542|720575940621766938|720575940621814911|720575940622219190|720575940622416628|720575940625345511|720575940626768442|720575940626859080|720575940628375306|720575940628455942|720575940628644239|720575940630006636|720575940630372982|720575940632778051|720575940636360811
333,0.333000,12,0,0,0,720575940610941906|720575940613798142|720575940615210975|720575940619245016|720575940620868432|720575940621024545|720575940621947653|720575940623889421|720575940627497244|720575940630046524|720575940633640493|720575940639410291
334,0.334000,15,0,0,1,720575940607667723|720575940608140380|720575940613635737|720575940618089541|720575940619636615|720575940621367572|720575940622303446|720575940622309726|720575940623553260|720575940625203277|720575940627924227|720575940633800860|720575940639179891|720575940639432782|720575940646350702
335,0.335000,17,0,0,4,720575940612358642|720575940620124143|720575940622368844|720575940622474760|720575940622712772|720575940623126697|720575940623153788|720575940623302988|720575940623499132|720575940623618708|720575940623673821|720575940623758377|720575940624163303|720575940627406635|720575940627826760|720575940632875746|720575940634274458
336,0.336000,31,0,0,0,720575940604009952|720575940606756030|720575940611563310|720575940613193642|720575940613863731|720575940616507865|720575940617110028|720575940618510265|720575940620481240|720575940620746478|720575940620983902|720575940621426300|720575940621519130|720575940623888397|720575940624231143|720575940624342825|720575940625186250|720575940625253193|720575940626111619|720575940627293370|720575940628791812|720575940631189817|720575940631520312|720575940631714119|720575940631721785|720575940632102564|720575940632777320|720575940636635760|720575940639092201|720575940644791918|720575940645834275
337,0.337000,21,0,0,2,720575940605807206|720575940612682467|720575940613792296|720575940613808638|720575940613891442|720575940617492822|720575940619822784|720575940621116807|720575940622552675|720575940624774839|720575940626768442|720575940627053861|720575940628038808|720575940628346634|720575940628644239|720575940629225463|720575940633156377|720575940633631396|720575940635113976|720575940635529464|720575940636360811
338,0.338000,16,0,0,2,720575940606222014|720575940609713710|720575940610439363|720575940613693382|720575940616651193|720575940618332757|720575940619559815|720575940622416628|720575940624986919|720575940627706398|720575940628642576|720575940629263888|720575940629377132|720575940630161980|720575940639209956|720575940640788725
339,0.339000,30,0,0,2,720575940610621026|720575940611206514|720575940614230499|720575940616575557|720575940617755220|720575940618635072|720575940619675200|720575940619754699|720575940620061793|720575940620096238|720575940620252075|720575940621716835|720575940621775130|720575940621804159|720575940622303446|720575940622584069|720575940623358099|720575940624816115|720575940625779075|720575940626162890|720575940628861660|720575940629393207|720575940631043139|720575940631844300|720575940632032460|720575940632722515|720575940633984851|720575940635831438|720575940636411534|720575940640325429
340,0.340000,26,0,0,2,720575940611516586|720575940611811704|720575940611982997|720575940612358642|720575940612868757|720575940613588246|720575940614137907|720575940619681006|720575940620537153|720575940620889936|720575940623302988|720575940624130253|720575940625044784|720575940626044942|720575940628429979|720575940629229020|720575940629461442|720575940632795532|720575940632962786|720575940637210334|720575940637308605|720575940637535077|720575940638403928|720575940643112333|720575940646753412|720575940660052865
341,0.341000,31,0,0,1,720575940605607392|720575940611332325|720575940615084339|720575940615526978|720575940616861697|720575940617054237|720575940619487425|720575940620943969|720575940621814911|720575940622048862|720575940622057057|720575940622516852|720575940623499132|720575940623862015|720575940623888397|720575940624394790|720575940626500745|720575940627447068|720575940628137713|720575940628522540|720575940628694019|720575940631142956|720575940631532396|720575940632126860|720575940632539788|720575940632875746|720575940634748385|720575940635362716|720575940637586751|720575940640436814|720575940643259277
342,0.342000,28,0,0,0,720575940603012832|720575940606421122|720575940607982428|720575940609341809|720575940612308963|720575940616449858|720575940616661465|720575940617313841|720575940621777390|720575940623096870|720575940623202633|720575940623772564|720575940625622968|720575940625935544|720575940626363529|720575940626555184|720575940627820806|720575940628120337|720575940629041879|720575940629911503|720575940630040438|720575940630098284|720575940631656147|720575940632226897|720575940634441102|720575940635970190|720575940638720233|720575940651341558
343,0.343000,22,0,0,5,720575940605007206|720575940608098261|720575940609713710|720575940612677142|720575940613636325|720575940614562271|720575940615948610|720575940617013554|720575940619709899|720575940622105480|720575940622416628|720575940623276988|720575940623758377|720575940626039996|720575940626768442|720575940628644239|720575940628796780|720575940633800860|720575940635540671|720575940636360811|720575940644306592|720575940647755641
344,0.344000,28,0,0,0,720575940613473959|720575940614403178|720575940614456332|720575940614461014|720575940616821597|720575940616980737|720575940617672920|720575940618649936|720575940619548799|720575940620543025|720575940621024545|720575940621393172|720575940623122125|720575940623748789|720575940624885250|720575940625673964|720575940627281594|720575940629426025|720575940629560770|720575940630480459|720575940631309866|720575940633116256|720575940633705636|720575940635170484|720575940639505792|720575940640039040|720575940640486488|720575940641585627
345,0.345000,24,0,0,2,720575940604737708|720575940605658033|720575940611206514|720575940611563310|720575940612418991|720575940612943539|720575940613771798|720575940616167730|720575940616603793|720575940620065694|720575940622303446|720575940623302988|720575940624619036|720575940625419495|720575940625552412|720575940626662277|720575940627053861|720575940627458570|720575940628238217|720575940628695043|720575940630931999|720575940632777320|720575940635271822|720575940635937678
346,0.346000,28,0,0,2,720575940604731838|720575940606391218|720575940611181518|720575940612358642|720575940615792523|720575940615954833|720575940617226141|720575940618936710|720575940619922512|720575940620609739|720575940622517956|720575940622540899|720575940623025413|720575940623897955|720575940624402173|720575940625053186|720575940626555440|720575940627493148|720575940629702905|720575940631319084|720575940631844300|720575940632307025|720575940632713759|720575940633170969|720575940635771316|720575940644651208|720575940646682676|720575940647081860
347,0.347000,25,0,0,1,720575940604009952|720575940604735660|720575940612281586|720575940613891442|720575940614441834|720575940615755147|720575940617907430|720575940619549598|720575940621116807|720575940621174337|720575940624313406|720575940627351543|720575940628357714|720575940629225463|720575940629859115|720575940631313721|720575940632472850|720575940632875746|720575940633315263|720575940634139799|720575940635776760|720575940635932590|720575940638169917|720575940642262157|720575940644751652
348,0.348000,27,0,0,3,720575940608140380|720575940609343089|720575940610653462|720575940611439473|720575940612724195|720575940615429118|720575940619155995|720575940620571953|720575940620746478|720575940620912987|720575940622219190|720575940622416628|720575940623553260|720575940624163303|720575940625525739|720575940625827358|720575940626768442|720575940627044885|720575940627849515|720575940628644239|720575940630006636|720575940633631396|720575940637071849|720575940637607646|720575940638027497|720575940640178640|720575940640578931
349,0.349000,26,0,0,1,720575940605074278|720575940605807206|720575940606222014|720575940610822513|720575940614828082|720575940615160239|720575940615296766|720575940616054834|720575940618930737|720575940619428289|720575940619896711|720575940620290992|720575940623718119|720575940623758377|720575940625436170|720575940627514567|720575940628339611|720575940629574082|720575940629786624|720575940631714119|720575940632825913|720575940636360811|720575940639134835|720575940639404416|720575940640851363|720575940644438551
350,0.350000,24,0,1,1,720575940604470240|720575940609713710|720575940612359343|720575940612766515|720575940618355870|720575940620346417|720575940623322921|720575940624452902|720575940625345511|720575940625502666|720575940627281594|720575940629377132|720575940629393207|720575940629630679|720575940631207388|720575940632104751|720575940632317997|720575940632440220|720575940636348152|720575940636411534|720575940637635305|720575940638677411|720575940642715040|720575940645990935
351,0.351000,24,0,0,2,720575940608144732|720575940609592270|720575940613915823|720575940619636615|720575940621367572|720575940622132545|720575940622303446|720575940622584069|720575940622998627|720575940623302988|720575940623673821|720575940623862015|720575940625779075|720575940627903484|720575940628346634|720575940628861660|720575940628910956|720575940629683500|720575940630372982|720575940630548035|720575940631925156|720575940639082318|720575940639092201|720575940640652752
352,0.352000,22,0,1,2,720575940612358642|720575940613635737|720575940613863731|720575940615084339|720575940617672226|720575940621766938|720575940621814911|720575940622520140|720575940622523912|720575940622945037|720575940623432918|720575940624112152|720575940624130253|720575940625587642|720575940626883816|720575940627872515|720575940631177027|720575940631299602|720575940632527683|720575940632875746|720575940637586751|720575940642894628
353,0.353000,19,0,0,3,720575940609191177|720575940611108676|720575940617500443|720575940618398533|720575940619623407|720575940620027515|720575940620983902|720575940621170526|720575940621716835|720575940623358099|720575940623817223|720575940626768442|720575940627293370|720575940628154364|720575940628644239|720575940631283512|720575940631844300|720575940636963806|720575940640325429
354,0.354000,16,0,0,1,720575940605420902|720575940607155890|720575940614392682|720575940614707871|720575940616449465|720575940619681006|720575940622160705|720575940622416628|720575940623158601|720575940627946512|720575940629502251|720575940631542732|720575940631721785|720575940635540671|720575940642354120|720575940645834275
355,0.355000,24,0,0,1,720575940606039241|720575940606421122|720575940608368818|720575940609713710|720575940610621026|720575940614137907|720575940614775592|720575940618332757|720575940620868432|720575940622158369|720575940624376456|720575940624394790|720575940625558730|720575940628706325|720575940628834151|720575940628908548|720575940631180599|720575940634172267|720575940638633806|720575940639179891|720575940639542691|720575940640852056|720575940645693988|720575940646183220
356,0.356000,19,0,0,1,720575940613258994|720575940616861697|720575940617755220|720575940619559815|720575940619948880|720575940620899542|720575940621270042|720575940622303446|720575940625440019|720575940626555440|720575940628494695|720575940628796780|720575940632407826|720575940632803795|720575940633640493|720575940633800860|720575940636360811|720575940637689486|720575940639410291
357,0.357000,26,0,0,2,720575940606573490|720575940608140380|720575940610899666|720575940611428977|720575940612603289|720575940613303471|720575940615410107|720575940615526978|720575940615631266|720575940619548799|720575940619676224|720575940620124143|720575940622828056|720575940623758377|720575940626039996|720575940628375306|720575940629263888|720575940629513222|720575940630046524|720575940631715896|720575940632875746|720575940633178508|720575940636997744|720575940641263312|720575940642876320|720575940655842465
358,0.358000,25,0,0,2,720575940606756030|720575940612358642|720575940612868757|720575940613891442|720575940613981905|720575940618635072|720575940621393172|720575940622057057|720575940623067389|720575940623302988|720575940623689959|720575940624280328|720575940624619036|720575940624850434|720575940625845391|720575940625935544|720575940627635441|720575940629468716|720575940629489260|720575940629981440|720575940630914245|720575940634274458|720575940637809326|720575940640788725|720575940644494752
359,0.359000,29,0,0,2,720575940606222014|720575940607982428|720575940610439363|720575940614412906|720575940614456332|720575940618658974|720575940618678045|720575940620746478|720575940621777390|720575940622416628|720575940622516852|720575940624534972|720575940624876889|720575940624891941|720575940627053861|720575940627826760|720575940627849515|720575940628446010|720575940628644239|720575940629139834|720575940629910636|720575940630098284|720575940631043139|720575940631365260|720575940631532396|720575940633631396|720575940633992147|720575940640053181|720575940659019649
360,0.360000,22,0,0,1,720575940604009952|720575940604735660|720575940607725321|720575940611516586|720575940612281586|720575940619152856|720575940622995082|720575940623126697|720575940623444044|720575940624986919|720575940626363529|720575940627044885|720575940628238217|720575940629461442|720575940630745282|720575940631844300|720575940634257890|720575940634388927|720575940638204132|720575940639417432|720575940640486488|720575940645864739
361,0.361000,12,0,0,0,720575940605807206|720575940608188427|720575940611563310|720575940616285151|720575940621446309|720575940624163303|720575940625563623|720575940628791812|720575940629041879|720575940629225463|720575940631520312|720575940639432782
362,0.362000,18,0,0,1,720575940611719378|720575940611982997|720575940613458403|720575940616821597|720575940617727793|720575940623322921|720575940625031403|720575940625489160|720575940625666964|720575940628805448|720575940630810695|720575940631511912|720575940632317997|720575940632875746|720575940633573836|720575940633984851|720575940636635760|720575940637586751
363,0.363000,27,0,0,2,720575940608909269|720575940613635737|720575940614461014|720575940614958120|720575940617716893|720575940619134789|720575940621947653|720575940621978117|720575940622584069|720575940623210409|720575940623302988|720575940623747145|720575940623758377|720575940623888397|720575940624193279|720575940624885250|720575940628319546|720575940628346634|720575940628861660|720575940629662208|720575940629975516|720575940630135084|720575940630480459|720575940631207388|720575940636574388|720575940640178640|720575940646753412
364,0.364000,22,0,0,5,720575940609713710|720575940613473959|720575940614187006|720575940619245016|720575940620091038|720575940622303446|720575940622416628|720575940622865084|720575940622945037|720575940623067389|720575940625048250|720575940626051514|720575940626111619|720575940626433881|720575940626768442|720575940628644239|720575940629489260|720575940629490476|720575940629560770|720575940632042148|720575940635776760|720575940645239844
365,0.365000,18,0,0,1,720575940605777841|720575940611439473|720575940612358642|720575940615084339|720575940617110028|720575940618355870|720575940620001694|720575940620431798|720575940621116807|720575940622517956|720575940622791364|720575940624679463|720575940627949589|720575940628694019|720575940629502251|720575940630883599|720575940632189900|720575940632539788
366,0.366000,6,0,0,0,720575940615651670|720575940618019933|720575940620179553|720575940625871408|720575940627497244|720575940639152361
367,0.367000,16,0,0,0,720575940604737708|720575940611563310|720575940613588246|720575940614562271|720575940616507865|720575940620061793|720575940621804159|720575940622156976|720575940623387786|720575940628062714|720575940628796780|720575940632962786|720575940633705636|720575940635932590|720575940636411534|720575940637711686
368,0.368000,22,0,0,3,720575940606421122|720575940606664894|720575940613771798|720575940616575557|720575940619332944|720575940619922512|720575940620481240|720575940621814911|720575940622552675|720575940623122125|720575940623164515|720575940623673821|720575940623758377|720575940624113993|720575940624130253|720575940624231143|720575940626662277|720575940631844300|720575940632875746|720575940634748385|720575940644615716|720575940647291427
369,0.369000,16,0,0,5,720575940609713710|720575940613301477|720575940619559815|720575940622416628|720575940623302988|720575940624313406|720575940624986919|720575940625561406|720575940626768442|720575940628644239|720575940628695043|720575940629630679|720575940630006636|720575940631714119|720575940644022551|720575940644751652
370,0.370000,13,0,0,0,720575940604731838|720575940608098261|720575940618931846|720575940620464321|720575940620537153|720575940622979848|720575940625436170|720575940627820806|720575940628454202|720575940629240263|720575940636360811|720575940644494752|720575940645716771
371,0.371000,19,0,0,2,720575940611813842|720575940612358642|720575940615160239|720575940615792523|720575940616861697|720575940618936710|720575940620096238|720575940620686964|720575940621393172|720575940622066390|720575940622183194|720575940622303446|720575940625622968|720575940625691372|720575940626039996|720575940630372982|720575940633488153|720575940635146848|720575940646350702
372,0.372000,12,0,0,0,720575940609959637|720575940613915823|720575940622219190|720575940627826760|720575940631309866|720575940634260636|720575940635540671|720575940636992368|720575940637126007|720575940639124029|720575940640205501|720575940648570244
373,0.373000,12,0,0,0,720575940609343089|720575940613863731|720575940619549598|720575940619675200|720575940620746478|720575940624394790|720575940627493148|720575940628342171|720575940628455942|720575940633308371|720575940637586751|720575940645834275
374,0.374000,20,0,0,2,720575940609341809|720575940613693382|720575940614137907|720575940614730914|720575940616661465|720575940621902301|720575940623302988|720575940623553260|720575940623618708|720575940623862015|720575940624816115|720575940625779075|720575940626768442|720575940627281594|720575940629502251|720575940631985349|720575940636347128|720575940639092201|720575940639142116|720575940642262157
375,0.375000,18,0,0,3,720575940604009952|720575940605807206|720575940607982428|720575940608074370|720575940612943539|720575940615526978|720575940621024545|720575940623758377|720575940623772564|720575940625345511|720575940625673964|720575940628346634|720575940628352850|720575940628644239|720575940629312300|720575940631575327|720575940631844300|720575940636348152
376,0.376000,16,0,0,3,720575940608144732|720575940608188427|720575940609713710|720575940612358642|720575940613635737|720575940614570415|720575940617313841|720575940617755220|720575940619155995|720575940621367572|720575940622416628|720575940622550089|720575940625557893|720575940632380216|720575940639179891|720575940640486488
377,0.377000,15,0,0,1,720575940611563310|720575940613154582|720575940616651193|720575940618332757|720575940619701231|720575940620346417|720575940620881524|720575940621777390|720575940622303446|720575940624163303|720575940624452548|720575940624986919|720575940625587642|720575940629225463|720575940629805950
378,0.378000,19,0,0,1,720575940604737708|720575940605658033|720575940616936226|720575940618156829|720575940619134789|720575940623358099|720575940624130253|720575940625935544|720575940627234069|720575940627293370|720575940628455942|720575940631142956|720575940631520312|720575940631656147|720575940632875746|720575940633800860|720575940636963806|720575940640436814|720575940646074391
379,0.379000,17,0,0,1,720575940611981029|720575940618635072|720575940619675200|720575940620380449|720575940620868432|720575940621716835|720575940622057057|720575940623748789|720575940624402173|720575940626363529|720575940626768442|720575940628375306|720575940628834151|720575940629461442|720575940630247418|720575940636411534|720575940641585627
380,0.380000,24,0,0,2,720575940610439363|720575940610621026|720575940618355870|720575940618649936|720575940620912987|720575940621507549|720575940621519130|720575940621814911|720575940623122125|720575940623302988|720575940623758377|720575940625563623|720575940626111619|720575940626279486|720575940626555440|720575940626693130|720575940627053861|720575940627096957|720575940628197392|720575940629821740|720575940630098284|720575940631207388|720575940637308605|720575940640325429
381,0.381000,25,0,0,2,720575940604735660|720575940606421122|720575940608140380|720575940611516586|720575940612868757|720575940614456332|720575940615084339|720575940616821597|720575940619754699|720575940622517956|720575940624250405|720575940624885250|720575940626039996|720575940627044885|720575940627946512|720575940628644239|720575940629139834|720575940631844300|720575940632440220|720575940633518176|720575940636360811|720575940637535077|720575940643112333|720575940644306592|720575940655842465
382,0.382000,25,0,0,4,720575940606573490|720575940609713710|720575940611428977|720575940612358642|720575940614392682|720575940616370065|720575940618089541|720575940619681006|720575940621393172|720575940621589887|720575940622303446|720575940622416628|720575940623322921|720575940626010042|720575940626815120|720575940630046524|720575940631043139|720575940631058280|720575940631189817|720575940635271822|720575940635540671|720575940640578931|720575940642506459|720575940643100301|720575940643551392
383,0.383000,25,0,0,0,720575940604470240|720575940605780140|720575940611811704|720575940612921746|720575940613792296|720575940613891442|720575940618398533|720575940619245016|720575940619636615|720575940619896711|720575940620346417|720575940621833054|720575940622516852|720575940623067686|720575940623862015|720575940625502666|720575940628446010|720575940628455942|720575940629377132|720575940629393207|720575940629489260|720575940629701737|720575940630020345|720575940631097462|720575940634274458
384,0.384000,24,0,0,1,720575940609592270|720575940611982997|720575940612281586|720575940613863731|720575940616167730|720575940616651193|720575940617492822|720575940617672920|720575940620746478|720575940621775130|720575940622540899|720575940623889421|720575940624619036|720575940625053186|720575940625203277|720575940625691372|720575940626768442|720575940627281594|720575940627849515|720575940629041879|720575940630968680|720575940635970190|720575940636992368|720575940639092201
385,0.385000,19,0,0,2,720575940606756030|720575940622160705|720575940622998627|720575940623432918|720575940623673821|720575940623758377|720575940624394790|720575940626500745|720575940626888250|720575940628861660|720575940631319084|720575940632524559|720575940632875746|720575940633631396|720575940633984851|720575940638403928|720575940644791918|720575940646183220|720575940647253795
386,0.386000,29,0,0,1,720575940604737708|720575940606222014|720575940613193642|720575940613303471|720575940613636325|720575940615526978|720575940619922512|720575940620011435|720575940621638534|720575940622584069|720575940623302988|720575940623618708|720575940624342825|720575940625419495|720575940627458570|720575940627820806|720575940627826760|720575940628490513|720575940628876292|720575940629459718|720575940629630679|720575940630006636|720575940630202267|720575940630931999|720575940631714119|720575940633116256|720575940636574388|720575940637586751|720575940642876320
387,0.387000,35,0,0,1,720575940605807206|720575940607667723|720575940612308963|720575940613441320|720575940613635737|720575940614963359|720575940616861697|720575940617401122|720575940618658974|720575940619709899|720575940620252075|720575940620899542|720575940622552675|720575940623153788|720575940623276988|720575940624163303|720575940624742158|720575940624876889|720575940625186250|720575940625508610|720575940626162890|720575940626308697|720575940626859080|720575940627357457|720575940627706398|720575940628238217|720575940628644239|720575940629786624|720575940630372982|720575940631142956|720575940632722515|720575940634428058|720575940636360811|720575940637210334|720575940639209956
388,0.388000,29,0,0,3,720575940612358642|720575940613081250|720575940614137907|720575940615160239|720575940619548799|720575940620346417|720575940621018977|720575940622158369|720575940622219190|720575940622416628|720575940623120222|720575940623358099|720575940623862015|720575940624112152|720575940624681520|720575940625552412|720575940625779075|720575940629225463|720575940631299602|720575940631844300|720575940631865228|720575940632042148|720575940632126860|720575940632317997|720575940633156377|720575940635540671|720575940636997744|720575940637535077|720575940646753412
389,0.389000,29,0,0,1,720575940604009952|720575940610209378|720575940611439473|720575940612724195|720575940613771798|720575940613981905|720575940615296766|720575940615631266|720575940620124143|720575940621024545|720575940621116807|720575940622303446|720575940623096870|720575940623444044|720575940624130253|720575940624206472|720575940627351543|720575940628137713|720575940628346634|720575940629229020|720575940629911503|720575940631071559|720575940631532396|720575940633062335|720575940635932590|720575940636348152|720575940637711686|720575940639542691|720575940640486488
390,0.390000,23,0,0,2,720575940605607392|720575940607982428|720575940611563310|720575940612734066|720575940614562271|720575940617054237|720575940622183194|720575940622203350|720575940623158601|720575940623758377|720575940624106776|720575940624313406|720575940627493148|720575940631365260|720575940632713759|720575940632875746|720575940632962786|720575940633800860|720575940636635760|720575940638169917|720575940639179891|720575940640788725|720575940648606340
391,0.391000,11,0,0,1,720575940612766515|720575940613473959|720575940620802836|720575940623083242|720575940625663269|720575940626662277|720575940626768442|720575940627497244|720575940628342171|720575940638633806|720575940640325429
392,0.392000,28,0,0,0,720575940605007206|720575940605420902|720575940611206514|720575940614461014|720575940615036319|720575940616130646|720575940616507865|720575940617226141|720575940619559815|720575940621367572|720575940621640363|720575940621814911|720575940625952755|720575940627946512|720575940628910956|720575940629041879|720575940629240263|720575940631721785|720575940633640493|720575940636411534|720575940637607646|720575940638677411|720575940639142116|720575940639432782|720575940640652752|720575940641546715|720575940645693988|720575940647081860
393,0.393000,25,0,0,3,720575940609713710|720575940612358642|720575940612943539|720575940615792523|720575940617500443|720575940619676224|720575940620431798|720575940622517956|720575940622828056|720575940623322921|720575940624534972|720575940625053186|720575940625502666|720575940627731206|720575940628522540|720575940628644239|720575940628694019|720575940629560770|720575940631313721|720575940635170484|720575940637308605|720575940640178640|720575940647755641|720575940648564612|720575940651932150
394,0.394000,22,0,0,2,720575940604737708|720575940606391218|720575940610621026|720575940615084339|720575940615953202|720575940619134789|720575940622132545|720575940623302988|720575940624376456|720575940625048250|720575940627514567|720575940627924227|720575940628375306|720575940629502251|720575940629702905|720575940631844300|720575940634172267|720575940634748385|720575940635540671|720575940635970190|720575940639082318|720575940645834275
395,0.395000,25,0,0,1,720575940608140380|720575940611207922|720575940614979634|720575940616581535|720575940619948880|720575940620746478|720575940620868432|720575940621038294|720575940622416628|720575940622945037|720575940623553260|720575940623650823|720575940624206728|720575940627189071|720575940628357714|720575940629139834|720575940629225463|720575940631715896|720575940632380216|720575940632777320|720575940633799787|720575940634388927|720575940640852056|720575940642262157|720575940645864739
396,0.396000,15,0,0,1,720575940616762585|720575940618930737|720575940619681006|720575940621116510|720575940621393172|720575940622971283|720575940624163303|720575940626039996|720575940626111619|720575940628197392|720575940628834151|720575940632795532|720575940632875746|720575940635599758|720575940660217985
397,0.397000,22,0,0,1,720575940606222014|720575940606421122|720575940606664894|720575940608345778|720575940609282825|720575940615526978|720575940617013554|720575940618332757|720575940618355870|720575940619155995|720575940623000858|720575940623126697|720575940623758377|720575940623955637|720575940624450342|720575940624885250|720575940625345511|720575940625666964|720575940626363529|720575940627605779|720575940628038808|720575940632722515
398,0.398000,17,0,0,1,720575940609713710|720575940612359343|720575940613915823|720575940614456332|720575940619636615|720575940622057057|720575940622516852|720575940624402173|720575940626115134|720575940626555440|720575940627044885|720575940628706325|720575940628908548|720575940632307025|720575940640696027|720575940640955637|720575940644494752
399,0.399000,19,0,0,2,720575940612358642|720575940616486230|720575940616821597|720575940619701231|720575940621947653|720575940623387786|720575940624816115|720575940628455942|720575940628644239|720575940628791812|720575940631043139|720575940631520312|720575940631625979|720575940633178508|720575940635249332|720575940636360811|720575940637586751|720575940638306101|720575940641585627
400,0.400000,13,0,0,2,720575940604731838|720575940604735660|720575940616285151|720575940623153788|720575940626768442|720575940627174673|720575940629461442|720575940629513222|720575940630006636|720575940631844300|720575940634545890|720575940637071849|720575940637689486
401,0.401000,16,0,0,3,720575940604009952|720575940605154988|720575940613588246|720575940617672920|720575940622303446|720575940622416628|720575940622474760|720575940623302988|720575940623499132|720575940623888397|720575940624130253|720575940627129290|720575940633315263|720575940635146848|720575940635464343|720575940635831438
402,0.402000,17,0,0,1,720575940609343089|720575940610899666|720575940615755147|720575940621170526|720575940622147873|720575940624986919|720575940625436170|720575940630668538|720575940630810695|720575940632875746|720575940633573836|720575940635771316|720575940635776760|720575940638720233|720575940639152361|720575940640372021|720575940647081860
403,0.403000,24,0,0,0,720575940606391218|720575940609341809|720575940609592270|720575940611516586|720575940611563310|720575940614775592|720575940614958120|720575940620537153|720575940620571953|720575940621777390|720575940622156976|720575940623122125|720575940623718119|720575940624231143|720575940624280328|720575940624619036|720575940625827358|720575940627826760|720575940628796780|720575940629630679|720575940629975516|720575940632407826|720575940633800860|720575940644791918
404,0.404000,31,0,0,2,720575940605807206|720575940608368818|720575940610439363|720575940612308963|720575940615084339|720575940616651193|720575940618089541|720575940621116807|720575940623432918|720575940623618708|720575940623758377|720575940623862015|720575940625053186|720575940625587642|720575940625622968|720575940625673964|720575940627281594|720575940628038808|720575940628346634|720575940628642576|720575940628644239|720575940629263888|720575940629502251|720575940631207388|720575940631405997|720575940634257890|720575940636992368|720575940640178640|720575940642449909|720575940643112333|720575940646735156
405,0.405000,22,0,0,3,720575940609713710|720575940612358642|720575940612868757|720575940613891442|720575940617755220|720575940619754699|720575940620061793|720575940621716835|720575940621814911|720575940621978117|720575940622160705|720575940622584069|720575940623444044|720575940624193279|720575940624876889|720575940628695043|720575940628861660|720575940631844300|720575940635540671|720575940636411534|720575940636963806|720575940640486488
406,0.406000,16,0,0,1,720575940605780140|720575940608188427|720575940613681314|720575940615999489|720575940616661465|720575940620065694|720575940620179553|720575940621024545|720575940622416628|720575940623748789|720575940623772564|720575940626051514|720575940627293370|720575940629855787|720575940633631396|720575940640763507
407,0.407000,18,0,0,3,720575940609284728|720575940613792296|720575940618635072|720575940618649936|720575940619922512|720575940621804159|720575940622303446|720575940623302988|720575940623673821|720575940626125331|720575940626555184|720575940626555440|720575940631189817|720575940631714119|720575940632875746|720575940634441102|720575940642506459|720575940646074391
408,0.408000,20,0,0,0,720575940613863731|720575940616449858|720575940616861697|720575940617054237|720575940618398533|720575940620096238|720575940622183194|720575940622516852|720575940623067686|720575940623499132|720575940623888397|720575940624394790|720575940625489160|720575940627406635|720575940627706398|720575940627820806|720575940629377132|720575940631532396|720575940639209956|720575940650813686
409,0.409000,35,0,0,0,720575940605009097|720575940606421122|720575940606573490|720575940606756030|720575940607982428|720575940608140380|720575940613303471|720575940613635737|720575940615018463|720575940616823862|720575940617313841|720575940618678045|720575940618886449|720575940619332944|720575940623276988|720575940623358099|720575940624986919|720575940625779075|720575940626044942|720575940627849515|720575940628238217|720575940628352850|720575940629229020|720575940629393207|720575940630046524|720575940630931999|720575940631177027|720575940631299602|720575940632042148|720575940632962786|720575940634274458|720575940635970190|720575940636348152|720575940639092201|720575940640851363
410,0.410000,23,0,1,3,720575940609713710|720575940611563310|720575940613258994|720575940615160239|720575940618936710|720575940619245016|720575940622066390|720575940623758377|720575940623862989|720575940624452902|720575940625440019|720575940626768442|720575940627281594|720575940629805950|720575940631309866|720575940632102564|720575940632189900|720575940633116256|720575940635477902|720575940636360811|720575940636574388|720575940637586751|720575940644791918
411,0.411000,27,0,0,3,720575940612143075|720575940612358642|720575940614137907|720575940614456332|720575940614730914|720575940615526978|720575940617671896|720575940618510552|720575940619548799|720575940619559815|720575940619637185|720575940620481240|720575940621367572|720575940621393172|720575940622550089|720575940623862015|720575940624850434|720575940625563623|720575940626039996|720575940627053861|720575940627826760|720575940628644239|720575940629817104|720575940631844300|720575940632317997|720575940639179891|720575940648570244
412,0.412000,16,0,0,2,720575940605607392|720575940612943539|720575940616370065|720575940619792916|720575940622416628|720575940623302988|720575940624885250|720575940627497244|720575940628375306|720575940628796780|720575940629426025|720575940629461442|720575940632809683|720575940634428058|720575940637308605|720575940645834275
413,0.413000,14,0,1,2,720575940617672226|720575940619549598|720575940620983902|720575940622303446|720575940622945037|720575940623322921|720575940625203277|720575940625253193|720575940629560770|720575940629991788|720575940632868051|720575940632875746|720575940640788725|720575940641263312
414,0.414000,35,0,0,0,720575940605028017|720575940609979285|720575940610822513|720575940611332325|720575940613193642|720575940613693382|720575940614979634|720575940615792523|720575940616581535|720575940617054237|720575940617110028|720575940617451422|720575940619211361|720575940619709899|720575940620621190|720575940620899542|720575940620943969|720575940621116807|720575940621174337|720575940623553260|720575940624130253|720575940624679463|720575940626537008|720575940627458570|720575940627872515|720575940628120337|720575940628197392|720575940628834151|720575940629229020|720575940631142956|720575940631319084|720575940632440220|720575940632777320|720575940638720233|720575940644390436
415,0.415000,26,0,0,1,720575940611354597|720575940613808638|720575940613915823|720575940614570415|720575940618263365|720575940620124143|720575940621684358|720575940622037926|720575940622584069|720575940624163303|720575940624313406|720575940624619036|720575940626768442|720575940627493148|720575940627798910|720575940629192523|720575940629600630|720575940629870843|720575940630006636|720575940630539535|720575940631043139|720575940632539788|720575940635540671|720575940635932590|720575940640436814|720575940643467886
416,0.416000,28,0,0,3,720575940603012832|720575940604653484|720575940605807206|720575940609713710|720575940611439473|720575940612358642|720575940613891442|720575940614441834|720575940614562271|720575940616390261|720575940616603793|720575940620912987|720575940621814911|720575940623618708|720575940624449318|720575940624816115|720575940625336464|720575940625561406|720575940625935544|720575940627044885|720575940627924227|720575940628494695|720575940628644239|720575940629225463|720575940633631396|720575940636360811|720575940638204132|720575940646753412
417,0.417000,24,0,0,2,720575940606039241|720575940612868757|720575940613039539|720575940613303471|720575940613524903|720575940614187006|720575940616575557|720575940616821597|720575940617013554|720575940618355870|720575940620868432|720575940622267201|720575940622416628|720575940626662277|720575940627351543|720575940628706325|720575940628861660|720575940628910956|720575940630769145|720575940631844300|720575940633156377|720575940634388927|720575940635271822|720575940644751652
418,0.418000,28,0,0,2,720575940605658033|720575940607982428|720575940612724195|720575940614412906|720575940615348689|720575940615429118|720575940615755147|720575940616507865|720575940616702465|720575940617886533|720575940619701231|720575940620346417|720575940623025413|720575940623153788|720575940623302988|720575940623758377|720575940626650890|720575940627096957|720575940628446010|720575940629683500|720575940629911503|720575940630247418|720575940631625979|720575940632962786|720575940633315263|720575940633984851|720575940637071849|720575940637586751
419,0.419000,22,0,0,1,720575940606421122|720575940607791573|720575940608098261|720575940608909269|720575940613771798|720575940615954833|720575940618332757|720575940622303446|720575940622712772|720575940622945037|720575940624621968|720575940624836124|720575940627620593|720575940627949589|720575940628062714|720575940628339611|720575940630372982|720575940631207388|720575940631520312|720575940640486488|720575940642876320|720575940651341558
420,0.420000,32,0,0,0,720575940609343089|720575940610588565|720575940611563310|720575940611982997|720575940612281586|720575940612682467|720575940616449465|720575940619155995|720575940619549598|720575940619636615|720575940619896711|720575940624342825|720575940625345511|720575940625436170|720575940626363529|720575940627946512|720575940628154364|720575940628346634|720575940629502251|720575940629630679|720575940630506358|720575940631656147|720575940631876577|720575940632042148|720575940632803795|720575940634139799|720575940636635760|720575940638642654|720575940639165247|720575940644651208|720575940646682676|720575940655842465
421,0.421000,25,0,0,1,720575940604009952|720575940607447491|720575940607667723|720575940609341809|720575940611516586|720575940613863731|720575940619487425|720575940621024545|720575940621645309|720575940621777390|720575940623122125|720575940624394790|720575940624986919|720575940626768442|720575940628034603|720575940629513478|720575940630135084|720575940632126860|720575940632809683|720575940633640493|720575940633901395|720575940636360811|720575940639542691|720575940640325429|720575940640851363
422,0.422000,16,0,2,2,720575940604372070|720575940604735660|720575940612358642|720575940614236010|720575940619845547|720575940620571953|720575940623202633|720575940623358099|720575940624323475|720575940625508610|720575940625871408|720575940631714119|720575940631844300|720575940636411534|720575940638633806|720575940639092201
423,0.423000,25,0,0,2,720575940608188427|720575940609713710|720575940611735514|720575940620759841|720575940621174337|720575940621716835|720575940621902301|720575940622140109|720575940622416628|720575940623718119|720575940625691372|720575940625827358|720575940627787609|720575940629041879|720575940629490476|720575940630548035|720575940630883599|720575940632472850|720575940633208647|720575940637711686|720575940639417432|720575940640578931|720575940644306592|720575940644494752|720575940646183220
424,0.424000,26,0,1,4,720575940610621026|720575940610822513|720575940613891442|720575940618931846|720575940619922512|720575940621947653|720575940622303446|720575940622540899|720575940622552675|720575940623302988|720575940623553260|720575940623673821|720575940623758377|720575940624452902|720575940625622968|720575940628642576|720575940629225463|720575940629560770|720575940631180599|720575940631365260|720575940631812141|720575940632875746|720575940633800860|720575940637535077|720575940638403928|720575940638677411
425,0.425000,35,0,0,1,720575940608140380|720575940609097429|720575940610653462|720575940611981029|720575940613635737|720575940614461014|720575940615084339|720575940615526978|720575940617500443|720575940618156829|720575940620746478|720575940621270042|720575940621766938|720575940622057057|720575940622998627|720575940624163303|720575940624231143|720575940626162890|720575940626848275|720575940627820806|720575940628522540|720575940628644239|720575940629393207|720575940630098284|720575940633631396|720575940634172267|720575940634748385|720575940638169917|720575940639124029|720575940640178640|720575940640652752|720575940642262157|720575940643259277|720575940645693988|720575940646350702
426,0.426000,23,0,0,1,720575940604470240|720575940606222014|720575940613636325|720575940614137907|720575940614456332|720575940616861697|720575940618398533|720575940619559815|720575940621519130|720575940622219190|720575940625048250|720575940625352852|720575940625563623|720575940626039996|720575940626044942|720575940626768442|720575940627293370|720575940627826760|720575940627849515|720575940632032460|720575940633308371|720575940639410291|720575940647291427
427,0.427000,26,0,0,0,720575940604737708|720575940605074278|720575940606756030|720575940610941906|720575940611108676|720575940611206514|720575940611813842|720575940621393172|720575940621814911|720575940621978117|720575940622158369|720575940622516852|720575940623158601|720575940623748789|720575940624130253|720575940624376456|720575940624534972|720575940625673964|720575940626111619|720575940627706398|720575940629461442|720575940631189817|720575940631532396|720575940631925156|720575940633575575|720575940644022551
428,0.428000,29,0,0,3,720575940605807206|720575940609713710|720575940612358642|720575940613981905|720575940616471052|720575940617755220|720575940618635072|720575940618649936|720575940619676224|720575940620038779|720575940620537153|720575940621170526|720575940622132545|720575940623444044|720575940624193279|720575940624885250|720575940625587642|720575940627493148|720575940629328172|720575940631313721|720575940631844300|720575940631985349|720575940632962786|720575940633488153|720575940636360811|720575940637258985|720575940640852056|720575940642894628|720575940645834275
429,0.429000,14,0,0,1,720575940610075346|720575940615948610|720575940621367572|720575940621543194|720575940622361270|720575940623478115|720575940624033516|720575940626469909|720575940627635441|720575940630006636|720575940632380216|720575940632875746|720575940637308605|720575940640608219
430,0.430000,11,0,0,2,720575940610439363|720575940613588246|720575940620983902|720575940622416628|720575940622995082|720575940623126697|720575940623758377|720575940628694019|720575940632527683|720575940636997744|720575940639432782
431,0.431000,14,0,1,1,720575940608188427|720575940611428977|720575940612943539|720575940618332757|720575940622156976|720575940622183194|720575940624402173|720575940625790778|720575940626768442|720575940629312300|720575940630810695|720575940639179891|720575940642855328|720575940647755641
432,0.432000,17,0,0,3,720575940606573490|720575940611811704|720575940613915823|720575940618658974|720575940622303446|720575940623302988|720575940623889421|720575940624112152|720575940624816115|720575940625186250|720575940628644239|720575940628791812|720575940628908548|720575940629701737|720575940632722515|720575940635776760|720575940641585627
433,0.433000,20,0,0,2,720575940604009952|720575940606421122|720575940611735002|720575940612358642|720575940615210975|720575940619245016|720575940619332944|720575940620124143|720575940620746478|720575940621116807|720575940622066390|720575940623067389|720575940625902266|720575940626555440|720575940627538434|720575940628866809|720575940630046524|720575940631844300|720575940635146848|720575940636360811
434,0.434000,11,0,0,1,720575940605658033|720575940621519130|720575940626500745|720575940627044885|720575940629513222|720575940632875746|720575940635681198|720575940637586751|720575940637689486|720575940640788725|720575940643112333
435,0.435000,17,0,0,1,720575940608140380|720575940610621026|720575940612418991|720575940613154582|720575940613771798|720575940613863731|720575940615160239|720575940615410107|720575940623358099|720575940623758377|720575940624923655|720575940625053186|720575940626848275|720575940628375306|720575940628834151|720575940633328098|720575940640486488
436,0.436000,18,0,0,2,720575940609713710|720575940612308963|720575940613235865|720575940613635737|720575940617672920|720575940619896711|720575940622416628|720575940623122125|720575940623626986|720575940624619036|720575940624876889|720575940626162890|720575940628346634|720575940632440220|720575940633799787|720575940634257890|720575940634274458|720575940644494752
437,0.437000,31,0,0,2,720575940604735660|720575940607982428|720575940609592270|720575940612359343|720575940616167730|720575940616285151|720575940616661465|720575940617313841|720575940619681006|720575940620061793|720575940620543025|720575940622303446|720575940622584069|720575940623302988|720575940623432918|720575940624250405|720575940624313406|720575940626279486|720575940626363529|720575940627826760|720575940629041879|720575940629225463|720575940629263888|720575940629630679|720575940631520312|720575940632539788|720575940632868051|720575940633573836|720575940635170484|720575940642354120|720575940647081860
438,0.438000,26,0,0,3,720575940606222014|720575940608098261|720575940612358642|720575940616821597|720575940619948880|720575940620571953|720575940621024545|720575940622160705|720575940622828056|720575940623772564|720575940624130253|720575940625666964|720575940626768442|720575940626888250|720575940627924227|720575940628342171|720575940628644239|720575940628796780|720575940628861660|720575940629502251|720575940629821740|720575940632524559|720575940632713759|720575940634506859|720575940637308605|720575940639082318
439,0.439000,16,0,0,2,720575940606391218|720575940615084339|720575940617716893|720575940618440000|720575940619155995|720575940623431571|720575940624280328|720575940625102224|720575940626308697|720575940627357457|720575940628132745|720575940629328172|720575940630372982|720575940631844300|720575940632875746|720575940639092201
440,0.440000,21,0,0,0,720575940613081250|720575940614392682|720575940614963359|720575940614979634|720575940618355870|720575940619559815|720575940619701231|720575940621777390|720575940621814911|720575940628238217|720575940629460943|720575940629866283|720575940630931999|720575940631207388|720575940631299602|720575940631714119|720575940632189900|720575940632317997|720575940633116256|720575940639134835|720575940641546715
441,0.441000,18,0,0,1,720575940608188427|720575940611206514|720575940611563310|720575940614456332|720575940614562271|720575940615792523|720575940616861697|720575940618936710|720575940619548799|720575940621775130|720575940623067686|720575940623758377|720575940624106776|720575940628352850|720575940628844712|720575940632307025|720575940636360811|720575940640039040
442,0.442000,34,0,0,2,720575940605807206|720575940609713710|720575940612281586|720575940612766515|720575940613303471|720575940614403178|720575940615255603|720575940615296766|720575940615526978|720575940615948610|720575940620881524|720575940621712990|720575940621716835|720575940622416628|720575940622550089|720575940624342825|720575940624394790|720575940624453680|720575940625345511|720575940625935544|720575940627053861|720575940627189071|720575940627713284|720575940627820806|720575940631043139|720575940631309866|720575940634428058|720575940635540671|720575940635771316|720575940636242778|720575940637587813|720575940640436814|720575940646753412|720575940647755641
443,0.443000,29,0,0,0,720575940604731838|720575940609343089|720575940609365828|720575940610439363|720575940615251251|720575940616507865|720575940617244347|720575940617828731|720575940617907430|720575940618398533|720575940619922512|720575940621393172|720575940621519130|720575940621638534|720575940622865084|720575940623673821|720575940624885250|720575940625436170|720575940626039996|720575940626662277|720575940627234069|720575940629461442|720575940631698340|720575940633631396|720575940633640493|720575940633800860|720575940633953434|720575940636574388|720575940636635760
444,0.444000,26,0,0,5,720575940608918830|720575940611516586|720575940611719378|720575940611981029|720575940612358642|720575940615750562|720575940619676224|720575940622265894|720575940622303446|720575940622998627|720575940623096870|720575940623210409|720575940623260201|720575940623302988|720575940624113993|720575940624206728|720575940625489160|720575940626741552|720575940626768442|720575940628398202|720575940628455942|720575940629459718|720575940632380216|720575940632875746|720575940638306101|720575940644751652
445,0.445000,11,0,0,1,720575940604470240|720575940613891442|720575940620027515|720575940623618708|720575940625440019|720575940627096957|720575940628644239|720575940628861188|720575940630006636|720575940631142956|720575940644306592
446,0.446000,10,0,0,1,720575940604737708|720575940613635737|720575940620096238|720575940621689727|720575940624163303|720575940627826760|720575940627849515|720575940631844300|720575940634086239|720575940637586751
447,0.447000,17,0,0,2,720575940604009952|720575940606149321|720575940606421122|720575940606756030|720575940608140380|720575940608545219|720575940620537153|720575940620899542|720575940621817326|720575940622416628|720575940623747145|720575940623758377|720575940626555440|720575940627497244|720575940637635305|720575940638832512|720575940640325429
448,0.448000,23,1,0,1,720575940609713710|720575940612868757|720575940615160239|720575940619896711|720575940620621190|720575940620686964|720575940620746478|720575940620868432|720575940621804159|720575940623358099|720575940623807672|720575940625952755|720575940627044885|720575940629786624|720575940631656147|720575940631721785|720575940635681198|720575940636360811|720575940636411534|720575940639179891|720575940642262157|720575940642634532|720575940645834275
449,0.449000,18,0,0,1,720575940611563310|720575940614137907|720575940616651193|720575940617110028|720575940617755220|720575940623302988|720575940623862015|720575940627281594|720575940628038808|720575940628346634|720575940629377132|720575940629393207|720575940631517251|720575940634388927|720575940634407520|720575940640486488|720575940642876320|720575940645909300
450,0.450000,7,0,0,2,720575940622303446|720575940626111619|720575940626768442|720575940627293370|720575940631283512|720575940643558692|720575940648606340
451,0.451000,13,0,0,4,720575940612358642|720575940613863731|720575940619754699|720575940620124143|720575940621170526|720575940621814911|720575940621978117|720575940624130253|720575940628644239|720575940631844300|720575940632875746|720575940638055869|720575940639542691
452,0.452000,24,0,0,1,720575940606222014|720575940609341809|720575940612603289|720575940612734066|720575940613693382|720575940613915823|720575940613981905|720575940615084339|720575940618678045|720575940620179553|720575940622416628|720575940623553260|720575940624619036|720575940625102224|720575940625563623|720575940626693130|720575940627458570|720575940628694019|720575940629225463|720575940631177027|720575940631520312|720575940631542732|720575940635540671|720575940637210334
453,0.453000,15,0,0,1,720575940607982428|720575940612921746|720575940614230499|720575940615255603|720575940619681006|720575940622057057|720575940622516852|720575940622584069|720575940623499132|720575940623758377|720575940623888397|720575940624850434|720575940625587642|720575940626859080|720575940629041879
454,0.454000,18,0,0,2,720575940605807206|720575940609713710|720575940613258994|720575940613771798|720575940618635072|720575940619152856|720575940620346417|720575940623302988|720575940624394790|720575940626609234|720575940629502251|720575940630202267|720575940631319084|720575940631715896|720575940632042148|720575940634748385|720575940635932590|720575940636360811
455,0.455000,23,0,0,1,720575940604735660|720575940605780140|720575940606039241|720575940610439363|720575940611982997|720575940613517991|720575940615177099|720575940618089541|720575940618332757|720575940621367572|720575940622219190|720575940623122125|720575940625673964|720575940626039996|720575940626768442|720575940627048847|720575940629630679|720575940631189817|720575940631372369|720575940633518176|720575940633984851|720575940644791918|720575940660052865
456,0.456000,22,0,0,5,720575940605420902|720575940611439473|720575940612358642|720575940612677142|720575940615526978|720575940619636615|720575940620481240|720575940621393172|720575940622303446|720575940624231143|720575940628644239|720575940628861660|720575940628910956|720575940631844300|720575940632317997|720575940632875746|720575940633178508|720575940633631396|720575940635831438|720575940635970190|720575940637586751|720575940644438551
457,0.457000,24,0,0,1,720575940608140380|720575940614456332|720575940614461014|720575940616821597|720575940617952034|720575940620380449|720575940622416628|720575940622517956|720575940624163303|720575940624453680|720575940625557893|720575940626555440|720575940627849515|720575940629702905|720575940630046524|720575940631207388|720575940631365260|720575940631721785|720575940633145903|720575940633705636|720575940635271822|720575940639092201|720575940641263312|720575940655842465
458,0.458000,19,0,0,1,720575940606421122|720575940606573490|720575940611563310|720575940613473959|720575940614187006|720575940618649936|720575940619559815|720575940620746478|720575940620912987|720575940621777390|720575940623358099|720575940623758377|720575940623889421|720575940625558730|720575940628796780|720575940631714119|720575940634139799|720575940634168928|720575940637607646
459,0.459000,34,0,0,1,720575940607155890|720575940613193642|720575940613891442|720575940617716893|720575940619548799|720575940621116807|720575940622183194|720575940622552675|720575940623158601|720575940623302988|720575940623618708|720575940623673821|720575940623748789|720575940623897955|720575940624313406|720575940625552412|720575940626363529|720575940626500745|720575940627351543|720575940627635441|720575940627946512|720575940628446010|720575940628494695|720575940628642576|720575940629437545|720575940629468716|720575940630098284|720575940631925156|720575940634274458|720575940635540671|720575940639209956|720575940639404416|720575940639410291|720575940646183220
460,0.460000,37,0,0,1,720575940605607392|720575940610941906|720575940611181518|720575940611332325|720575940612943539|720575940614958120|720575940615792523|720575940616861697|720575940617054237|720575940617226141|720575940618936710|720575940619896711|720575940619922512|720575940621640363|720575940621814911|720575940621947653|720575940622053185|720575940622105480|720575940624130253|720575940625048250|720575940625502666|720575940626768442|720575940627706398|720575940629229020|720575940629461442|720575940632126860|720575940632440220|720575940633640493|720575940634115775|720575940635776760|720575940636360811|720575940636997744|720575940637126007|720575940637210334|720575940640325429|720575940640788725|720575940644791918
461,0.461000,27,0,0,1,720575940604009952|720575940609713710|720575940611811704|720575940613636325|720575940614681128|720575940617013554|720575940618398533|720575940619245016|720575940620988276|720575940621446309|720575940622540899|720575940624876889|720575940624885250|720575940625021796|720575940625053186|720575940626051514|720575940627493148|720575940628346634|720575940628485479|720575940629041879|720575940630652798|720575940631043139|720575940631532396|720575940632380216|720575940633800860|720575940639124029|720575940639179891
462,0.462000,20,0,0,5,720575940605379506|720575940608909269|720575940609284728|720575940610621026|720575940612358642|720575940613490841|720575940615631266|720575940618355870|720575940619676224|720575940622416628|720575940625691372|720575940628644239|720575940629263888|720575940629560770|720575940631844300|720575940632102564|720575940632875746|720575940636635760|720575940639082318|720575940639710883
463,0.463000,15,0,0,1,720575940614137907|720575940614562271|720575940616661465|720575940619134789|720575940622303446|720575940623067389|720575940625622968|720575940628120337|720575940628154364|720575940629910636|720575940629981440|720575940630025528|720575940638720233|720575940639417432|720575940640039040
464,0.464000,30,0,0,0,720575940606756030|720575940613303471|720575940613635737|720575940614979634|720575940615018463|720575940616507865|720575940616581535|720575940616603793|720575940616823862|720575940617054237|720575940618886449|720575940619822784|720575940620061793|720575940621766938|720575940623322921|720575940623862989|720575940625935544|720575940626662277|720575940627820806|720575940628375306|720575940629229020|720575940629975516|720575940631071559|720575940632778051|720575940636242778|720575940636576948|720575940638169917|720575940650813686|720575940651932150|720575940659019649
465,0.465000,30,0,0,0,720575940607982428|720575940611516586|720575940612143075|720575940612281586|720575940614461014|720575940614963359|720575940615612066|720575940617671896|720575940618658974|720575940619155995|720575940619332944|720575940621024545|720575940623276988|720575940624376456|720575940624891941|720575940624986919|720575940625044784|720575940627293370|720575940628197392|720575940628356102|720575940628357714|720575940628834151|720575940629240263|720575940629662208|720575940632317997|720575940633315263|720575940638306101|720575940638677411|720575940639432782|720575940646753412
466,0.466000,42,0,2,1,720575940605807206|720575940606222014|720575940609979285|720575940612868757|720575940613891442|720575940615084339|720575940615210975|720575940616575557|720575940617672226|720575940619487425|720575940619637185|720575940619792916|720575940619948880|720575940620065694|720575940620571953|720575940620983902|720575940622584069|720575940623302988|720575940623553260|720575940624394790|720575940624452902|720575940625827358|720575940626044942|720575940627044885|720575940627053861|720575940627826760|720575940627949589|720575940628339611|720575940629336631|720575940629991788|720575940630006636|720575940632777320|720575940632825913|720575940633631396|720575940636360811|720575940637210334|720575940637586751|720575940638027497|720575940640852056|720575940645693988|720575940645990935|720575940646364014
467,0.467000,38,0,0,3,720575940606664894|720575940607667723|720575940609343089|720575940610822513|720575940611354597|720575940613863731|720575940614412906|720575940615526978|720575940617313841|720575940617451422|720575940618332757|720575940619211361|720575940620124143|720575940621174337|720575940621393172|720575940623460872|720575940623718119|720575940623758377|720575940624402173|720575940625436170|720575940626039996|720575940626768442|720575940628319546|720575940628789626|720575940629701737|720575940629821740|720575940630372982|720575940631625979|720575940631715896|720575940631844300|720575940631985349|720575940632809683|720575940636411534|720575940636903013|720575940637071849|720575940640486488|720575940640652752|720575940645834275
468,0.468000,36,0,0,5,720575940607791573|720575940609713710|720575940611014570|720575940611563310|720575940612308963|720575940612358642|720575940613981905|720575940614441834|720575940614570415|720575940615755147|720575940619549598|720575940620091038|720575940620943969|720575940621716835|720575940622132545|720575940622416628|720575940622945037|720575940623067389|720575940623772564|720575940624163303|720575940624619036|720575940625440019|720575940625563623|720575940626111619|720575940626537008|720575940626883816|720575940627458570|720575940628455942|720575940628644239|720575940628861660|720575940629225463|720575940629489260|720575940632875746|720575940632962786|720575940644751652|720575940645239844
469,0.469000,18,0,0,1,720575940604737708|720575940605007206|720575940612943539|720575940614392682|720575940619701231|720575940620746478|720575940621367572|720575940622037926|720575940622057057|720575940622303446|720575940624130253|720575940626113661|720575940626888250|720575940628522540|720575940630444625|720575940630480459|720575940635375200|720575940644390436
470,0.470000,35,0,0,0,720575940604735660|720575940605607392|720575940606421122|720575940607155890|720575940613473959|720575940615954833|720575940617755220|720575940617828731|720575940618746491|720575940620001694|720575940620028513|720575940621176837|720575940621712990|720575940621814911|720575940622516852|720575940622517956|720575940622979848|720575940623083242|720575940623153788|720575940623202633|720575940625031403|720575940627872515|720575940627924227|720575940627946512|720575940628695043|720575940629600630|720575940630161980|720575940631309866|720575940634172267|720575940635970190|720575940636992368|720575940637308605|720575940640851363|720575940642506459|720575940645909300
471,0.471000,31,0,0,0,720575940604009952|720575940604731838|720575940608098261|720575940608127666|720575940614236010|720575940614461014|720575940615036319|720575940615348689|720575940616285151|720575940616449465|720575940618931846|720575940620380449|720575940620868432|720575940622219190|720575940622265894|720575940623126697|720575940626433881|720575940626609234|720575940627514567|720575940628016387|720575940628062714|720575940628694019|720575940629041879|720575940629437545|720575940629683500|720575940631180599|720575940631313721|720575940631511912|720575940631812141|720575940644615716|720575940644651208
472,0.472000,43,0,0,3,720575940608918830|720575940610588565|720575940612724195|720575940613303471|720575940613588246|720575940613598105|720575940615160239|720575940615429118|720575940616390261|720575940617401122|720575940617672920|720575940617886533|720575940620543025|720575940620686964|720575940620899542|720575940621519130|720575940622257544|720575940622995082|720575940623025413|720575940623122125|720575940623302988|720575940623443179|720575940623689959|720575940623758377|720575940625053186|720575940625502666|720575940625673964|720575940627997050|720575940628494695|720575940628908548|720575940629560770|720575940629630679|720575940631520312|720575940631844300|720575940632722515|720575940632803795|720575940633170969|720575940633992147|720575940639542691|720575940640436814|720575940642262157|720575940643112333|720575940646518382
473,0.473000,40,0,0,3,720575940606015154|720575940607667723|720575940609592270|720575940609713710|720575940612868757|720575940613771798|720575940613891442|720575940613915823|720575940614456332|720575940616861697|720575940618019933|720575940619623407|720575940619675200|720575940621270042|720575940621777390|720575940622183194|720575940622416628|720575940623358099|720575940623387786|720575940623432918|720575940623444044|720575940623764007|720575940623862015|720575940625345511|720575940625508610|720575940626848275|720575940627281594|720575940627903484|720575940628034603|720575940628446010|720575940628644239|720575940628791812|720575940629702905|720575940631714119|720575940633631396|720575940634388927|720575940636360811|720575940638677411|720575940643829704|720575940647253795
474,0.474000,29,0,0,3,720575940609341809|720575940612358642|720575940615651670|720575940616130646|720575940616651193|720575940616821597|720575940617500443|720575940619403942|720575940619754699|720575940620123631|720575940624679463|720575940624836124|720575940624885250|720575940625203277|720575940625779075|720575940626768442|720575940627406635|720575940627706398|720575940627787609|720575940629513222|720575940629592143|720575940629662208|720575940631365260|720575940632713759|720575940632875746|720575940633573836|720575940635170484|720575940636348152|720575940637689486
475,0.475000,26,0,0,0,720575940608140380|720575940608188427|720575940608368818|720575940611563310|720575940613792296|720575940617492822|720575940619134789|720575940620096238|720575940621507549|720575940622160705|720575940622474760|720575940623067389|720575940623067686|720575940624559644|720575940627849515|720575940628490513|720575940629502251|720575940631575327|720575940632539788|720575940633705636|720575940634441102|720575940636347128|720575940637586751|720575940645716771|720575940645864739|720575940645990935
476,0.476000,22,0,0,1,720575940609959637|720575940615084339|720575940616449858|720575940618936710|720575940620091038|720575940620537153|720575940620802836|720575940621116807|720575940622303446|720575940622523912|720575940626555184|720575940628796780|720575940629377132|720575940629393207|720575940629459718|720575940630931999|720575940631142956|720575940631177027|720575940636963806|720575940638832512|720575940647081860|720575940661089921
477,0.477000,26,0,0,0,720575940605876866|720575940606391218|720575940607949781|720575940611385806|720575940611638499|720575940614775592|720575940616167730|720575940617110028|720575940618635072|720575940620032379|720575940621589887|720575940621766938|720575940623673821|720575940625186250|720575940626555440|720575940626815120|720575940628454202|720575940628695043|720575940632042148|720575940632407826|720575940632472850|720575940632868051|720575940633027223|720575940644494752|720575940646074391|720575940651341558
478,0.478000,36,0,0,4,720575940604470240|720575940605074278|720575940605780140|720575940611332325|720575940612418991|720575940617649954|720575940618355870|720575940620380449|720575940620983902|720575940622416628|720575940623210409|720575940623302988|720575940623322921|720575940623747145|720575940624453680|720575940625587642|720575940625691372|720575940625962172|720575940626363529|720575940627048847|720575940628238217|720575940628346634|720575940628644239|720575940628805448|720575940629489260|720575940630548035|720575940631844300|720575940633116256|720575940633178508|720575940634257890|720575940634428058|720575940635540671|720575940636360811|720575940640486488|720575940643100301|720575940660052865
479,0.479000,25,0,0,4,720575940605807206|720575940609713710|720575940610899666|720575940611981029|720575940612358642|720575940614856607|720575940616370065|720575940619709899|720575940620746478|720575940621833054|720575940623758377|720575940623817223|720575940624449318|720575940625419495|720575940625489160|720575940626768442|720575940628375306|720575940628455942|720575940629616092|720575940631189817|720575940633640493|720575940639142116|720575940640578931|720575940643551392|720575940660229505
480,0.480000,14,0,0,0,720575940604735660|720575940612359343|720575940615296766|720575940621684358|720575940622552675|720575940624231143|720575940624313406|720575940628226697|720575940628834151|720575940630006636|720575940631656147|720575940637308605|720575940639179891|720575940645834275
481,0.481000,15,0,0,0,720575940608074370|720575940608909269|720575940612921746|720575940612943539|720575940623904551|720575940624452548|720575940627044885|720575940627826760|720575940628342171|720575940628694019|720575940632307025|720575940639505792|720575940642617544|720575940644306592|720575940648570244
482,0.482000,18,0,0,1,720575940606573490|720575940607982428|720575940611428977|720575940615526978|720575940615953202|720575940619245016|720575940619487425|720575940622584069|720575940625779075|720575940625845391|720575940629560770|720575940630487035|720575940632317997|720575940632875746|720575940636411534|720575940639410291|720575940642894628|720575940643558692
483,0.483000,24,0,0,1,720575940606664894|720575940610205282|720575940614137907|720575940618551481|720575940618649936|720575940618678045|720575940619922512|720575940621457690|720575940622416628|720575940624112152|720575940624130253|720575940624619036|720575940628896168|720575940629225463|720575940629263888|720575940630046524|720575940630247418|720575940631207388|720575940631319084|720575940631575327|720575940634748385|720575940636347128|720575940639092201|720575940642876320
484,0.484000,22,0,0,3,720575940606421122|720575940611108676|720575940613441320|720575940613635737|720575940613863731|720575940616651193|720575940617727793|720575940621393172|720575940621777390|720575940622550089|720575940623302988|720575940623358099|720575940624206472|720575940626039996|720575940628644239|720575940629490476|720575940631844300|720575940632189900|720575940633953434|720575940636360811|720575940637535077|720575940643551392
485,0.485000,27,0,0,3,720575940604009952|720575940608140380|720575940608188427|720575940609343089|720575940609713710|720575940612281586|720575940612358642|720575940612734066|720575940615792523|720575940621638534|720575940621814911|720575940622203350|720575940623748789|720575940625436170|720575940626768442|720575940627946261|720575940628861660|720575940629377132|720575940629393207|720575940631453101|720575940632440220|720575940633156377|720575940634274458|720575940636348152|720575940638403928|720575940639152361|720575940655842465
486,0.486000,12,0,0,0,720575940614562271|720575940614707871|720575940618270629|720575940619559815|720575940624342825|720575940624394790|720575940625871408|720575940628352850|720575940632539788|720575940635540671|720575940636454136|720575940636997744
487,0.487000,18,0,0,2,720575940604737708|720575940611516586|720575940619134789|720575940619548799|720575940620252075|720575940620346417|720575940621148948|720575940622303446|720575940623758377|720575940625253193|720575940628455942|720575940628796780|720575940629461442|720575940631142956|720575940631520312|720575940636963806|720575940637586751|720575940648669060
488,0.488000,15,0,0,2,720575940611563310|720575940613792296|720575940615166111|720575940616861697|720575940619754699|720575940621018977|720575940621775130|720575940621947653|720575940622416628|720575940624280328|720575940624681520|720575940629911503|720575940632875746|720575940633631396|720575940648564612
489,0.489000,22,0,0,1,720575940606756030|720575940611982997|720575940614456332|720575940617244347|720575940619155995|720575940621684358|720575940623260201|720575940623302988|720575940623618708|720575940625345511|720575940625666964|720575940626662277|720575940627497244|720575940627798910|720575940628642576|720575940629630679|720575940631043139|720575940631714119|720575940632795532|720575940633984851|720575940639082318|720575940642506459
490,0.490000,28,0,0,3,720575940603012832|720575940605807206|720575940609282825|720575940609713710|720575940613193642|720575940613771798|720575940613891442|720575940613915823|720575940616507865|720575940618263365|720575940618398533|720575940620179553|720575940620868432|720575940621921285|720575940623000858|720575940623387786|720575940623468691|720575940623650823|720575940624338068|720575940625935544|720575940625952755|720575940627293370|720575940628644239|720575940630098284|720575940631844300|720575940632059193|720575940636635760|720575940641263312
491,0.491000,16,0,0,0,720575940613693382|720575940615084339|720575940615160239|720575940617907430|720575940620537153|720575940621170526|720575940622828056|720575940623122125|720575940624206728|720575940627281594|720575940627820806|720575940631189817|720575940633800860|720575940634258146|720575940636360811|720575940646364014
492,0.492000,27,0,0,3,720575940612358642|720575940612868757|720575940617306717|720575940617649954|720575940617825949|720575940619245016|720575940619709899|720575940620124143|720575940620346417|720575940621804159|720575940623553260|720575940623758377|720575940623862015|720575940624449318|720575940626111619|720575940626768442|720575940627096957|720575940627351543|720575940628455942|720575940630372982|720575940636574388|720575940638306101|720575940640140341|720575940642262157|720575940643882184|720575940646735156|720575940647291427
493,0.493000,24,0,0,1,720575940605007206|720575940610209378|720575940613635737|720575940614376615|720575940616651193|720575940616661465|720575940616821597|720575940617755220|720575940619863125|720575940620290992|720575940620481240|720575940622416628|720575940624130253|720575940624402173|720575940624850434|720575940629225463|720575940629377132|720575940629393207|720575940630539535|720575940631260716|720575940633062335|720575940636411534|720575940640486488|720575940640578931
494,0.494000,22,0,0,1,720575940606664894|720575940615953202|720575940617313841|720575940620011435|720575940620032123|720575940620061793|720575940620912987|720575940621038294|720575940621589887|720575940621716835|720575940623067686|720575940625691372|720575940626650890|720575940626859080|720575940627458570|720575940628346634|720575940628695043|720575940632875746|720575940635540671|720575940640788725|720575940646074391|720575940646183220
495,0.495000,9,0,0,1,720575940606421122|720575940607982428|720575940613463471|720575940620904614|720575940622600319|720575940623302988|720575940623673821|720575940630020345|720575940637210334
496,0.496000,36,0,0,1,720575940606039241|720575940606679142|720575940609713710|720575940611090244|720575940613081250|720575940616370065|720575940616762585|720575940617492822|720575940617716893|720575940617853986|720575940618308987|720575940618332757|720575940618355870|720575940618930737|720575940621684358|720575940621833054|720575940622971283|720575940624206472|720575940624742158|720575940625203277|720575940625563623|720575940625673964|720575940625779075|720575940626363529|720575940627044885|720575940627692565|720575940627849515|720575940628397138|720575940630968680|720575940631142956|720575940631673484|720575940631865228|720575940636963806|720575940643100301|720575940643551392|720575940648669060
497,0.497000,21,0,0,1,720575940604731838|720575940610941906|720575940613303471|720575940617532089|720575940619681006|720575940619896711|720575940620346417|720575940620899542|720575940621814911|720575940623862015|720575940624394790|720575940624544748|720575940624915435|720575940626425682|720575940629139834|720575940629763575|720575940631844300|720575940636348152|720575940637586751|720575940639179891|720575940641546715
498,0.498000,21,0,0,2,720575940611719378|720575940612358642|720575940617691170|720575940619134789|720575940620621190|720575940621777390|720575940623322921|720575940623358099|720575940626003130|720575940626768442|720575940626778008|720575940627281594|720575940627946512|720575940628342171|720575940631299602|720575940634407520|720575940638677411|720575940640864675|720575940644745120|720575940644751652|720575940648570244
499,0.499000,29,0,0,1,720575940604737708|720575940609592270|720575940613863731|720575940618635072|720575940620746478|720575940622057057|720575940622219190|720575940622517956|720575940622998627|720575940623432918|720575940623618708|720575940624452548|720575940626308697|720575940627357457|720575940628694019|720575940628896168|720575940629377132|720575940629393207|720575940629702905|720575940631097462|720575940631309866|720575940632524559|720575940632875746|720575940635404724|720575940639092201|720575940642506459|720575940644791918|720575940645834275|720575940645864739
500,0.500000,17,0,0,1,720575940614137907|720575940618936710|720575940619948880|720575940620001360|720575940620380449|720575940621519130|720575940622160705|720575940622303446|720575940624677303|720575940625436170|720575940625587642|720575940626039996|720575940627053861|720575940627432680|720575940628695056|720575940632212039|720575940633640493
501,0.501000,20,0,0,5,720575940609343089|720575940609713710|720575940614461014|720575940617493460|720575940619922512|720575940621393172|720575940622416628|720575940623302988|720575940623758377|720575940623889421|720575940624130253|720575940628455942|720575940628644239|720575940629041879|720575940632126860|720575940633518176|720575940635540671|720575940636360811|720575940639142116|720575940645676579
502,0.502000,29,0,0,0,720575940604735660|720575940608140380|720575940610439363|720575940611207922|720575940612734066|720575940613981905|720575940614368483|720575940615612066|720575940619077255|720575940619676224|720575940620402345|720575940621201833|720575940622770410|720575940623158601|720575940623772564|720575940624876889|720575940624885250|720575940625419495|720575940627635441|720575940628697538|720575940628876292|720575940630006636|720575940631207388|720575940631719417|720575940632380216|720575940633631396|720575940635146848|720575940639124029|720575940640436814
503,0.503000,22,0,0,0,720575940605032550|720575940605420902|720575940605807206|720575940609341809|720575940611439473|720575940613258994|720575940613473959|720575940617749538|720575940618405848|720575940619766219|720575940620868432|720575940621457690|720575940624280328|720575940624449318|720575940625118096|720575940625559908|720575940626051514|720575940632042148|720575940632777320|720575940633156377|720575940635271822|720575940638633806
504,0.504000,35,0,0,2,720575940606573490|720575940606664894|720575940610205282|720575940611563310|720575940613891442|720575940615526978|720575940617054237|720575940617226141|720575940617672920|720575940618089541|720575940618398533|720575940619152856|720575940619245016|720575940621684358|720575940622995082|720575940623067686|720575940623120222|720575940623847728|720575940624681520|720575940626044942|720575940626768442|720575940626815120|720575940628050950|720575940629229020|720575940629560770|720575940629911503|720575940630046524|720575940631844300|720575940634274458|720575940635970190|720575940637210334|720575940638379598|720575940639542691|720575940641560205|720575940648606340
505,0.505000,21,0,0,2,720575940605583136|720575940605607392|720575940606421122|720575940607982428|720575940611516586|720575940612281586|720575940612358642|720575940612943539|720575940613792296|720575940615160239|720575940615410107|720575940615770369|720575940616651193|720575940618649936|720575940623096870|720575940624313406|720575940628120337|720575940628695043|720575940631714119|720575940632875746|720575940635831438
506,0.506000,19,0,0,0,720575940607667723|720575940613635737|720575940615043222|720575940617013554|720575940621018977|720575940621367572|720575940623083242|720575940623201833|720575940623358099|720575940623862015|720575940627281594|720575940627849515|720575940629377132|720575940629393207|720575940629489260|720575940630202267|720575940631575327|720575940643100301|720575940655842465
507,0.507000,24,0,0,2,720575940610209378|720575940614684822|720575940614958120|720575940615036319|720575940615042246|720575940615953202|720575940618263365|720575940622416628|720575940624231143|720575940624394790|720575940625779075|720575940626010042|720575940626524056|720575940626741552|720575940628446010|720575940628644239|720575940629225463|720575940631721785|720575940632804435|720575940634480820|720575940635540671|720575940636347128|720575940636360811|720575940636411534
508,0.508000,25,0,0,2,720575940606756030|720575940615792523|720575940617110028|720575940619134789|720575940619866027|720575940620001958|720575940621712990|720575940623302988|720575940623758377|720575940624951847|720575940625203277|720575940625489160|720575940625502666|720575940628154364|720575940628822805|720575940630914245|720575940631142956|720575940631365260|720575940633062335|720575940637607646|720575940639209956|720575940640325429|720575940640486488|720575940640578931|720575940644438551
509,0.509000,32,0,0,2,720575940604737708|720575940605007206|720575940606046892|720575940615166111|720575940616534338|720575940617649954|720575940618886449|720575940621426300|720575940621589887|720575940622303446|720575940623387786|720575940624112152|720575940626778008|720575940627706398|720575940629139834|720575940629437545|720575940629512314|720575940629630679|720575940630539535|720575940631058280|720575940631520312|720575940631844300|720575940632713759|720575940632778051|720575940635932590|720575940636348152|720575940636635760|720575940636963806|720575940637586751|720575940643551392|720575940646074391|720575940646753412
510,0.510000,25,0,0,1,720575940606564482|720575940609713710|720575940613441320|720575940613915823|720575940614456332|720575940617244347|720575940621038294|720575940624130253|720575940625935544|720575940627432680|720575940627826760|720575940628357714|720575940628861188|720575940628910956|720575940629502251|720575940629592143|720575940629786624|720575940630098284|720575940631043139|720575940631282194|720575940633315263|720575940637711686|720575940644791918|720575940645864739|720575940648570244
511,0.511000,26,0,0,3,720575940605028017|720575940612358642|720575940612395178|720575940614461014|720575940615084339|720575940615429118|720575940618130625|720575940620124143|720575940620983902|720575940621640363|720575940621814911|720575940622037926|720575940623025413|720575940623322921|720575940623553260|720575940625827358|720575940626363529|720575940626768442|720575940627374598|720575940628706325|720575940629910636|720575940631985349|720575940632875746|720575940639410291|720575940642262157|720575940646350702
512,0.512000,22,0,0,1,720575940606222014|720575940614562271|720575940616370065|720575940617841437|720575940619636615|720575940620571953|720575940622416628|720575940623385894|720575940623718119|720575940624449318|720575940624685290|720575940627715870|720575940627731206|720575940629240263|720575940629702905|720575940629952300|720575940631011328|720575940632440220|720575940633631396|720575940633940947|720575940634172267|720575940637635305
513,0.513000,16,0,0,2,720575940604009952|720575940616702465|720575940620746478|720575940621024545|720575940621174337|720575940621519130|720575940622540899|720575940623302988|720575940623444044|720575940623758377|720575940624163303|720575940629969111|720575940631260716|720575940631715896|720575940638204132|720575940646735156
514,0.514000,36,0,1,2,720575940613891442|720575940614979634|720575940616581535|720575940616823862|720575940617672226|720575940617755220|720575940617825949|720575940620011435|720575940620686964|720575940620759841|720575940621393172|720575940622303446|720575940623673821|720575940624206472|720575940624338068|720575940625345511|720575940625477322|720575940625691372|720575940625970471|720575940626024323|720575940626034777|720575940626039996|720575940626662277|720575940627493148|720575940628342171|720575940628455942|720575940628644239|720575940628695043|720575940628896168|720575940632669800|720575940632777320|720575940633984851|720575940639179891|720575940648564612|720575940648669060|720575940650813686
515,0.515000,46,0,0,2,720575940608074370|720575940609284728|720575940609713710|720575940612143075|720575940613193642|720575940614789791|720575940615018463|720575940615755147|720575940615953202|720575940616603793|720575940616821597|720575940617054237|720575940618355870|720575940618510552|720575940618678045|720575940619559815|720575940620001360|720575940621777390|720575940621833054|720575940622516852|720575940623088309|720575940623862989|720575940624206728|720575940625558730|720575940625563623|720575940626044942|720575940627458570|720575940627980955|720575940628346634|720575940629229020|720575940631844300|720575940632042148|720575940632527683|720575940633178508|720575940634113687|720575940635477902|720575940635540671|720575940636360811|720575940636574388|720575940637071849|720575940638677411|720575940639556467|720575940640178640|720575940640420174|720575940642506459|720575940660052865
516,0.516000,36,0,0,0,720575940604735660|720575940607641010|720575940607982428|720575940608098261|720575940612868757|720575940613303471|720575940614403178|720575940616285151|720575940616575557|720575940617306717|720575940617671896|720575940619077255|720575940619637185|720575940619681006|720575940620943969|720575940623067389|720575940623122125|720575940624742158|720575940625673964|720575940626813010|720575940627044885|720575940628038808|720575940628375306|720575940628494695|720575940629461442|720575940629981440|720575940630006636|720575940632059193|720575940632815780|720575940633800860|720575940634257890|720575940635970190|720575940637535077|720575940640325429|720575940642876320|720575940651305718
517,0.517000,27,0,0,2,720575940605780140|720575940611439473|720575940613517991|720575940615413435|720575940619134789|720575940619792916|720575940620171892|720575940620537153|720575940623748789|720575940624095172|720575940624130253|720575940625525739|720575940625666964|720575940626555440|720575940626768442|720575940627293370|720575940630247418|720575940631532396|720575940631656147|720575940631721785|720575940632875746|720575940633640493|720575940633992147|720575940643467886|720575940644494752|720575940645834275|720575940646364014
518,0.518000,37,0,1,2,720575940604737708|720575940606664894|720575940609979285|720575940610621026|720575940611982997|720575940613863731|720575940614137907|720575940614376615|720575940616507865|720575940616861697|720575940618332757|720575940618931846|720575940619155995|720575940619487425|720575940619754699|720575940621684358|720575940621947653|720575940622416628|720575940622552675|720575940623202633|720575940623387786|720575940623758377|720575940623862015|720575940624452902|720575940627281594|720575940628238217|720575940628694019|720575940629502251|720575940629560770|720575940629821740|720575940630190411|720575940630372982|720575940634388927|720575940636411534|720575940638633806|720575940639152361|720575940643551392
519,0.519000,25,0,0,1,720575940606421122|720575940607155890|720575940610822513|720575940612358642|720575940612603289|720575940614441834|720575940615084339|720575940618942977|720575940619922512|720575940622764058|720575940622945037|720575940624452548|720575940625186250|720575940625779075|720575940626162890|720575940626654041|720575940627872515|720575940628446010|720575940628455942|720575940631207388|720575940631283512|720575940631625979|720575940636348152|720575940637586751|720575940642193549
520,0.520000,40,0,0,4,720575940605807206|720575940606222014|720575940607880578|720575940609343089|720575940609713710|720575940612185586|720575940616055858|720575940617500443|720575940617716893|720575940618658974|720575940619675200|720575940620746478|720575940621716835|720575940621921285|720575940622203350|720575940622303446|720575940623302988|720575940623499132|720575940623888397|720575940624342569|720575940624621968|720575940625436170|720575940626537008|720575940628319546|720575940629377132|720575940631189817|720575940631844300|720575940632803795|720575940632809683|720575940635517876|720575940636360811|720575940636903013|720575940636963806|720575940638169917|720575940638720233|720575940639421043|720575940643112333|720575940644390436|720575940645693988|720575940646518382
521,0.521000,46,0,0,0,720575940606453769|720575940608140380|720575940608188427|720575940611332325|720575940611563310|720575940613771798|720575940613891442|720575940614383978|720575940614392682|720575940614412906|720575940615348689|720575940615526978|720575940616167730|720575940616651193|720575940616984588|720575940619245016|720575940620346417|720575940620718318|720575940620868432|720575940621116807|720575940622183194|720575940622516852|720575940622517956|720575940622584069|720575940623067686|720575940623276988|720575940624376456|720575940624619036|720575940626039996|720575940626445852|720575940626650890|720575940627321674|720575940627639528|720575940628357714|720575940628861660|720575940629393207|720575940629488902|720575940630810695|720575940631714119|720575940632189900|720575940632427112|720575940633631396|720575940634748385|720575940639092201|720575940640852056|720575940646074391
522,0.522000,42,0,0,3,720575940605607392|720575940610499779|720575940610653462|720575940612734066|720575940614963359|720575940617492822|720575940618398533|720575940619709899|720575940620065694|720575940620091038|720575940620543025|720575940620904614|720575940621393172|720575940621457690|720575940621638534|720575940621814911|720575940623067389|720575940623199684|720575940623553260|720575940624100075|720575940624163303|720575940624449318|720575940625419495|720575940625557893|720575940626768442|720575940627826760|720575940627849515|720575940628644239|720575940628695043|720575940629050234|720575940629963068|720575940631097462|720575940631142956|720575940631147335|720575940631520312|720575940631715896|720575940632102564|720575940632875746|720575940634962879|720575940635540671|720575940642142861|720575940642624987
523,0.523000,45,0,0,1,720575940604470240|720575940607447491|720575940611206514|720575940613635737|720575940613792296|720575940615166111|720575940615210975|720575940615429118|720575940615954833|720575940616390261|720575940617401122|720575940622416628|720575940623025413|720575940623322921|720575940624534972|720575940625053186|720575940625203277|720575940625552412|720575940625622968|720575940626694288|720575940627820806|720575940628320058|720575940628352850|720575940629041879|720575940629805950|720575940629910636|720575940629991788|720575940630020345|720575940630523407|720575940630968680|720575940631058280|720575940631575327|720575940631745367|720575940631997101|720575940632962786|720575940633953434|720575940634708705|720575940635170484|720575940637308605|720575940639505792|720575940640486488|720575940640864675|720575940644751652|720575940645239844|720575940646753412
524,0.524000,46,0,1,1,720575940604731838|720575940606756030|720575940607667723|720575940610205282|720575940611516586|720575940611811704|720575940613588246|720575940613636325|720575940614067921|720575940614456332|720575940615948610|720575940616661465|720575940617672226|720575940620018964|720575940620096238|720575940621174337|720575940621589887|720575940623210409|720575940623356651|720575940623758377|720575940623862015|720575940624394790|720575940624402173|720575940624885250|720575940624986919|720575940626010042|720575940626199429|720575940626567178|720575940626693130|720575940626815120|720575940627351543|720575940627787609|720575940629459718|720575940629489260|720575940629683500|720575940629975516|720575940630135084|720575940630539535|720575940630931999|720575940631313721|720575940632042148|720575940633573836|720575940636997744|720575940643100301|720575940643551392|720575940645864739
525,0.525000,46,0,0,2,720575940605009097|720575940605513649|720575940610647416|720575940612358642|720575940612766515|720575940612943539|720575940613594783|720575940613753007|720575940614461014|720575940615221811|720575940615296766|720575940616449465|720575940616762585|720575940617313841|720575940617952034|720575940618649936|720575940619134789|720575940621684358|720575940623126697|720575940624915435|720575940625587642|720575940625926693|720575940626867530|720575940627281594|720575940627406635|720575940627946512|720575940628706325|720575940629263888|720575940629312300|720575940629701737|720575940630548035|720575940631319084|720575940631719417|720575940631844300|720575940632317997|720575940632472850|720575940632807193|720575940633116256|720575940635362716|720575940636360811|720575940636879534|720575940637210334|720575940639134835|720575940639417432|720575940642506459|720575940647328900
526,0.526000,43,0,0,3,720575940604009952|720575940605007206|720575940606664894|720575940609713710|720575940611108676|720575940611563310|720575940614215405|720575940615160239|720575940617649954|720575940618263365|720575940619896711|720575940620481240|720575940620899542|720575940620983902|720575940621024545|720575940621804159|720575940622057057|720575940622303446|720575940622518197|720575940623302988|720575940623358099|720575940623387786|720575940624280328|720575940626363529|720575940628522540|720575940628791812|720575940628796780|720575940628834151|720575940628876292|720575940628910956|720575940629662208|720575940630202267|720575940630644727|720575940631043139|720575940631865228|720575940631937042|720575940634428058|720575940635146848|720575940636347128|720575940640851363|720575940645676579|720575940647755641|720575940651341558
527,0.527000,51,0,0,2,720575940606015154|720575940608127666|720575940610562969|720575940611428977|720575940615755147|720575940615792523|720575940615953202|720575940617672920|720575940619152856|720575940619548799|720575940619701231|720575940619820368|720575940620032123|720575940620689517|720575940621116807|720575940621367572|720575940622979848|720575940623141658|720575940624113993|720575940624130253|720575940624193279|720575940624231143|720575940624313406|720575940626768442|720575940626888250|720575940627497244|720575940628034603|720575940628285634|720575940628358675|720575940628896168|720575940629377132|720575940629393207|720575940629600630|720575940629852419|720575940631925156|720575940632875746|720575940633178508|720575940635375200|720575940637071849|720575940637126007|720575940638225597|720575940638650483|720575940639542691|720575940641585627|720575940642262157|720575940643882184|720575940644494752|720575940646582836|720575940647291427|720575940648570244|720575940651932150
528,0.528000,37,0,0,2,720575940604653484|720575940605154988|720575940605420902|720575940612281586|720575940612549799|720575940614368483|720575940616130646|720575940619245016|720575940619623407|720575940619754699|720575940619998630|720575940621201833|720575940621902301|720575940622416628|720575940622828056|720575940623888397|720575940624206472|720575940624544748|720575940624876889|720575940625118096|720575940625871408|720575940625935544|720575940625952755|720575940626113661|720575940627096957|720575940628602471|720575940628644239|720575940628695056|720575940631260716|720575940632868051|720575940635776760|720575940638633806|720575940639432782|720575940640696027|720575940640788725|720575940648669060|720575940655842465
529,0.529000,30,0,0,1,720575940605074278|720575940605777841|720575940606573490|720575940609592270|720575940610167665|720575940610439363|720575940610588565|720575940611439473|720575940611719378|720575940613917359|720575940615086698|720575940620001958|720575940621170526|720575940621339156|720575940621777390|720575940621978117|720575940622971283|720575940623758377|720575940628342171|720575940628455942|720575940629461442|720575940629630679|720575940630617386|720575940631842360|720575940632118343|720575940636488805|720575940640178640|720575940643863496|720575940646735156|720575940648564612
530,0.530000,55,0,0,1,720575940605032550|720575940606010057|720575940608140380|720575940608545219|720575940609341809|720575940612308963|720575940612868757|720575940613258994|720575940613981905|720575940616861697|720575940617825949|720575940618635072|720575940619559815|720575940619863125|720575940620011435|720575940620061793|720575940620402345|720575940620916939|720575940621833054|720575940622160705|720575940622600319|720575940622999688|720575940623059443|720575940623067686|720575940623122125|720575940623432918|720575940623747145|720575940624452548|720575940624986919|720575940626469909|720575940626848275|720575940628118159|720575940628446010|720575940628642576|720575940628695043|720575940629095323|720575940629512314|720575940629560770|720575940629830700|720575940630046524|720575940630354169|720575940630622250|720575940630765253|720575940631844300|720575940631989841|720575940632732845|720575940632809683|720575940632898105|720575940633575575|720575940634274458|720575940635362460|720575940636348152|720575940636411534|720575940641560205|720575940644306592
531,0.531000,55,0,0,2,720575940606139308|720575940606421122|720575940608368818|720575940610209378|720575940611207922|720575940612358642|720575940612734066|720575940613463471|720575940613635737|720575940613693382|720575940613863731|720575940614775592|720575940615084339|720575940616471052|720575940617886533|720575940619332944|720575940619409542|720575940619549598|720575940619759750|720575940619948880|720575940620091038|720575940620746478|720575940620769133|720575940620868432|720575940621277445|720575940621684358|720575940621921285|720575940622995082|720575940622998627|720575940623302988|720575940623478115|720575940624430060|720575940624449318|720575940624559644|720575940625203277|720575940626111619|720575940627253604|720575940627293370|720575940628346634|720575940629895491|720575940629911503|720575940630810695|720575940630883599|720575940631011328|720575940631180599|720575940632407826|720575940633156377|720575940633208647|720575940635404724|720575940636574388|720575940636635760|720575940638403928|720575940640652752|720575940642354120|720575940642894628
532,0.532000,47,0,0,1,720575940605807206|720575940607982428|720575940608188427|720575940609097429|720575940609957315|720575940611813842|720575940614461014|720575940617110028|720575940617306717|720575940620759841|720575940621467212|720575940621814049|720575940621814911|720575940623067389|720575940623260201|720575940624163303|720575940624338068|720575940624681520|720575940624803511|720575940624850434|720575940625741287|720575940626024323|720575940626524056|720575940626705937|720575940627044885|720575940627635441|720575940627715870|720575940627790991|720575940627849515|720575940629225463|720575940630098284|720575940630600775|720575940631103744|720575940632212039|720575940632875746|720575940632962786|720575940633631396|720575940635932590|720575940636360811|720575940637586751|720575940639092201|720575940639124029|720575940639179891|720575940639410291|720575940640578931|720575940642506459|720575940648330105
533,0.533000,35,0,0,2,720575940608098261|720575940609713710|720575940611090244|720575940613081250|720575940613303471|720575940613891442|720575940617796642|720575940620232875|720575940620324079|720575940621018977|720575940621503220|720575940622552675|720575940623748789|720575940624112152|720575940624742158|720575940625779075|720575940625810324|720575940626051514|720575940626768442|720575940626813010|720575940627281594|720575940628356102|720575940628697538|720575940629468716|720575940629502251|720575940629607273|720575940631142956|720575940631299602|720575940632042148|720575940638677411|720575940639082318|720575940643100301|720575940643551392|720575940645834275|720575940646415907
534,0.534000,35,0,0,3,720575940607949781|720575940609077828|720575940611563310|720575940612551594|720575940616370065|720575940616649845|720575940616651193|720575940617492822|720575940617577702|720575940619403942|720575940619676224|720575940619709899|720575940619766219|720575940621589887|720575940622361270|720575940622416628|720575940622770410|720575940623758377|720575940623780583|720575940623862015|720575940624679463|720575940624685290|720575940624816115|720575940625559908|720575940626555440|720575940628050950|720575940628494695|720575940628644239|720575940629377132|720575940629393207|720575940629662208|720575940631575327|720575940636963806|720575940636970096|720575940645864739
535,0.535000,30,0,0,1,720575940604737708|720575940612542742|720575940613792296|720575940614562271|720575940614570415|720575940615166111|720575940616821597|720575940617573922|720575940619401296|720575940620802836|720575940620881524|720575940621712990|720575940622303446|720575940623120222|720575940623444044|720575940626003130|720575940627996285|720575940628455942|720575940629908540|720575940630006636|720575940631071559|720575940632380216|720575940633556644|720575940636347128|720575940637635305|720575940639505792|720575940640039040|720575940646074391|720575940646183220|720575940648570244
536,0.536000,36,0,0,1,720575940606679142|720575940608074370|720575940611735514|720575940613915823|720575940614376615|720575940615160239|720575940617244347|720575940618398533|720575940619077255|720575940619134789|720575940619754699|720575940619922512|720575940620124143|720575940620301677|720575940620718318|720575940622343094|720575940622474760|720575940623158601|720575940623302988|720575940623387786|720575940623673821|720575940623772564|720575940624206728|720575940625489160|720575940626425682|720575940626741552|720575940628237705|720575940630539535|720575940631309866|720575940632524559|720575940633062335|720575940633308371|720575940634113687|720575940644745120|720575940647081860|720575940651305718
537,0.537000,23,0,0,1,720575940606664894|720575940612358642|720575940615612066|720575940615763573|720575940616702465|720575940617755220|720575940620001360|720575940620537153|720575940621393172|720575940623096870|720575940623358099|720575940623618708|720575940626039996|720575940627053861|720575940627826760|720575940628694019|720575940630247418|720575940631365260|720575940631517251|720575940634407520|720575940640436814|720575940642262157|720575940642617544
538,0.538000,26,0,0,4,720575940609713710|720575940611981029|720575940613771798|720575940614187006|720575940617649954|720575940618405848|720575940618807454|720575940619571009|720575940621038294|720575940621817326|720575940624130253|720575940624452548|720575940625336464|720575940625498512|720575940625666964|720575940625673964|720575940626650890|720575940626768442|720575940626778008|720575940628360506|720575940631844300|720575940632713759|720575940632875746|720575940635970190|720575940642449909|720575940648606340
539,0.539000,29,0,0,1,720575940604009952|720575940611516586|720575940613441320|720575940614137907|720575940615526978|720575940619155995|720575940620380449|720575940620812353|720575940621226405|720575940621684358|720575940621716835|720575940622183194|720575940623847728|720575940623889421|720575940624280328|720575940624449318|720575940624619036|720575940625440019|720575940625893507|720575940627692565|720575940628644239|720575940628876292|720575940628896168|720575940630914245|720575940632440220|720575940636348152|720575940636360811|720575940643100301|720575940647228468
540,0.540000,38,0,0,2,720575940604735660|720575940606039241|720575940606046892|720575940612185586|720575940614456332|720575940614789791|720575940615770369|720575940616055858|720575940616651193|720575940617786525|720575940618270629|720575940622201046|720575940622203350|720575940622241160|720575940622303446|720575940622584069|720575940623691619|720575940623758377|720575940623807672|720575940624206472|720575940624394790|720575940625419495|720575940625479426|720575940627820806|720575940628861660|720575940629377132|720575940629393207|720575940631097462|720575940631207388|720575940632542253|720575940635540671|720575940640486488|720575940640578931|720575940642897293|720575940643551392|720575940648669060|720575940659773313|720575940660229505
541,0.541000,20,0,0,1,720575940615953202|720575940616507865|720575940617841437|720575940618355870|720575940618936710|720575940621775130|720575940623067686|720575940623302988|720575940625436170|720575940625779075|720575940628375306|720575940628455942|720575940628695043|720575940629461442|720575940629592143|720575940629969111|720575940633156377|720575940633640493|720575940640942837|720575940655013281
542,0.542000,22,0,0,1,720575940605583136|720575940607982428|720575940609343089|720575940612677142|720575940612943539|720575940614159010|720575940614684822|720575940619559815|720575940619709899|720575940621504794|720575940622416628|720575940622865084|720575940623322921|720575940624250405|720575940627458570|720575940628238217|720575940631520312|720575940631656147|720575940631714119|720575940639556467|720575940640978048|720575940646735156
543,0.543000,28,0,0,2,720575940605780140|720575940606421122|720575940607667723|720575940608140380|720575940609713710|720575940610536494|720575940611982997|720575940613635737|720575940615084339|720575940617691170|720575940619245016|720575940620032123|720575940620912987|720575940621777390|720575940622552675|720575940626363529|720575940627713284|720575940628120337|720575940628346634|720575940628861188|720575940629489260|720575940629714704|720575940630372982|720575940631844300|720575940632778051|720575940638379598|720575940642506459|720575940642624987
544,0.544000,17,0,0,4,720575940610439363|720575940612358642|720575940613891442|720575940614392682|720575940622516852|720575940623067389|720575940625563623|720575940626768442|720575940628644239|720575940629763575|720575940631177027|720575940631673484|720575940632317997|720575940632875746|720575940633984851|720575940634172267|720575940635271822
545,0.545000,19,0,0,1,720575940605807206|720575940617071372|720575940617532089|720575940620179553|720575940621024545|720575940621426300|720575940622303446|720575940623650823|720575940623862015|720575940624885250|720575940626693130|720575940627281594|720575940627374598|720575940629377132|720575940629393207|720575940631058280|720575940633631396|720575940636411534|720575940641263312
546,0.546000,18,0,0,1,720575940605379506|720575940612418991|720575940614383978|720575940616651193|720575940621564550|720575940621814911|720575940623758377|720575940625203277|720575940625779075|720575940626010042|720575940626555440|720575940628796780|720575940629560770|720575940630202267|720575940631142956|720575940632651219|720575940636963806|720575940637586751
547,0.547000,27,0,0,1,720575940610205282|720575940613490841|720575940614087219|720575940614230499|720575940615792523|720575940616861697|720575940618089541|720575940618263365|720575940618678045|720575940619548799|720575940620124143|720575940620746478|720575940622057057|720575940623302988|720575940624130253|720575940624231143|720575940624452548|720575940626279486|720575940627924227|720575940628197392|720575940628834151|720575940631282194|720575940639179891|720575940644751652|720575940646074391|720575940655842465|720575940660052865
548,0.548000,25,0,0,1,720575940608188427|720575940611563310|720575940613792296|720575940613863731|720575940615160239|720575940616661465|720575940617749538|720575940618649936|720575940619675200|720575940621595888|720575940622416628|720575940623153788|720575940625345511|720575940625587642|720575940625773752|720575940627293370|720575940629630679|720575940630020345|720575940630968680|720575940632042148|720575940633901395|720575940634748385|720575940636360811|720575940643100301|720575940643551392
549,0.549000,25,0,0,2,720575940604731838|720575940606453769|720575940609713710|720575940612302042|720575940613193642|720575940613915823|720575940619487425|720575940620096238|720575940621040737|720575940621270042|720575940621367572|720575940622309726|720575940623618708|720575940625558730|720575940626039996|720575940627044885|720575940628844712|720575940631865228|720575940632795532|720575940632875746|720575940634388927|720575940636635760|720575940639092201|720575940639417432|720575940642876320
550,0.550000,21,0,0,4,720575940606756030|720575940615526978|720575940620011435|720575940620868432|720575940620983902|720575940621116807|720575940621393172|720575940622303446|720575940623122125|720575940623202633|720575940626768442|720575940628644239|720575940629263888|720575940629821740|720575940629911503|720575940630006636|720575940631844300|720575940635540671|720575940636574388|720575940637308605|720575940637535077
551,0.551000,24,0,0,0,720575940604009952|720575940608909269|720575940610941906|720575940612724195|720575940613636325|720575940616285151|720575940617716893|720575940618332757|720575940618398533|720575940618635072|720575940623201833|720575940623553260|720575940623764007|720575940625253193|720575940625552412|720575940626662277|720575940627849515|720575940628342171|720575940629702905|720575940630444625|720575940633800860|720575940638027497|720575940638874202|720575940639404416
552,0.552000,23,0,0,2,720575940611811704|720575940612358642|720575940619922512|720575940620028513|720575940623358099|720575940623673821|720575940623748789|720575940623758377|720575940624313406|720575940624394790|720575940625691372|720575940626859080|720575940627706398|720575940627820806|720575940627826760|720575940628082053|720575940630046524|720575940631207388|720575940631985349|720575940632212039|720575940634168928|720575940636069348|720575940639209956
553,0.553000,24,0,0,1,720575940603012832|720575940605607392|720575940606421122|720575940606573490|720575940608140380|720575940611181518|720575940614958120|720575940618931846|720575940621947653|720575940622584069|720575940623302988|720575940623897955|720575940625935544|720575940628003739|720575940630025528|720575940632317997|720575940635492276|720575940636348152|720575940639410291|720575940640788725|720575940644791918|720575940645834275|720575940647253795|720575940650420726
554,0.554000,22,0,0,1,720575940607982428|720575940611207922|720575940613303471|720575940614137907|720575940617313841|720575940619245016|720575940619559815|720575940619896711|720575940620899542|720575940622416628|720575940624619036|720575940625508610|720575940627351543|720575940628429979|720575940628694019|720575940628861660|720575940631745367|720575940632825913|720575940633640493|720575940634257890|720575940635831438|720575940639542691
555,0.555000,21,0,0,1,720575940610439363|720575940612868757|720575940613635737|720575940613771798|720575940614562271|720575940619822784|720575940620912987|720575940621446309|720575940622303446|720575940624876889|720575940625186250|720575940627053861|720575940629041879|720575940629225463|720575940631189817|720575940632804435|720575940633992147|720575940634115775|720575940634274458|720575940636360811|720575940640486488
556,0.556000,32,0,0,4,720575940608098261|720575940612308963|720575940612734066|720575940613891442|720575940614456332|720575940617244347|720575940618746491|720575940618995541|720575940619322221|720575940619701231|720575940620129694|720575940621638534|720575940621689727|720575940621716835|720575940622550089|720575940623260201|720575940624342825|720575940626768442|720575940628343818|720575940628346634|720575940628644239|720575940628796780|720575940631313721|720575940631844300|720575940631925156|720575940632539788|720575940632875746|720575940637210334|720575940638306101|720575940639432782|720575940644492055|720575940646364014
557,0.557000,26,0,0,3,720575940606436384|720575940609341809|720575940609713710|720575940612358642|720575940612359343|720575940613517991|720575940615084339|720575940617054237|720575940617749538|720575940618745424|720575940620380449|720575940621814911|720575940623758377|720575940624130253|720575940625563623|720575940626555184|720575940629229020|720575940631319084|720575940631714119|720575940632402588|720575940632777320|720575940632868051|720575940634441102|720575940636411534|720575940637804915|720575940646350702
558,0.558000,20,0,0,0,720575940604735660|720575940606756030|720575940613981905|720575940615612066|720575940616449858|720575940616821597|720575940617236667|720575940619237985|720575940622523912|720575940623904551|720575940626044942|720575940628062714|720575940628455942|720575940628789626|720575940629459718|720575940631511912|720575940633242449|720575940637586751|720575940640652752|720575940644651208
559,0.559000,14,0,0,2,720575940617751089|720575940617917233|720575940620061793|720575940620943969|720575940621640363|720575940622416628|720575940623302988|720575940624402173|720575940625573653|720575940630372982|720575940631043139|720575940637066352|720575940638403928|720575940638677411
560,0.560000,23,0,0,0,720575940604470240|720575940604737708|720575940611563310|720575940613863731|720575940615210975|720575940617013554|720575940617907430|720575940618355870|720575940618510265|720575940623210409|720575940624885250|720575940625673964|720575940626363529|720575940628375306|720575940628446010|720575940632189900|720575940634748385|720575940635970190|720575940635990640|720575940640325429|720575940642262157|720575940645990935|720575940647291427
561,0.561000,21,0,0,1,720575940608185986|720575940611428977|720575940611516586|720575940614441834|720575940614461014|720575940616861697|720575940617500443|720575940619155995|720575940622053185|720575940622057057|720575940622303446|720575940623618708|720575940623747145|720575940625525739|720575940625952755|720575940627368723|720575940628226697|720575940629560770|720575940631449411|720575940632126860|720575940633631396
562,0.562000,20,0,0,6,720575940605807206|720575940606664894|720575940609343089|720575940609713710|720575940612358642|720575940613693382|720575940615526978|720575940617110028|720575940619676224|720575940621804159|720575940623158601|720575940625436170|720575940626039996|720575940626768442|720575940628644239|720575940631844300|720575940632380216|720575940632875746|720575940636360811|720575940637051503
563,0.563000,15,0,0,0,720575940615429118|720575940616471052|720575940617755220|720575940621393172|720575940623025413|720575940623642904|720575940623862015|720575940627281594|720575940628357714|720575940629393207|720575940629437545|720575940629574082|720575940630006636|720575940635540671|720575940639179891
564,0.564000,15,0,0,1,720575940604009952|720575940609592270|720575940616507865|720575940619636615|720575940619675200|720575940621174337|720575940623302988|720575940623432918|720575940627053861|720575940627493148|720575940627497244|720575940629377132|720575940629786624|720575940633315263|720575940646753412
565,0.565000,11,0,0,0,720575940614236010|720575940619549598|720575940620571953|720575940622945037|720575940623067686|720575940623553260|720575940625827358|720575940629426025|720575940629961219|720575940630607738|720575940632472850
566,0.566000,27,0,0,2,720575940606222014|720575940606421122|720575940613891442|720575940614570415|720575940615792523|720575940616651193|720575940618089541|720575940619948880|720575940620746478|720575940621777390|720575940622303446|720575940622416628|720575940623122125|720575940623718119|720575940624130253|720575940625345511|720575940627458570|720575940628490513|720575940629468716|720575940629630679|720575940629683500|720575940631309866|720575940637071849|720575940639092201|720575940639124029|720575940644306592|720575940644791918
567,0.567000,14,0,0,2,720575940609713710|720575940610822513|720575940612358642|720575940622160705|720575940623096870|720575940626308697|720575940627293370|720575940627849515|720575940630098284|720575940630548035|720575940631142956|720575940631520312|720575940636360811|720575940640436814
568,0.568000,19,0,0,2,720575940605607392|720575940610653462|720575940612281586|720575940613635737|720575940619681006|720575940619754699|720575940623322921|720575940623358099|720575940623758377|720575940624163303|720575940626768442|720575940627357457|720575940627798910|720575940631299602|720575940631715896|720575940632440220|720575940632527683|720575940633170969|720575940635932590
569,0.569000,25,0,0,3,720575940608140380|720575940612603289|720575940612943539|720575940615084339|720575940615755147|720575940620346417|720575940621024545|720575940621645309|720575940622540899|720575940623067389|720575940623302988|720575940623673821|720575940623772564|720575940624986919|720575940628644239|720575940629489260|720575940631283512|720575940631721785|720575940632875746|720575940633518176|720575940633800860|720575940636411534|720575940639082318|720575940640325429|720575940642894628
570,0.570000,23,0,1,1,720575940605420902|720575940607982428|720575940614979634|720575940615160239|720575940616581535|720575940618649936|720575940618886449|720575940618936710|720575940619922512|720575940622516852|720575940624452902|720575940627044885|720575940627706398|720575940628038808|720575940631532396|720575940631844300|720575940632722515|720575940632777320|720575940633178508|720575940637586751|720575940639209956|720575940640486488|720575940646183220
571,0.571000,24,0,0,2,720575940607155890|720575940608188427|720575940612143075|720575940613193642|720575940613771798|720575940613915823|720575940616823862|720575940617054237|720575940620481240|720575940621814911|720575940622303446|720575940622416628|720575940622998627|720575940624313406|720575940626044942|720575940626162890|720575940627787609|720575940628120337|720575940628346634|720575940629490476|720575940629502251|720575940631714119|720575940637535077|720575940650813686
572,0.572000,25,0,0,1,720575940606573490|720575940609713710|720575940614392682|720575940615018463|720575940617671896|720575940618332757|720575940619637185|720575940619896711|720575940620868432|720575940621367572|720575940622037926|720575940622132545|720575940623862989|720575940624394790|720575940625489160|720575940625558730|720575940625587642|720575940629225463|720575940631189817|720575940631656147|720575940632042148|720575940635170484|720575940636360811|720575940637210334|720575940643112333
573,0.573000,23,0,0,2,720575940605807206|720575940609284728|720575940611354597|720575940612358642|720575940614137907|720575940614456332|720575940614963359|720575940616603793|720575940618635072|720575940619636615|720575940619792916|720575940620983902|720575940622183194|720575940622995082|720575940623276988|720575940623758377|720575940624112152|720575940629229020|720575940629870843|720575940631207388|720575940632713759|720575940635540671|720575940644791918
574,0.574000,19,0,0,1,720575940604731838|720575940606039241|720575940611982997|720575940617401122|720575940618510552|720575940619211361|720575940623499132|720575940623888397|720575940624130253|720575940624376456|720575940626768442|720575940627493148|720575940633984851|720575940636997744|720575940638169917|720575940638720233|720575940640852056|720575940645834275|720575940647081860
575,0.575000,23,0,1,2,720575940604735660|720575940606391218|720575940611206514|720575940611563310|720575940611735514|720575940613863731|720575940617672226|720575940618355870|720575940620124143|720575940622516852|720575940623067389|720575940626694288|720575940627406635|720575940627946512|720575940628522540|720575940631180599|720575940631844300|720575940632875746|720575940633631396|720575940635771316|720575940637308605|720575940639152361|720575940640039040
576,0.576000,31,0,0,3,720575940606421122|720575940607641010|720575940609341809|720575940611332325|720575940612868757|720575940613303471|720575940615948610|720575940616984588|720575940617672920|720575940618678045|720575940620065694|720575940620537153|720575940621116807|720575940621716835|720575940622219190|720575940622303446|720575940622416628|720575940625673964|720575940625871408|720575940626883816|720575940627826760|720575940628238217|720575940628446010|720575940628644239|720575940628908548|720575940629975516|720575940630372982|720575940631542732|720575940632307025|720575940633116256|720575940647755641
577,0.577000,44,0,0,1,720575940604009952|720575940609343089|720575940609713710|720575940609979285|720575940610621026|720575940611516586|720575940613891442|720575940615526978|720575940617054237|720575940617451422|720575940619245016|720575940622267201|720575940622945037|720575940623889421|720575940624163303|720575940624280328|720575940624885250|720575940625053186|720575940625436170|720575940625563623|720575940626039996|720575940629041879|720575940629229020|720575940629461442|720575940629488902|720575940629702905|720575940629821740|720575940629910636|720575940630046524|720575940630931999|720575940631043139|720575940631715896|720575940632809683|720575940632962786|720575940635271822|720575940635477902|720575940635970190|720575940637689486|720575940639421043|720575940642876320|720575940643467886|720575940644390436|720575940645693988|720575940646753412
578,0.578000,43,0,1,1,720575940604372070|720575940611428977|720575940612943539|720575940613081250|720575940613981905|720575940614441834|720575940614461014|720575940616821597|720575940616861697|720575940617313841|720575940618398533|720575940619845547|720575940620899542|720575940620912987|720575940621116510|720575940621393172|720575940621519130|720575940621712990|720575940621777390|720575940622158369|720575940622517956|720575940622552675|720575940623302988|720575940623358099|720575940623460872|720575940624231143|720575940624342569|720575940624816115|720575940625419495|720575940626537008|720575940627351543|720575940628375306|720575940629513222|720575940629662208|720575940631306284|720575940631876577|720575940634428058|720575940635464343|720575940636360811|720575940639134835|720575940640325429|720575940641585627|720575940655842465
579,0.579000,43,0,0,1,720575940606222014|720575940606756030|720575940607880578|720575940608140380|720575940612308963|720575940612358642|720575940613635737|720575940615429118|720575940617013554|720575940619155995|720575940619549598|720575940620543025|720575940620746478|720575940621024545|720575940621174337|720575940623025413|720575940623444044|720575940623478115|720575940624836124|720575940624986919|720575940625935544|720575940626051514|720575940626162890|720575940627053861|720575940627635441|720575940627872515|720575940628834151|720575940629991788|720575940630006636|720575940631625979|720575940632722515|720575940632777320|720575940633799787|720575940633953434|720575940634274458|720575940635375200|720575940636635760|720575940636903013|720575940637210334|720575940637535077|720575940639092201|720575940643112333|720575940644751652
580,0.580000,34,0,1,2,720575940605009097|720575940611563310|720575940611813842|720575940614570415|720575940615084339|720575940615296766|720575940616390261|720575940616936226|720575940621270042|720575940621814911|720575940623553260|720575940623758377|720575940624850434|720575940625557893|720575940625561406|720575940625653223|720575940626044942|720575940626210536|720575940627189071|720575940627458570|720575940627514567|720575940628197392|720575940628357714|720575940629426025|720575940631313721|720575940631453101|720575940631966149|720575940632875746|720575940633640493|720575940633800860|720575940637586751|720575940638677411|720575940639179891|720575940640851363
581,0.581000,26,0,0,3,720575940607667723|720575940607982428|720575940610075346|720575940610822513|720575940611439473|720575940612766515|720575940613537686|720575940613636325|720575940614730914|720575940615348689|720575940615755147|720575940618156829|720575940621176837|720575940622416628|720575940627497244|720575940627706398|720575940628494695|720575940628644239|720575940629560770|720575940631844300|720575940633208647|720575940633315263|720575940637071849|720575940640696027|720575940640788725|720575940645239844
582,0.582000,34,0,0,0,720575940605658033|720575940607791573|720575940611719378|720575940613588246|720575940614562271|720575940616449465|720575940616603793|720575940617886533|720575940618658974|720575940619487425|720575940620179553|720575940620657857|720575940622540899|720575940622945037|720575940623126697|720575940624394790|720575940624402173|720575940624621968|720575940624876889|720575940625666964|720575940626111619|720575940626500745|720575940628356102|720575940629600630|720575940629683500|720575940633308371|720575940636574388|720575940639417432|720575940640205501|720575940640486488|720575940641546715|720575940646518382|720575940651341558|720575940651932150
583,0.583000,34,0,1,1,720575940608098261|720575940613258994|720575940613917359|720575940615032130|720575940615631266|720575940616566996|720575940616661465|720575940617110028|720575940619701231|720575940620096238|720575940620988276|720575940621766938|720575940623202633|720575940623626986|720575940624323475|720575940624863896|720575940625345511|720575940626609234|720575940626768442|720575940627820806|720575940628339611|720575940628346634|720575940628791812|720575940629459718|720575940629630679|720575940630607738|720575940630931999|720575940631520312|720575940631532396|720575940631714119|720575940632803795|720575940633573836|720575940633631396|720575940639542691
584,0.584000,24,0,1,1,720575940605007206|720575940605607392|720575940605780140|720575940606391218|720575940610439363|720575940613891442|720575940622147873|720575940623302988|720575940623807672|720575940624206728|720575940624452902|720575940626555440|720575940627044885|720575940628016387|720575940628034603|720575940629460943|720575940629637163|720575940631365260|720575940632527683|720575940635776760|720575940636411534|720575940637308605|720575940639209956|720575940647081860
585,0.585000,30,0,1,2,720575940609097429|720575940609713710|720575940611206514|720575940613473959|720575940614187006|720575940615160239|720575940615408490|720575940620571953|720575940621947653|720575940622140109|720575940622183194|720575940622382686|720575940622474760|720575940622525729|720575940623718119|720575940623758377|720575940624163303|720575940624677303|720575940625827358|720575940626662277|720575940626751294|720575940626979621|720575940627510012|720575940627620593|720575940630161980|720575940633705636|720575940639172585|720575940639432782|720575940640749939|720575940645360663
586,0.586000,23,0,0,2,720575940604009952|720575940606015154|720575940610588565|720575940612358642|720575940614461014|720575940616471052|720575940617500443|720575940620963920|720575940621468404|720575940622828056|720575940625525740|720575940625691372|720575940625845391|720575940627702293|720575940627924227|720575940627996285|720575940628446010|720575940629437545|720575940631812141|720575940632875746|720575940634388927|720575940640652752|720575940648606340
587,0.587000,22,0,0,1,720575940611108676|720575940611385806|720575940611563310|720575940612682467|720575940616285151|720575940619332944|720575940619549598|720575940621116807|720575940622057057|720575940622303446|720575940622517956|720575940624130253|720575940627849515|720575940628694019|720575940629225463|720575940629502251|720575940631207388|720575940632307025|720575940632524559|720575940633116256|720575940634428058|720575940635771316
588,0.588000,30,0,0,2,720575940604735660|720575940608188427|720575940608368818|720575940609592270|720575940610899666|720575940614570415|720575940614775592|720575940615954833|720575940617755220|720575940619676224|720575940621367572|720575940621814911|720575940622105480|720575940623025413|720575940623122125|720575940623432918|720575940624619036|720575940625259056|720575940626363529|720575940627787609|720575940628644239|720575940631319084|720575940631844300|720575940632407826|720575940632427112|720575940632898105|720575940634172267|720575940634748385|720575940642262157|720575940645834275
589,0.589000,29,0,0,3,720575940604737708|720575940606421122|720575940606573490|720575940611735514|720575940612943539|720575940615043368|720575940615429118|720575940619559815|720575940620061793|720575940620124143|720575940620983902|720575940622160705|720575940622416628|720575940623153788|720575940623302988|720575940623748789|720575940624816115|720575940626039996|720575940626469909|720575940626741552|720575940626768442|720575940626859080|720575940628861660|720575940629981440|720575940630098284|720575940630480459|720575940632539788|720575940644494752|720575940660052865
590,0.590000,24,0,1,0,720575940605807206|720575940607155890|720575940607667723|720575940612418991|720575940612724195|720575940612868757|720575940613915823|720575940614456332|720575940614856607|720575940615101747|720575940621393172|720575940621775130|720575940621804159|720575940623673821|720575940624106776|720575940625790778|720575940625970471|720575940627949589|720575940628375306|720575940629327659|720575940631767633|720575940632102564|720575940639278399|720575940642855328
591,0.591000,16,0,0,1,720575940609713710|720575940611638499|720575940613771798|720575940615526978|720575940616984588|720575940624313406|720575940624986919|720575940627053861|720575940628197392|720575940628866809|720575940631189817|720575940631299602|720575940632669800|720575940633027223|720575940635170484|720575940636360811
592,0.592000,12,0,0,2,720575940611811704|720575940612099986|720575940612358642|720575940613598105|720575940613693382|720575940614392682|720575940616861697|720575940620008758|720575940624951847|720575940628834151|720575940629488902|720575940632875746
593,0.593000,27,0,0,1,720575940611772514|720575940612281586|720575940615084339|720575940615792523|720575940616449858|720575940616507865|720575940617716893|720575940618931846|720575940620091038|720575940620657857|720575940620746478|720575940621174337|720575940621716835|720575940622979848|720575940623067389|720575940623758377|720575940624885250|720575940625031403|720575940625044784|720575940625508610|720575940625622968|720575940626113661|720575940627826760|720575940629616092|720575940634441102|720575940637308605|720575940637586751
594,0.594000,17,0,0,2,720575940608127666|720575940614412906|720575940614958120|720575940618355870|720575940619922512|720575940622219190|720575940623302988|720575940626768442|720575940627715870|720575940628319546|720575940630668538|720575940633308371|720575940634257890|720575940635362716|720575940635540671|720575940636411534|720575940638677411
595,0.595000,17,0,0,2,720575940611813842|720575940616167730|720575940618649936|720575940618936710|720575940620889936|720575940622416628|720575940623444044|720575940626555440|720575940628644239|720575940629662208|720575940631309866|720575940633789011|720575940636242778|720575940638403928|720575940645239844|720575940647253795|720575940659019649
596,0.596000,11,0,0,2,720575940609713710|720575940620001694|720575940624453680|720575940624891941|720575940625186250|720575940625436170|720575940625563623|720575940630006636|720575940631844300|720575940632440220|720575940636360811
597,0.597000,19,0,0,3,720575940604653484|720575940606756030|720575940612358642|720575940615651670|720575940619155995|720575940619948880|720575940620571953|720575940620686964|720575940621507549|720575940622303446|720575940623478115|720575940624163303|720575940624342825|720575940625552412|720575940627946512|720575940628695043|720575940632875746|720575940640436814|720575940645716771
598,0.598000,12,0,0,1,720575940604470240|720575940608188427|720575940614137907|720575940618886449|720575940623758377|720575940624130253|720575940624394790|720575940624559644|720575940625587642|720575940627293370|720575940632042148|720575940640486488
599,0.599000,14,0,0,2,720575940604731838|720575940618635072|720575940619134789|720575940622712772|720575940623158601|720575940623302988|720575940623358099|720575940625691372|720575940625935544|720575940626768442|720575940628346634|720575940629489260|720575940632189900|720575940633631396
600,0.600000,22,1,0,1,720575940607949781|720575940607982428|720575940609343089|720575940610941906|720575940611516586|720575940613836438|720575940613863731|720575940616821597|720575940617828731|720575940618131928|720575940620091038|720575940621777390|720575940621814911|720575940622265894|720575940622416628|720575940622584069|720575940624231143|720575940628352850|720575940629263888|720575940631714119|720575940632317997|720575940637743076
601,0.601000,13,0,0,0,720575940604009952|720575940606421122|720575940608918830|720575940609959637|720575940622517956|720575940623862015|720575940625525739|720575940627281594|720575940629560770|720575940629630679|720575940630372982|720575940631520312|720575940631925156
602,0.602000,16,1,0,1,720575940604737708|720575940605807206|720575940608140380|720575940609713710|720575940613193642|720575940616569601|720575940619403942|720575940619559815|720575940625345511|720575940631207388|720575940636360811|720575940636992368|720575940638832512|720575940639092201|720575940639179891|720575940644615716
603,0.603000,28,1,0,3,720575940605639858|720575940611982997|720575940612358642|720575940613473959|720575940613635737|720575940614562271|720575940615210975|720575940618019933|720575940619896711|720575940620868432|720575940622303446|720575940622516852|720575940623387786|720575940623772564|720575940624250405|720575940625673964|720575940625779075|720575940628455942|720575940628644239|720575940629225463|720575940630046524|720575940630098284|720575940633640493|720575940636411534|720575940636635760|720575940639124029|720575940642354120|720575940642634532
604,0.604000,17,0,0,2,720575940613891442|720575940614019379|720575940615177099|720575940617226141|720575940620027515|720575940623436725|720575940623758377|720575940624113993|720575940631656147|720575940632875746|720575940633984851|720575940635540671|720575940636347128|720575940636997744|720575940637586751|720575940638055869|720575940643558692
605,0.605000,17,0,0,1,720575940606573490|720575940615160239|720575940618398533|720575940620380449|720575940620537153|720575940623122125|720575940623260201|720575940623302988|720575940625021796|720575940626693130|720575940627044885|720575940631453101|720575940631575327|720575940634274458|720575940639410291|720575940645834275|720575940645909300
606,0.606000,12,1,0,3,720575940609341809|720575940613829900|720575940616661465|720575940617244347|720575940622416628|720575940624879678|720575940626768442|720575940627432680|720575940631043139|720575940631372369|720575940631844300|720575940635978926
607,0.607000,29,0,0,0,720575940611563310|720575940611981029|720575940612921746|720575940613303471|720575940614456332|720575940615032495|720575940615084339|720575940615526978|720575940616651193|720575940617755220|720575940618332757|720575940619245016|720575940620746478|720575940621074835|720575940621393172|720575940624453680|720575940625968115|720575940626039996|720575940628694019|720575940628695043|720575940631142956|720575940632380216|720575940634407520|720575940636242778|720575940636360811|720575940642876320|720575940644306592|720575940646350702|720575940647291427
608,0.608000,19,0,0,3,720575940603012832|720575940606664894|720575940606756030|720575940609713710|720575940621640363|720575940622057057|720575940622303446|720575940622552675|720575940623322921|720575940623862015|720575940624619036|720575940627849515|720575940628644239|720575940628861660|720575940630006636|720575940633145903|720575940636348152|720575940648570244|720575940660229505
609,0.609000,7,0,0,1,720575940604735660|720575940621116807|720575940621261296|720575940623758377|720575940627048847|720575940627281594|720575940628642576
610,0.610000,14,0,0,1,720575940610439363|720575940612308963|720575940612358642|720575940617492822|720575940619681006|720575940620899542|720575940621638534|720575940623553260|720575940623673821|720575940626111619|720575940626363529|720575940631985349|720575940639082318|720575940646183220
611,0.611000,25,0,0,3,720575940613771798|720575940615612066|720575940619675200|720575940619922512|720575940620346417|720575940621589887|720575940621777390|720575940621814911|720575940623302988|720575940623358099|720575940624394790|720575940624402173|720575940624876889|720575940625779075|720575940628342171|720575940629041879|720575940629377132|720575940629393207|720575940630202267|720575940631844300|720575940632875746|720575940636963806|720575940637210334|720575940642262157|720575940644751652
612,0.612000,20,0,0,1,720575940607982428|720575940608074370|720575940615792523|720575940617313841|720575940617828731|720575940620571953|720575940621024545|720575940621170526|720575940622265894|720575940622416628|720575940624130253|720575940624313406|720575940624452548|720575940628120337|720575940631189817|720575940632042148|720575940633631396|720575940642506459|720575940646074391|720575940655842465
613,0.613000,12,0,0,2,720575940606421122|720575940616861697|720575940618678045|720575940623067686|720575940624885250|720575940625203277|720575940625436170|720575940626768442|720575940628644239|720575940628910956|720575940629502251|720575940638306101
614,0.614000,19,0,0,2,720575940604009952|720575940605807206|720575940609713710|720575940612868757|720575940613517991|720575940613915823|720575940613981905|720575940614137907|720575940617500443|720575940618238523|720575940618551481|720575940619754699|720575940622303446|720575940626815120|720575940627458570|720575940628896168|720575940632126860|720575940636360811|720575940640578931
615,0.615000,15,0,0,0,720575940614461014|720575940617672920|720575940618355870|720575940620024534|720575940620124143|720575940620802836|720575940621586854|720575940625952755|720575940627497244|720575940628346634|720575940628455942|720575940633185567|720575940635271822|720575940635540671|720575940640486488
616,0.616000,22,0,1,1,720575940606039241|720575940608918830|720575940613473959|720575940615166111|720575940616507865|720575940617110028|720575940617672226|720575940619676224|720575940620027515|720575940620032379|720575940620061793|720575940622219190|720575940623618708|720575940624449318|720575940627903484|720575940627946512|720575940630247418|720575940631721785|720575940632875746|720575940633705636|720575940637586751|720575940639142116
617,0.617000,30,0,0,4,720575940605780140|720575940608140380|720575940611428977|720575940612358642|720575940613441320|720575940615953202|720575940618635072|720575940621684358|720575940621947653|720575940622416628|720575940622517956|720575940623083242|720575940623432918|720575940623758377|720575940625502666|720575940629139834|720575940629225463|720575940629426025|720575940629461442|720575940629702905|720575940631207388|720575940631844300|720575940633156377|720575940633800860|720575940637607646|720575940638832512|720575940639179891|720575940643100301|720575940644438551|720575940644791918
618,0.618000,29,0,0,2,720575940609592270|720575940611516586|720575940613524903|720575940613635737|720575940615084339|720575940618089541|720575940619155995|720575940622160705|720575940623122125|720575940623302988|720575940623748789|720575940625691372|720575940626308697|720575940626555440|720575940626662277|720575940626768442|720575940627293370|720575940627351543|720575940627826760|720575940629911503|720575940631319084|720575940631714119|720575940634139799|720575940636992368|720575940637535077|720575940640788725|720575940643551392|720575940646364014|720575940646753412
619,0.619000,25,0,0,1,720575940604737708|720575940609343089|720575940612734066|720575940612763158|720575940613863731|720575940614707871|720575940615177099|720575940616370065|720575940616651193|720575940618649936|720575940619134789|720575940619709899|720575940621716835|720575940622203350|720575940625489160|720575940627044885|720575940627357457|720575940628446010|720575940628644239|720575940629489260|720575940629630679|720575940629821740|720575940631520312|720575940640325429|720575940645909300
620,0.620000,25,0,0,1,720575940609713710|720575940613891442|720575940618936710|720575940620179553|720575940621833054|720575940623444044|720575940623862015|720575940624206472|720575940624681520|720575940625419495|720575940625935544|720575940626555184|720575940627053861|720575940629377132|720575940629393207|720575940631575327|720575940632713759|720575940634748385|720575940636347128|720575940636360811|720575940636574388|720575940637308605|720575940639092201|720575940643558692|720575940648669060
621,0.621000,23,0,0,2,720575940605007206|720575940610209378|720575940614681128|720575940615036319|720575940615160239|720575940615526978|720575940616575557|720575940616821597|720575940619245016|720575940620252075|720575940620481240|720575940621367572|720575940622303446|720575940624453680|720575940626039996|720575940627281594|720575940627820806|720575940628494695|720575940629240263|720575940631309866|720575940632875746|720575940635970190|720575940638055869
622,0.622000,30,0,0,1,720575940604470240|720575940605607392|720575940610439363|720575940611811704|720575940613792296|720575940614403178|720575940617054237|720575940619754699|720575940620868432|720575940620943969|720575940621393172|720575940621766938|720575940621814911|720575940622995082|720575940623889421|720575940624850434|720575940625558730|720575940625587642|720575940628154364|720575940628238217|720575940629229020|720575940631177027|720575940631844300|720575940632777320|720575940633518176|720575940633640493|720575940639505792|720575940640039040|720575940643882184|720575940646735156
623,0.623000,31,0,0,3,720575940604735660|720575940606573490|720575940606756030|720575940607982428|720575940612281586|720575940612358642|720575940616285151|720575940617013554|720575940619636615|720575940620096238|720575940622265894|720575940622416628|720575940623358099|720575940624112152|720575940625552412|720575940626044942|720575940626051514|720575940626768442|720575940627493148|720575940627706398|720575940628342171|720575940628485479|720575940628694019|720575940630006636|720575940630098284|720575940632440220|720575940636411534|720575940639209956|720575940644791918|720575940645834275|720575940648564612
624,0.624000,32,0,0,3,720575940604731838|720575940606421122|720575940608144732|720575940617649954|720575940618398533|720575940618930737|720575940619559815|720575940619896711|720575940620571953|720575940620912987|720575940621921285|720575940622584069|720575940622998627|720575940623302988|720575940623322921|720575940623758377|720575940624130253|720575940624394790|720575940624402173|720575940624619036|720575940625563623|720575940627406635|720575940628455942|720575940628644239|720575940628873722|720575940629225463|720575940630539535|720575940631299602|720575940632059193|720575940633631396|720575940636242778|720575940639542691
625,0.625000,26,0,0,1,720575940606664894|720575940609713710|720575940611439473|720575940613193642|720575940613636325|720575940613693382|720575940614456332|720575940615043222|720575940617828731|720575940618263365|720575940620537153|720575940622183194|720575940623387786|720575940624231143|720575940625053186|720575940625673964|720575940626859080|720575940627692565|720575940628861660|720575940630372982|720575940631142956|720575940635831438|720575940635932590|720575940636361573|720575940637210334|720575940638633806
626,0.626000,13,0,0,1,720575940605420902|720575940605807206|720575940608140380|720575940621777390|720575940622303446|720575940623618708|720575940627849515|720575940629786624|720575940636360811|720575940636635760|720575940637586751|720575940637635305|720575940645864739
627,0.627000,43,0,1,2,720575940604737708|720575940606222014|720575940608188427|720575940609284728|720575940609341809|720575940611332325|720575940612143075|720575940613891442|720575940615018463|720575940615410107|720575940616581535|720575940616603793|720575940616823862|720575940617054237|720575940617671896|720575940618332757|720575940620746478|720575940620881524|720575940620988276|720575940621519130|720575940622540899|720575940622550089|720575940623807672|720575940623862989|720575940624163303|720575940624280328|720575940624452902|720575940628357714|720575940628375306|720575940629229020|720575940629560770|720575940630046524|720575940631071559|720575940631715896|720575940631844300|720575940632317997|720575940632875746|720575940633315263|720575940634388927|720575940635170484|720575940638677411|720575940640325429|720575940650813686
628,0.628000,56,0,0,3,720575940604009952|720575940611354597|720575940612358642|720575940613081250|720575940614187006|720575940614562271|720575940614775592|720575940614979634|720575940615457938|720575940616702465|720575940618886449|720575940619548799|720575940619637185|720575940619792916|720575940619863125|720575940620001360|720575940620543025|720575940620983902|720575940621024545|720575940622057057|720575940622416628|720575940622516852|720575940622828056|720575940622971283|720575940623553260|720575940623718119|720575940625021796|720575940625345511|720575940625477322|720575940625779075|720575940625827358|720575940626363529|720575940626768442|720575940627048847|720575940627635441|720575940628038808|720575940628137713|720575940628796780|720575940630480459|720575940630487035|720575940631365260|720575940631372369|720575940632407826|720575940632524559|720575940633178508|720575940633800860|720575940634274458|720575940636348152|720575940636997744|720575940637535077|720575940639410291|720575940640436814|720575940641546715|720575940643112333|720575940643551392|720575940658472065
629,0.629000,44,0,1,0,720575940606123954|720575940608368818|720575940609592270|720575940609979285|720575940610621026|720575940610822513|720575940612937073|720575940615755147|720575940616762585|720575940617226141|720575940617244347|720575940617755220|720575940619211361|720575940619487425|720575940619922512|720575940620011435|720575940620032123|720575940621645309|720575940621712990|720575940622037926|720575940623260201|720575940623388237|720575940623862015|720575940625436170|720575940625666964|720575940626044942|720575940626162890|720575940626609234|720575940627432680|720575940627458570|720575940629437545|720575940629513478|720575940629683500|720575940631260716|720575940631283512|720575940631532396|720575940631625979|720575940632777320|720575940635970190|720575940637071849|720575940639152361|720575940639432782|720575940642262157|720575940643100301
630,0.630000,42,1,0,1,720575940605607392|720575940606010057|720575940607791573|720575940608918830|720575940613258994|720575940613303471|720575940614461014|720575940616459333|720575940616651193|720575940617013554|720575940617451422|720575940619701231|720575940621018977|720575940621684358|720575940622160705|720575940623120222|720575940623276988|720575940623302988|720575940623432918|720575940623673821|720575940624106776|720575940624742158|720575940625186250|720575940625502666|720575940626407820|720575940627281594|720575940628197392|720575940628802041|720575940628834151|720575940629041879|720575940629377132|720575940629393207|720575940629502251|720575940630040438|720575940631097462|720575940631714119|720575940632032204|720575940636963806|720575940642506459|720575940644438551|720575940645909300|720575940646753412
631,0.631000,44,2,1,2,720575940604014508|720575940605074278|720575940607480329|720575940608722371|720575940611206514|720575940611428977|720575940612868757|720575940612943539|720575940613635737|720575940613771798|720575940613981905|720575940614236010|720575940616861697|720575940617672226|720575940619245016|720575940619549598|720575940619681006|720575940619948880|720575940621804159|720575940622219190|720575940622945037|720575940623025413|720575940623067686|720575940623202633|720575940623758377|720575940623852873|720575940624376456|720575940624449318|720575940624885250|720575940625415813|720575940626537008|720575940627083397|720575940627715870|720575940628644239|720575940628695043|720575940629870843|720575940630548035|720575940631542732|720575940632472850|720575940632809683|720575940637607646|720575940638169917|720575940640652752|720575940640852056
632,0.632000,49,0,0,3,720575940607667723|720575940607982428|720575940609713710|720575940610653462|720575940612603289|720575940613039539|720575940613915823|720575940614230499|720575940614570415|720575940614963359|720575940615084339|720575940615429118|720575940618355870|720575940619636615|720575940620027515|720575940620899542|720575940621176837|720575940621270042|720575940621814911|720575940622132545|720575940622552675|720575940623158601|720575940623499132|720575940623772564|720575940623888397|720575940627639528|720575940627706398|720575940627872515|720575940628346634|720575940629459718|720575940630931999|720575940631043139|720575940631180599|720575940631313721|720575940631656147|720575940631721785|720575940631812141|720575940631844300|720575940632803795|720575940632875746|720575940633116256|720575940637308605|720575940638720233|720575940639082318|720575940639179891|720575940639421043|720575940640486488|720575940644390436|720575940646518382
633,0.633000,44,0,0,1,720575940606421122|720575940607641010|720575940607880578|720575940608098261|720575940611108676|720575940612766515|720575940613863731|720575940613891442|720575940615296766|720575940615348689|720575940615948610|720575940616449465|720575940619134789|720575940620124143|720575940620431798|720575940620746478|720575940622303446|720575940622516852|720575940623358099|720575940624130253|720575940624313406|720575940624342569|720575940625048250|720575940625573653|720575940626111619|720575940626848275|720575940628238217|720575940628876292|720575940629468716|720575940629600630|720575940631715896|720575940632042148|720575940632527683|720575940632807193|720575940634428058|720575940635375200|720575940635540671|720575940636903013|720575940639124029|720575940640178640|720575940645693988|720575940647755641|720575940648606340|720575940654167201
634,0.634000,43,0,1,3,720575940605028017|720575940606222014|720575940611719378|720575940612358642|720575940614392682|720575940614441834|720575940615526978|720575940615612066|720575940616390261|720575940617401122|720575940617886533|720575940618658974|720575940620065694|720575940621008734|720575940621116807|720575940621148948|720575940621174337|720575940622140109|720575940622416628|720575940624206728|720575940624323475|720575940624836124|720575940625203277|720575940626741552|720575940626768442|720575940626883816|720575940627493148|720575940627826760|720575940628357714|720575940628446010|720575940628706325|720575940628861188|720575940628910956|720575940629975516|720575940629991788|720575940633315263|720575940633631396|720575940636879534|720575940638306101|720575940640140341|720575940640578931|720575940644745120|720575940644751652
635,0.635000,31,2,1,0,720575940604735660|720575940605583136|720575940612359343|720575940612734066|720575940613829900|720575940614958120|720575940615160239|720575940615954833|720575940618308987|720575940619845547|720575940620552308|720575940620571953|720575940620759841|720575940622105480|720575940622770410|720575940624621968|720575940624876889|720575940625336464|720575940627357457|720575940628522540|720575940629377132|720575940629393207|720575940630006636|720575940630675151|720575940631299602|720575940631848791|720575940633145903|720575940633719487|720575940636411534|720575940638677411|720575940646682676
636,0.636000,35,0,0,2,720575940607982345|720575940610205282|720575940611563310|720575940612724195|720575940615032130|720575940616984588|720575940617716893|720575940618510552|720575940618827910|720575940620024534|720575940621367572|720575940621595888|720575940621716835|720575940623153788|720575940623302988|720575940623718119|720575940623758377|720575940623889421|720575940625779075|720575940625827358|720575940626555440|720575940626888250|720575940627044885|720575940627281594|720575940627924227|720575940628908548|720575940629328172|720575940630025528|720575940631520312|720575940633992147|720575940637258985|720575940639092201|720575940642894628|720575940643100301|720575940643551392
637,0.637000,40,0,1,2,720575940604009952|720575940605007206|720575940607447491|720575940611516586|720575940612308963|720575940615792523|720575940621038294|720575940621116510|720575940621543194|720575940622183194|720575940623444044|720575940623862015|720575940623897955|720575940624163303|720575940624338068|720575940624342825|720575940624452902|720575940625053186|720575940625790778|720575940626039996|720575940627514567|720575940627731206|720575940627849515|720575940628034603|720575940628455942|720575940628644239|720575940629488902|720575940630743597|720575940631306284|720575940631844300|720575940632102564|720575940632212039|720575940632722515|720575940634172267|720575940634257890|720575940637369909|720575940639404416|720575940644306592|720575940646074391|720575940647253795
638,0.638000,46,0,0,3,720575940605009097|720575940605379506|720575940605658033|720575940607725321|720575940608545219|720575940609713710|720575940611181518|720575940613490841|720575940613588246|720575940615953202|720575940616130646|720575940618649936|720575940621393172|720575940622081516|720575940622303446|720575940622389640|720575940623126697|720575940623322921|720575940623468691|720575940624033516|720575940625622968|720575940627713284|720575940627798910|720575940627997050|720575940628343818|720575940628694019|720575940629041879|720575940629263888|720575940629513222|720575940629560770|720575940629630679|720575940629702905|720575940630202267|720575940631207388|720575940631842360|720575940632875746|720575940636347128|720575940636354650|720575940636360811|720575940637586751|720575940637689486|720575940639209956|720575940640325429|720575940640696027|720575940640851363|720575940651932150
639,0.639000,39,0,0,2,720575940605876866|720575940606564482|720575940609343089|720575940612099986|720575940612358642|720575940612677142|720575940612943539|720575940614137907|720575940614963359|720575940616167730|720575940616821597|720575940617313841|720575940620868432|720575940621978117|720575940622158369|720575940622265894|720575940622474760|720575940623888397|720575940626210536|720575940626768442|720575940626872932|720575940628695043|720575940628791812|720575940629225463|720575940629437545|720575940630372982|720575940631189817|720575940631575327|720575940631876577|720575940632778051|720575940633573836|720575940633640493|720575940634407520|720575940636242778|720575940640788725|720575940641585627|720575940642617544|720575940642876320|720575940645834275
640,0.640000,37,0,0,0,720575940606015154|720575940606664894|720575940607155890|720575940608140380|720575940608918830|720575940610588565|720575940610621026|720575940611982997|720575940614215405|720575940614619282|720575940616661465|720575940617672920|720575940618332757|720575940618398533|720575940619155995|720575940619245016|720575940619676224|720575940621170526|720575940621684358|720575940623096870|720575940624193279|720575940624394790|720575940624453680|720575940626848275|720575940628642576|720575940630506358|720575940630810695|720575940631319084|720575940631966149|720575940632651219|720575940632898105|720575940633800860|720575940633984851|720575940638832512|720575940639172585|720575940640039040|720575940645057828
641,0.641000,37,0,0,3,720575940605135038|720575940606574091|720575940610453162|720575940614799154|720575940615084339|720575940616651193|720575940617500443|720575940617523174|720575940618635072|720575940619559815|720575940619998630|720575940620027515|720575940620571953|720575940621426300|720575940621457690|720575940621814911|720575940622057057|720575940622416628|720575940622523912|720575940622584069|720575940623302988|720575940623758377|720575940624619036|720575940625528638|720575940628137713|720575940629489260|720575940629502251|720575940629910636|720575940638027497|720575940639542691|720575940642262157|720575940643863496|720575940644494752|720575940645282158|720575940647081860|720575940648570244|720575940651341558
642,0.642000,46,0,0,0,720575940604372070|720575940605780140|720575940606391218|720575940606756030|720575940611439473|720575940613235865|720575940614456332|720575940614808150|720575940616449858|720575940616506527|720575940617110028|720575940617825949|720575940618678045|720575940619237985|720575940619820368|720575940620746478|720575940621446309|720575940621775130|720575940622516852|720575940623067389|720575940623122125|720575940623210409|720575940623862015|720575940625871408|720575940626815120|720575940627281594|720575940627497244|720575940628494695|720575940628834151|720575940628861660|720575940629895491|720575940630444625|720575940634441102|720575940634701025|720575940635170484|720575940635464343|720575940635599758|720575940636348152|720575940636963806|720575940637711686|720575940638469584|720575940638633806|720575940643100301|720575940643551392|720575940645990935|720575940649591673
643,0.643000,41,0,0,1,720575940605807206|720575940606573490|720575940611563310|720575940613441320|720575940613635737|720575940614511279|720575940615210975|720575940615750562|720575940620028513|720575940621589887|720575940621833054|720575940623126697|720575940623499132|720575940623888397|720575940624449318|720575940624452548|720575940625345511|720575940625587642|720575940626010042|720575940627293370|720575940628346634|720575940628375306|720575940629377132|720575940629393207|720575940630161980|720575940631043139|720575940631058280|720575940631532396|720575940632042148|720575940632307025|720575940632539788|720575940632825913|720575940632875746|720575940632962786|720575940635540671|720575940635932590|720575940636360811|720575940639410291|720575940639710883|720575940640486488|720575940646753412
644,0.644000,37,0,0,2,720575940604653484|720575940609713710|720575940612418991|720575940613981905|720575940615177099|720575940617236667|720575940617244347|720575940618746491|720575940618931846|720575940619428289|720575940619549598|720575940622303446|720575940623358099|720575940623747145|720575940624885250|720575940624923655|720575940625779075|720575940625935544|720575940626363529|720575940627189071|720575940628003739|720575940628342171|720575940628791812|720575940629041879|720575940630020345|720575940630247418|720575940630569272|720575940631511436|720575940631698340|720575940632440220|720575940633145903|720575940633328098|720575940633631396|720575940636069348|720575940636635760|720575940642506459|720575940647228468
645,0.645000,34,0,0,3,720575940612358642|720575940613792296|720575940616507865|720575940616861697|720575940617828731|720575940618844757|720575940619152856|720575940620096238|720575940620124143|720575940620561840|720575940621024545|720575940623387786|720575940624231143|720575940625053186|720575940625440019|720575940625673964|720575940625970471|720575940626979621|720575940628050950|720575940628644239|720575940628789626|720575940628896168|720575940629461442|720575940629911503|720575940629981440|720575940631154743|720575940631844300|720575940631925156|720575940632402588|720575940633156377|720575940633178508|720575940645676579|720575940645909300|720575940650785401
646,0.646000,37,0,0,0,720575940604731838|720575940610899666|720575940612763158|720575940613753007|720575940613863731|720575940614979634|720575940615166111|720575940617649954|720575940617907430|720575940619077255|720575940619134789|720575940619754699|720575940620061793|720575940620129694|720575940620571953|720575940621116807|720575940621268830|720575940623673821|720575940623748789|720575940624112152|720575940624130253|720575940624534972|720575940625508610|720575940627899900|720575940629821740|720575940630520314|720575940631142956|720575940632669800|720575940635146848|720575940635271822|720575940636347128|720575940638055869|720575940638204132|720575940640178640|720575940643558692|720575940644492055|720575940650420726
647,0.647000,37,0,0,3,720575940605420902|720575940606436384|720575940608188427|720575940611428977|720575940612682467|720575940616285151|720575940617306717|720575940618995541|720575940619322221|720575940619922512|720575940620271636|720575940620537153|720575940621393172|720575940622416628|720575940623302988|720575940623356651|720575940623758377|720575940623807672|720575940625352852|720575940625552412|720575940625845391|720575940626433881|720575940626662277|720575940628319546|720575940628490513|720575940628910956|720575940629328172|720575940630098284|720575940630106309|720575940630135084|720575940634748385|720575940637126007|720575940637804915|720575940645864739|720575940646183220|720575940648606340|720575940660052865
648,0.648000,29,0,0,1,720575940606421122|720575940607982428|720575940608140380|720575940610877098|720575940611811704|720575940612281586|720575940614412906|720575940614562271|720575940615413435|720575940615526978|720575940618745424|720575940619245016|720575940620008758|720575940621777390|720575940623260201|720575940623444044|720575940623904551|720575940626039996|720575940626323911|720575940626768442|720575940627048847|720575940627053861|720575940628062714|720575940628706325|720575940630046524|720575940634274458|720575940635990640|720575940640228661|720575940640578931
649,0.649000,31,0,0,1,720575940606664894|720575940609713710|720575940610439363|720575940613891442|720575940613915823|720575940618405848|720575940622156148|720575940623067389|720575940623067686|720575940624206472|720575940624677303|720575940624754981|720575940625253193|720575940626111619|720575940626555440|720575940626650890|720575940626694288|720575940627849515|720575940628455942|720575940628796780|720575940629225463|720575940629961219|720575940630539535|720575940630822175|720575940631714119|720575940633242449|720575940634168928|720575940637066352|720575940639179891|720575940644651208|720575940646735156
650,0.650000,38,0,0,1,720575940604009952|720575940611477683|720575940612868757|720575940614376615|720575940615764061|720575940617232017|720575940617841437|720575940619709899|720575940620011435|720575940620904614|720575940621684358|720575940622265894|720575940622791364|720575940623322921|720575940623764007|720575940624915435|720575940625021796|720575940625419495|720575940626425682|720575940627820806|720575940627826760|720575940628695043|720575940628876292|720575940629090754|720575940629483735|720575940629502251|720575940631260716|720575940631584876|720575940632875746|720575940633442468|720575940635404724|720575940635540671|720575940636242778|720575940636360811|720575940644658542|720575940645239844|720575940646074391|720575940648669060
651,0.651000,44,0,0,3,720575940605007206|720575940605032550|720575940608185986|720575940608918830|720575940610941906|720575940611981029|720575940612358642|720575940612734066|720575940615042246|720575940615612066|720575940615953202|720575940616762585|720575940617532089|720575940617755220|720575940620001694|720575940620014203|720575940620197441|720575940621068464|720575940621201833|720575940622518197|720575940622552675|720575940623553260|720575940624280328|720575940624453680|720575940625436170|720575940625880472|720575940626199429|720575940627730206|720575940628429979|720575940628644239|720575940629312300|720575940629512314|720575940631207388|720575940631719417|720575940631844300|720575940632825913|720575940633620132|720575940634388927|720575940634788600|720575940635681198|720575940637586751|720575940637587813|720575940645990935|720575940646682676
652,0.652000,45,0,1,2,720575940605777841|720575940606039241|720575940611439473|720575940612937073|720575940613771798|720575940615833055|720575940616813858|720575940617952034|720575940618355870|720575940618930737|720575940619766219|720575940620032123|720575940620091038|720575940621814911|720575940621947653|720575940622303446|720575940622610726|720575940623758377|720575940624313406|720575940624742158|720575940625203277|720575940626848275|720575940627033875|720575940627253604|720575940628120402|720575940628694019|720575940628822805|720575940629560770|720575940630006636|720575940630810695|720575940630883599|720575940630931999|720575940631103744|720575940631309866|720575940631372369|720575940631745367|720575940633901395|720575940636063204|720575940638027497|720575940639410291|720575940639505792|720575940640039040|720575940644494752|720575940644751652|720575940648564612
653,0.653000,42,0,0,2,720575940603012832|720575940607689394|720575940609097429|720575940614368483|720575940615036319|720575940616651193|720575940618263365|720575940620889936|720575940621457690|720575940621902301|720575940622416628|720575940622971283|720575940622999688|720575940623302988|720575940623387786|720575940624206728|720575940624685290|720575940625118096|720575940625420986|720575940625929971|720575940627351543|720575940628454202|720575940628844712|720575940629377132|720575940629459718|720575940629592143|720575940630968680|720575940631011328|720575940631097462|720575940632042148|720575940632189900|720575940632317997|720575940632795532|720575940634459290|720575940637210334|720575940638633806|720575940638832512|720575940639092201|720575940639417432|720575940641560205|720575940642506459|720575940648570244
654,0.654000,39,0,1,1,720575940604088288|720575940604735660|720575940606112940|720575940607667723|720575940608074370|720575940613081250|720575940613635737|720575940617672226|720575940619134789|720575940619332944|720575940619548799|720575940620001958|720575940620759841|720575940620868432|720575940621038294|720575940622066390|720575940622156976|720575940622540899|720575940623083242|720575940623358099|720575940623862015|720575940624544748|720575940625563623|720575940625666964|720575940625779075|720575940626768442|720575940627281594|720575940627949589|720575940628695056|720575940629240263|720575940629393207|720575940629805950|720575940631517251|720575940631520312|720575940636411534|720575940639082318|720575940640178640|720575940640864675|720575940644022551
655,0.655000,32,0,0,0,720575940605807206|720575940606679142|720575940609341809|720575940609365828|720575940611090244|720575940613303471|720575940614681128|720575940616370065|720575940618936710|720575940619559815|720575940620179553|720575940622057057|720575940622998627|720575940623088309|720575940624986919|720575940625617948|720575940626654041|720575940628132745|720575940628377856|720575940629630679|720575940629701737|720575940629963068|720575940631142956|720575940632059193|720575940633488153|720575940634480820|720575940634506859|720575940635362716|720575940636348152|720575940638379598|720575940643543496|720575940655842465
656,0.656000,39,0,0,2,720575940609713710|720575940611516586|720575940612921746|720575940614789791|720575940615084339|720575940615160239|720575940615687380|720575940617828731|720575940618308987|720575940619675200|720575940620983902|720575940621638534|720575940622203350|720575940623444044|720575940624338068|720575940624452548|720575940624951847|720575940625102224|720575940626778008|720575940626813010|720575940628352850|720575940628697538|720575940629817104|720575940629855787|720575940630190411|720575940630914245|720575940631575327|720575940632718944|720575940632875746|720575940633170969|720575940636347128|720575940636963806|720575940638306101|720575940639152361|720575940640436814|720575940640486488|720575940645909300|720575940646350702|720575940647291427
657,0.657000,47,0,0,1,720575940605154988|720575940606046892|720575940606865330|720575940608188427|720575940609957315|720575940610205282|720575940611813842|720575940613792296|720575940614137907|720575940614461014|720575940615166111|720575940616410171|720575940616821597|720575940617557590|720575940617649954|720575940618130625|720575940618551481|720575940619754699|720575940620402345|720575940620718318|720575940621018977|720575940621589887|720575940622584069|720575940622600319|720575940623199684|720575940623478115|720575940624130253|720575940624449318|720575940624681520|720575940626524056|720575940626555440|720575940626705937|720575940628358675|720575940628896168|720575940629852419|720575940631147335|720575940631844300|720575940631925156|720575940631937042|720575940632713759|720575940633062335|720575940633631396|720575940634407520|720575940635517876|720575940642624987|720575940644306592|720575940651305718
658,0.658000,55,0,0,1,720575940604737708|720575940606453769|720575940606664894|720575940611719378|720575940612358642|720575940612542742|720575940613258994|720575940613441320|720575940613463471|720575940613981905|720575940614456332|720575940615255603|720575940616649845|720575940617071372|720575940617917396|720575940618510265|720575940619403942|720575940619759750|720575940620252075|720575940620543025|720575940620899542|720575940621684358|720575940621716835|720575940623067686|720575940623122125|720575940624430060|720575940624619036|720575940625926693|720575940626034777|720575940627044885|720575940627321674|720575940627826760|720575940628285634|720575940628320058|720575940628346634|720575940628446010|720575940628455942|720575940628602471|720575940628695043|720575940628706325|720575940629908540|720575940629910636|720575940629911503|720575940630020345|720575940632126860|720575940635146848|720575940636997744|720575940638677411|720575940638874202|720575940639556467|720575940642193549|720575940642506459|720575940643882184|720575940645864739|720575940660229505
659,0.659000,47,0,0,2,720575940605028017|720575940605583136|720575940606573490|720575940608140380|720575940612185586|720575940613891442|720575940615763573|720575940615953202|720575940617716893|720575940619913221|720575940620232875|720575940620746478|720575940621595888|720575940621833054|720575940622303446|720575940622550089|720575940623302988|720575940624100075|720575940625691372|720575940626363529|720575940626653309|720575940626694288|720575940626879505|720575940627234069|720575940627635441|720575940627790991|720575940628342171|720575940628716926|720575940628910956|720575940629041879|720575940629489260|720575940630247418|720575940630523407|720575940630765253|720575940631449411|720575940631997101|720575940632032460|720575940633156377|720575940633640493|720575940634962879|720575940635970190|720575940636455280|720575940636574388|720575940640420174|720575940642142861|720575940643558692|720575940645990935
660,0.660000,47,0,0,2,720575940606421122|720575940606756030|720575940612549799|720575940612551594|720575940613693382|720575940613771798|720575940613863731|720575940615792523|720575940616055858|720575940617013554|720575940617825949|720575940618398533|720575940619077255|720575940619681006|720575940619709899|720575940619896711|720575940619948880|720575940620301677|720575940620346417|720575940621277445|720575940621777390|720575940622416628|720575940622828056|720575940623067389|720575940623847728|720575940624163303|720575940624394790|720575940625203277|720575940625489160|720575940625498512|720575940625559908|720575940626024323|720575940626768442|720575940627096957|720575940627458570|720575940627849515|720575940628861660|720575940629225463|720575940629574082|720575940630204827|720575940630539535|720575940631365260|720575940632212039|720575940635540671|720575940645834275|720575940646735156|720575940648570244
661,0.661000,37,0,0,4,720575940606139308|720575940607982428|720575940608278620|720575940609343089|720575940609713710|720575940610219715|720575940610499779|720575940610562969|720575940614958120|720575940615177099|720575940615770369|720575940617691170|720575940619152856|720575940619245016|720575940621012289|720575940621921285|720575940623059443|720575940623758377|720575940624402173|720575940625622968|720575940626003130|720575940628485479|720575940628527247|720575940628644239|720575940628796780|720575940629607273|720575940630644727|720575940631177027|720575940631260716|720575940632875746|720575940634113687|720575940634172267|720575940634752666|720575940638225597|720575940640578931|720575940641263312|720575940645676579
662,0.662000,71,0,0,1,720575940604470240|720575940609077828|720575940610167665|720575940610649208|720575940612395178|720575940612734066|720575940613594783|720575940615221811|720575940616651193|720575940616861697|720575940617244347|720575940617853986|720575940618263365|720575940618649936|720575940619675200|720575940620032379|720575940620621190|720575940620689517|720575940620769133|720575940621030320|720575940621367572|720575940622552675|720575940622995082|720575940623260201|720575940623387786|720575940623618708|720575940623862015|720575940624206472|720575940625419495|720575940625952755|720575940626279486|720575940626445852|720575940626567178|720575940627281594|720575940627374598|720575940627432680|720575940627497244|720575940627715870|720575940628118159|720575940628210887|720575940628238217|720575940628356102|720575940629263888|720575940629377132|720575940629393207|720575940629437545|720575940629969111|720575940630600775|720575940630947384|720575940631058280|720575940631844300|720575940631989841|720575940632042148|720575940632539788|720575940633800860|720575940634086239|720575940636360811|720575940637635305|720575940638055869|720575940638650483|720575940639553920|720575940640978048|720575940642262157|720575940643100301|720575940643551392|720575940644791918|720575940646074391|720575940646415907|720575940647328900|720575940647586948|720575940648669060
663,0.663000,36,0,0,0,720575940610209378|720575940611563310|720575940611738035|720575940614441834|720575940616198434|720575940617492822|720575940619766219|720575940619863125|720575940621170526|720575940621978117|720575940625345511|720575940625479426|720575940625779075|720575940626010042|720575940626650890|720575940626815120|720575940627493148|720575940627619057|720575940627787609|720575940628050950|720575940628237705|720575940629702905|720575940629763575|720575940629836343|720575940630622250|720575940631673484|720575940631808569|720575940632732845|720575940638633806|720575940639505792|720575940640942837|720575940641480949|720575940644494752|720575940647228468|720575940648330105|720575940655013281
664,0.664000,47,0,1,2,720575940604009952|720575940608098261|720575940610439363|720575940611108676|720575940611981029|720575940612281586|720575940612358642|720575940614383978|720575940617306717|720575940617493460|720575940617573922|720575940618332757|720575940618405848|720575940619401296|720575940619487425|720575940619548799|720575940619571009|720575940620011435|720575940620571953|720575940621226405|720575940621564550|720575940621814049|720575940622066390|720575940622770410|720575940622910989|720575940623302988|720575940624452902|720575940624803511|720575940625525739|720575940625810324|720575940625935544|720575940627053861|720575940627692565|720575940627946512|720575940629502251|720575940631043139|720575940631142956|720575940631656147|720575940632380216|720575940636306862|720575940637586751|720575940639179891|720575940642449909|720575940642506459|720575940642897293|720575940645047831|720575940648564612
665,0.665000,45,0,0,1,720575940605007206|720575940606149321|720575940606664894|720575940613193642|720575940613635737|720575940613636325|720575940615086698|720575940615526978|720575940616055858|720575940616792577|720575940617749538|720575940618635072|720575940619922512|720575940620032123|720575940620481240|720575940620868432|720575940621040737|720575940621712990|720575940621814911|720575940622303446|720575940623141658|720575940623202633|720575940623673821|720575940623772564|720575940623807672|720575940624130253|720575940624452548|720575940625673964|720575940625827358|720575940627293370|720575940628120337|720575940628360506|720575940629731579|720575940630968680|720575940631714119|720575940631985349|720575940632159519|720575940633315263|720575940633631396|720575940634748385|720575940636970096|720575940639542691|720575940641546715|720575940645264750|720575940645864739
666,0.666000,40,0,0,3,720575940605032550|720575940605607392|720575940605807206|720575940608545219|720575940609592270|720575940609713710|720575940610647416|720575940613891442|720575940614684822|720575940616471052|720575940616762585|720575940620124143|720575940622584069|720575940622855629|720575940623067686|720575940623322921|720575940623356651|720575940623432918|720575940623718119|720575940625440019|720575940625587642|720575940625741287|720575940626039996|720575940626768442|720575940627980955|720575940628357714|720575940628455942|720575940629095323|720575940629755723|720575940629830700|720575940631311660|720575940632230099|720575940632305951|720575940632317997|720575940632875746|720575940635362460|720575940635932590|720575940636488805|720575940638349621|720575940642876320
667,0.667000,35,0,0,3,720575940608909269|720575940611439473|720575940612277490|720575940612302042|720575940614087219|720575940614570415|720575940615413435|720575940617054237|720575940617577702|720575940619559815|720575940619636615|720575940620001958|720575940621393172|720575940622160705|720575940622416628|720575940622971283|720575940624685290|720575940624742158|720575940626778008|720575940628644239|720575940628694019|720575940629312300|720575940629512314|720575940629560770|720575940629714704|720575940631097462|720575940631207388|720575940631844300|720575940633557924|720575940633901395|720575940634274458|720575940635540671|720575940636242778|720575940639432782|720575940659773313
668,0.668000,29,0,0,0,720575940606342089|720575940608188427|720575940611014570|720575940611516586|720575940613303471|720575940614187006|720575940615084339|720575940616661465|720575940617313841|720575940617532089|720575940619670352|720575940619676224|720575940622265894|720575940623478115|720575940624885250|720575940626425682|720575940627706398|720575940628695043|720575940628822805|720575940628876292|720575940629229020|720575940629336631|720575940629490476|720575940630046524|720575940630665580|720575940630882263|720575940633740196|720575940634388927|720575940640486488
669,0.669000,39,0,0,0,720575940605420902|720575940607982428|720575940610588565|720575940611718885|720575940611745429|720575940613517991|720575940613915823|720575940614392682|720575940614979634|720575940619155995|720575940622400648|720575940622979848|720575940623067389|720575940623158601|720575940623201833|720575940623358099|720575940623431571|720575940624334012|720575940624453680|720575940624681520|720575940624876889|720575940625032171|720575940625203277|720575940626888250|720575940627820806|720575940629461442|720575940629911503|720575940630372982|720575940631011328|720575940631180599|720575940631283512|720575940631299602|720575940631812141|720575940632305711|720575940632778051|720575940636348152|720575940637293687|720575940637711686|720575940640325429
670,0.670000,40,0,0,3,720575940606421122|720575940608918830|720575940611563310|720575940612358642|720575940613981905|720575940615438402|720575940616370065|720575940617110028|720575940618678045|720575940619409542|720575940620001360|720575940620082512|720575940621018977|720575940621024545|720575940621339156|720575940621426300|720575940621684358|720575940621804159|720575940622303446|720575940623302988|720575940624112152|720575940624250405|720575940625186250|720575940625436170|720575940626051514|720575940626308697|720575940627826760|720575940629041879|720575940629225463|720575940629489260|720575940629991788|720575940630006636|720575940631511912|720575940633984851|720575940636635760|720575940636963806|720575940640178640|720575940640652752|720575940643100301|720575940643551392
671,0.671000,38,0,0,1,720575940606222014|720575940607667723|720575940608140380|720575940612868757|720575940614461014|720575940615612066|720575940616507865|720575940616702465|720575940617672920|720575940617755220|720575940617917233|720575940620061793|720575940620983902|720575940622027222|720575940622057057|720575940622516852|720575940623758377|720575940623862015|720575940625053186|720575940627281594|720575940627849515|720575940628062714|720575940628346634|720575940628352850|720575940629377132|720575940629393207|720575940629683500|720575940630810695|720575940631705130|720575940631925156|720575940632042148|720575940632650271|720575940633640493|720575940636360811|720575940637210334|720575940638677411|720575940639092201|720575940640788725
672,0.672000,29,0,1,2,720575940605658033|720575940609713710|720575940612311987|720575940613301477|720575940614456332|720575940614562271|720575940617907430|720575940619549598|720575940620027515|720575940620156795|720575940620718318|720575940622183194|720575940623553260|720575940624231143|720575940624986919|720575940628796780|720575940631405997|720575940631575327|720575940631745367|720575940631844300|720575940632126860|720575940632440220|720575940633062335|720575940635970190|720575940636347128|720575940642855328|720575940643112333|720575940644751652|720575940646753412
673,0.673000,30,0,0,3,720575940612943539|720575940614441834|720575940616575557|720575940620537153|720575940621174337|720575940622416628|720575940623276988|720575940624130253|720575940624163303|720575940625021796|720575940625557893|720575940626044942|720575940626279486|720575940626768442|720575940627048847|720575940628706325|720575940629786624|720575940631715896|720575940632777320|720575940632875746|720575940633800860|720575940634172267|720575940634257890|720575940635837887|720575940637071849|720575940637535077|720575940639410291|720575940644758308|720575940648570244|720575940660052865
674,0.674000,36,0,0,0,720575940604731838|720575940604735660|720575940606564482|720575940609341809|720575940610822513|720575940611982997|720575940612677142|720575940613771798|720575940613863731|720575940614019379|720575940615755147|720575940617828731|720575940618355870|720575940620380449|720575940620812353|720575940621270042|720575940622132545|720575940623460872|720575940623889421|720575940624206728|720575940624280328|720575940624376456|720575940626022074|720575940626162890|720575940627406635|720575940628375306|720575940628866809|720575940629560770|720575940629630679|720575940630868281|720575940631532396|720575940632809683|720575940636592302|720575940638169917|720575940638832512|720575940645909300
675,0.675000,26,0,0,1,720575940604009952|720575940606756030|720575940607641010|720575940610621026|720575940611197658|720575940616821597|720575940619701231|720575940620746478|720575940621716835|720575940622257544|720575940622540899|720575940622942196|720575940623096870|720575940623302988|720575940624313406|720575940625558730|720575940627538434|720575940628357714|720575940628522540|720575940628910956|720575940629662208|720575940631313721|720575940631520312|720575940633992147|720575940640852056|720575940642617544
676,0.676000,16,0,0,0,720575940605948076|720575940617492822|720575940618398533|720575940620912987|720575940621393172|720575940621777390|720575940623444044|720575940626039996|720575940626859080|720575940627731206|720575940628197392|720575940630918597|720575940633116256|720575940633953434|720575940637308605|720575940637586751
677,0.677000,35,0,0,3,720575940604783136|720575940605009097|720575940605513649|720575940606046892|720575940609343089|720575940611563310|720575940612358642|720575940613463471|720575940615526978|720575940616167730|720575940616285151|720575940621116807|720575940621367572|720575940623758377|720575940624816115|720575940627044885|720575940628132745|720575940628238217|720575940628834151|720575940629459718|720575940629502251|720575940630098284|720575940631309866|720575940631372369|720575940631721785|720575940631844300|720575940632189900|720575940633462829|720575940633518176|720575940635540671|720575940635776760|720575940636411534|720575940636651376|720575940645693988|720575940647253795
678,0.678000,35,1,1,5,720575940605807206|720575940609713710|720575940611206514|720575940613635737|720575940613891442|720575940614570415|720575940615160239|720575940615296766|720575940617672226|720575940618936710|720575940619681006|720575940620148092|720575940622303446|720575940622416628|720575940622945037|720575940623122125|720575940623748789|720575940623852873|720575940624394790|720575940625779075|720575940626741552|720575940626768442|720575940628446010|720575940628494695|720575940628908548|720575940629702905|720575940630931999|720575940631142956|720575940631306284|720575940632875746|720575940633178508|720575940634428058|720575940636360811|720575940639124029|720575940645834275
679,0.679000,20,0,0,1,720575940604737708|720575940608098261|720575940611745429|720575940612766515|720575940614137907|720575940614461014|720575940615251251|720575940615631266|720575940621814911|720575940623025413|720575940623322921|720575940624193279|720575940627924227|720575940628644239|720575940631319084|720575940633631396|720575940635831438|720575940637689486|720575940639082318|720575940643558692
680,0.680000,15,0,0,0,720575940614681128|720575940614815199|720575940615084339|720575940615429118|720575940615948610|720575940617716893|720575940623153788|720575940623210409|720575940626524056|720575940626555184|720575940627096957|720575940629513222|720575940633156377|720575940638306101|720575940647755641
681,0.681000,8,0,0,1,720575940611638499|720575940623302988|720575940624113993|720575940625345511|720575940626363529|720575940627374598|720575940631282194|720575940646183220
682,0.682000,18,0,0,2,720575940606421122|720575940606573490|720575940612358642|720575940612724195|720575940615792523|720575940620543025|720575940621640363|720575940623126697|720575940623260201|720575940623747145|720575940624850434|720575940627458570|720575940628861188|720575940631714119|720575940631844300|720575940633573836|720575940640578931|720575940644791918
683,0.683000,17,0,0,4,720575940605780140|720575940609713710|720575940611719378|720575940611811704|720575940615177099|720575940618931846|720575940622416628|720575940623358099|720575940623758377|720575940624885250|720575940626555440|720575940628226697|720575940632042148|720575940632875746|720575940633787309|720575940637051503|720575940639179891
684,0.684000,12,0,0,1,720575940613588246|720575940617244347|720575940621817326|720575940622265894|720575940622303446|720575940622998627|720575940623642904|720575940628642576|720575940628791812|720575940636360811|720575940636574388|720575940639152361
685,0.685000,11,0,0,1,720575940610439363|720575940611563310|720575940616918843|720575940620096238|720575940620124143|720575940622552675|720575940623618708|720575940625871408|720575940626768442|720575940627351543|720575940639092201
686,0.686000,15,0,0,0,720575940607982428|720575940613693382|720575940617054237|720575940618332757|720575940619922512|720575940620899542|720575940621170526|720575940622474760|720575940623673821|720575940624130253|720575940627493148|720575940632803795|720575940640486488|720575940644306592|720575940655842465
687,0.687000,20,0,0,2,720575940604009952|720575940612358642|720575940612868757|720575940616581535|720575940616861697|720575940618649936|720575940620621190|720575940623157996|720575940623302988|720575940625436170|720575940625587642|720575940625673964|720575940626662277|720575940629229020|720575940629560770|720575940632102564|720575940635271822|720575940636242778|720575940637586751|720575940639209956
688,0.688000,12,0,0,1,720575940608140380|720575940609713710|720575940613891442|720575940616823862|720575940617013554|720575940619948880|720575940621947653|720575940624619036|720575940628059155|720575940630372982|720575940634388927|720575940640436814
689,0.689000,20,0,0,3,720575940605607392|720575940605807206|720575940611516586|720575940612143075|720575940615018463|720575940617671896|720575940619896711|720575940620774388|720575940623862989|720575940624453680|720575940627293370|720575940628346634|720575940628644239|720575940628861660|720575940631207388|720575940631844300|720575940632875746|720575940635540671|720575940640763507|720575940650813686
690,0.690000,19,0,0,3,720575940608918830|720575940613193642|720575940619155995|720575940622183194|720575940622303446|720575940622416628|720575940622516852|720575940624163303|720575940624394790|720575940625935544|720575940626044942|720575940626768442|720575940627044885|720575940629041879|720575940631848791|720575940632777320|720575940635170484|720575940639542691|720575940640325429
691,0.691000,14,0,0,0,720575940604737708|720575940610941906|720575940611428977|720575940613635737|720575940613863731|720575940613915823|720575940614441834|720575940614456332|720575940614963359|720575940615084339|720575940618635072|720575940623553260|720575940629630679|720575940643467886
692,0.692000,19,0,1,1,720575940606421122|720575940611332325|720575940614236010|720575940617401122|720575940619549598|720575940619559815|720575940620179553|720575940620912987|720575940620943969|720575940622945037|720575940623302988|720575940624452902|720575940626537008|720575940628357714|720575940628694019|720575940630046524|720575940631043139|720575940633315263|720575940633631396
693,0.693000,29,0,0,2,720575940609343089|720575940612358642|720575940613303471|720575940613537686|720575940615526978|720575940616449858|720575940616821597|720575940617034565|720575940619487425|720575940620571953|720575940621446309|720575940621777390|720575940621978117|720575940623122125|720575940623358099|720575940623758377|720575940625053186|720575940625563623|720575940628120337|720575940631714119|720575940633800860|720575940634441102|720575940635492276|720575940636360811|720575940636454136|720575940636635760|720575940638055869|720575940639417432|720575940646364014
694,0.694000,26,1,0,1,720575940613891442|720575940614137907|720575940618366843|720575940619636615|720575940620746478|720575940621174337|720575940621638534|720575940621814911|720575940622057057|720575940623718119|720575940625827358|720575940628802041|720575940631520312|720575940631925156|720575940632440220|720575940632713759|720575940632875746|720575940633027223|720575940634274458|720575940634407520|720575940637071849|720575940637210334|720575940642354120|720575940642876320|720575940644390436|720575940645909300
695,0.695000,35,0,1,4,720575940604653484|720575940604735660|720575940606222014|720575940606756030|720575940609713710|720575940610822513|720575940612943539|720575940613636325|720575940614570415|720575940615348689|720575940615755147|720575940616130646|720575940617672226|720575940618355870|720575940618678045|720575940620868432|720575940620983902|720575940622140109|720575940622303446|720575940623202633|720575940627849515|720575940628375306|720575940628644239|720575940629683500|720575940631189817|720575940631844300|720575940632380216|720575940632527683|720575940633640493|720575940634748385|720575940639092201|720575940639179891|720575940640039040|720575940640788725|720575940642262157
696,0.696000,34,1,0,0,720575940604009952|720575940604731838|720575940609341809|720575940611563310|720575940613771798|720575940614562271|720575940616390261|720575940616661465|720575940617313841|720575940617755220|720575940618398533|720575940619245016|720575940620027515|720575940621024545|720575940621116807|720575940621393172|720575940621519130|720575940624130253|720575940624876889|720575940626039996|720575940626555440|720575940626609234|720575940627053861|720575940627247802|720575940627497244|720575940627872515|720575940629041879|720575940629961219|720575940629975516|720575940631656147|720575940633984851|720575940634115775|720575940639421043|720575940642634532
697,0.697000,20,2,0,1,720575940606573490|720575940607667723|720575940608722371|720575940613829900|720575940615160239|720575940617110028|720575940617828731|720575940619676224|720575940621367572|720575940622550089|720575940623748789|720575940623772564|720575940624313406|720575940625525739|720575940625622968|720575940626768442|720575940626888250|720575940627048847|720575940630006636|720575940651932150
698,0.698000,15,0,0,1,720575940606039241|720575940611982997|720575940612358642|720575940620537153|720575940620881524|720575940622158369|720575940623025413|720575940623889421|720575940624402173|720575940624885250|720575940625552412|720575940629437545|720575940629821740|720575940635970190|720575940638832512
699,0.699000,35,0,0,2,720575940604737708|720575940607791573|720575940610075346|720575940612308963|720575940613981905|720575940614461014|720575940615429118|720575940616507865|720575940617672920|720575940621716835|720575940622183194|720575940622219190|720575940622416628|720575940622865084|720575940623158601|720575940623302988|720575940624231143|720575940624986919|720575940625691372|720575940625952755|720575940626469909|720575940626859080|720575940627706398|720575940628038808|720575940628866809|720575940629991788|720575940632722515|720575940633145903|720575940633178508|720575940636411534|720575940639432782|720575940644751652|720575940645834275|720575940648606340|720575940651341558
700,0.700000,29,0,0,2,720575940603012832|720575940607155890|720575940608140380|720575940611735514|720575940612418991|720575940612921746|720575940614958120|720575940616861697|720575940617886533|720575940618332757|720575940620024534|720575940622517956|720575940622523912|720575940623758377|720575940624163303|720575940628644239|720575940628834151|720575940629426025|720575940629895491|720575940631365260|720575940631532396|720575940631542732|720575940632868051|720575940632962786|720575940636360811|720575940638874202|720575940639082318|720575940640608219|720575940641585627
701,0.701000,21,0,0,1,720575940604470240|720575940609713710|720575940612359343|720575940614059882|720575940614392682|720575940615631266|720575940619701231|720575940620124143|720575940622265894|720575940622584069|720575940628356102|720575940629263888|720575940629786624|720575940630098284|720575940630548035|720575940631071559|720575940631715896|720575940632472850|720575940632539788|720575940635540671|720575940636242778
702,0.702000,25,0,0,3,720575940605074278|720575940608098261|720575940608918830|720575940610207474|720575940610439363|720575940613081250|720575940613891442|720575940615084339|720575940619332944|720575940624816115|720575940625561406|720575940625790778|720575940626768442|720575940627432680|720575940627458570|720575940627620593|720575940627798910|720575940631844300|720575940632317997|720575940632875746|720575940632898105|720575940633631396|720575940638306101|720575940640652752|720575940645990935
703,0.703000,32,0,0,2,720575940609097429|720575940609592270|720575940612281586|720575940612358642|720575940613473959|720575940614963359|720575940617751089|720575940620027515|720575940620061793|720575940621645309|720575940622303446|720575940622516852|720575940623432918|720575940623499132|720575940623888397|720575940624453680|720575940624619036|720575940625345511|720575940625489160|720575940628197392|720575940628861660|720575940629502251|720575940630372982|720575940637308605|720575940637586751|720575940638720233|720575940640205501|720575940640486488|720575940642725320|720575940643112333|720575940643558692|720575940647081860
704,0.704000,18,1,0,2,720575940606015154|720575940606391218|720575940610588565|720575940615948610|720575940616569601|720575940616936226|720575940622416628|720575940623067389|720575940623302988|720575940623673821|720575940627189071|720575940627946512|720575940627949589|720575940629041879|720575940629616092|720575940629702905|720575940629981440|720575940633308371
705,0.705000,22,0,0,2,720575940606421122|720575940614511279|720575940615954833|720575940618156829|720575940619559815|720575940619681006|720575940619922512|720575940620571953|720575940620686964|720575940623758377|720575940626363529|720575940628346634|720575940628644239|720575940628796780|720575940631177027|720575940631372369|720575940632524559|720575940632809683|720575940635170484|720575940635776760|720575940638677411|720575940640325429
706,0.706000,27,0,0,0,720575940607982428|720575940611206514|720575940611563310|720575940612868757|720575940614456332|720575940615792523|720575940616285151|720575940616449465|720575940617672920|720575940619548799|720575940619549598|720575940620746478|720575940621176837|720575940622105480|720575940622160705|720575940622979848|720575940625436170|720575940625440019|720575940625673964|720575940626113661|720575940626694288|720575940627713284|720575940629662208|720575940631721785|720575940632407826|720575940642894628|720575940645239844
707,0.707000,39,0,0,1,720575940604737708|720575940605807206|720575940607667723|720575940608368818|720575940609713710|720575940610621026|720575940611385806|720575940612603289|720575940614570415|720575940614730914|720575940615526978|720575940617226141|720575940617500443|720575940617557590|720575940618936710|720575940620065694|720575940620096238|720575940621777390|720575940624130253|720575940624376456|720575940625021796|720575940625053186|720575940625845391|720575940627493148|720575940627715870|720575940627826760|720575940628238217|720575940628343818|720575940628375306|720575940628694019|720575940629225463|720575940629459718|720575940629461442|720575940629630679|720575940630931999|720575940633953434|720575940636360811|720575940638169917|720575940659019649
708,0.708000,22,0,0,3,720575940608127666|720575940612358642|720575940615177099|720575940621766938|720575940621814911|720575940624891941|720575940624986919|720575940625031403|720575940625044784|720575940625508610|720575940627044885|720575940627293370|720575940627406635|720575940629560770|720575940631309866|720575940631319084|720575940631844300|720575940632875746|720575940633116256|720575940638403928|720575940645693988|720575940645909300
709,0.709000,17,0,0,1,720575940613915823|720575940614412906|720575940620091038|720575940621116807|720575940623122125|720575940623444044|720575940624163303|720575940626768442|720575940627053861|720575940627820806|720575940631299602|720575940631520312|720575940632307025|720575940634748385|720575940636411534|720575940641263312|720575940644306592
710,0.710000,20,0,0,1,720575940604009952|720575940604404425|720575940606222014|720575940611811704|720575940615296766|720575940616821597|720575940617828731|720575940618355870|720575940622303446|720575940623067389|720575940625477322|720575940628319546|720575940629327659|720575940631207388|720575940633800860|720575940634428058|720575940638055869|720575940640696027|720575940646183220|720575940646753412
711,0.711000,18,0,0,2,720575940604735660|720575940605948076|720575940615043222|720575940618658974|720575940621519130|720575940622057057|720575940622540899|720575940623302988|720575940623758377|720575940626039996|720575940626210536|720575940629489260|720575940630006636|720575940630668538|720575940631714119|720575940639179891|720575940640851363|720575940640852056
712,0.712000,15,0,0,1,720575940608188427|720575940611516586|720575940614461014|720575940621393172|720575940622416628|720575940624559644|720575940624816115|720575940625186250|720575940628485479|720575940628695043|720575940629662208|720575940635599758|720575940636242778|720575940636360811|720575940638832512
713,0.713000,25,0,0,2,720575940608909269|720575940612358642|720575940613588246|720575940613598105|720575940614681128|720575940619636615|720575940620380449|720575940622132545|720575940622265894|720575940623126697|720575940624124109|720575940624342825|720575940624394790|720575940624885250|720575940625557893|720575940625563623|720575940625587642|720575940627048847|720575940628644239|720575940629468716|720575940631043139|720575940633573836|720575940633640493|720575940637535077|720575940644791918
714,0.714000,11,0,0,0,720575940605780140|720575940607949781|720575940609343089|720575940613863731|720575940615084339|720575940619155995|720575940623358099|720575940623618708|720575940634257890|720575940636997744|720575940640325429
715,0.715000,22,0,0,5,720575940606756030|720575940609713710|720575940611563310|720575940613891442|720575940614403178|720575940619403942|720575940619675200|720575940622303446|720575940623260201|720575940623888397|720575940624453680|720575940624679463|720575940626768442|720575940627787609|720575940628791812|720575940629975516|720575940631844300|720575940632875746|720575940633631396|720575940634388927|720575940639172585|720575940644615716
716,0.716000,16,0,0,1,720575940608918830|720575940609959637|720575940612603289|720575940614137907|720575940615457938|720575940617755220|720575940618635072|720575940620746478|720575940622516852|720575940623758377|720575940624876889|720575940628844712|720575940630480459|720575940631189817|720575940637586751|720575940639092201
717,0.717000,17,0,0,1,720575940605009097|720575940613635737|720575940617013554|720575940620124143|720575940621024545|720575940623276988|720575940623302988|720575940624130253|720575940624313406|720575940628908548|720575940631180599|720575940631721785|720575940632962786|720575940633799787|720575940635271822|720575940637635305|720575940647253795
718,0.718000,25,0,1,3,720575940604737708|720575940606573490|720575940608140380|720575940612358642|720575940616603793|720575940617054237|720575940619681006|720575940620899542|720575940621116510|720575940622416628|720575940624452902|720575940625345511|720575940625779075|720575940627493148|720575940628644239|720575940629240263|720575940629502251|720575940629786624|720575940630046524|720575940631532396|720575940633705636|720575940635970190|720575940637689486|720575940640436814|720575940643558692
719,0.719000,35,0,0,0,720575940604731838|720575940605607392|720575940606222014|720575940606421122|720575940610439363|720575940611981029|720575940613517991|720575940613771798|720575940614979634|720575940615160239|720575940615612066|720575940618510552|720575940618649936|720575940619245016|720575940619896711|720575940621507549|720575940622552675|720575940622995082|720575940622998627|720575940623083242|720575940624250405|720575940624986919|720575940625552412|720575940625935544|720575940626111619|720575940626500745|720575940626883816|720575940627706398|720575940629229020|720575940629513222|720575940636347128|720575940636635760|720575940644438551|720575940645834275|720575940647291427
720,0.720000,32,0,0,1,720575940607982428|720575940612766515|720575940615036319|720575940615210975|720575940615410107|720575940617244347|720575940620027515|720575940620571953|720575940621270042|720575940621777390|720575940621804159|720575940622219190|720575940623553260|720575940623748789|720575940624112152|720575940624163303|720575940625561406|720575940625970471|720575940626445852|720575940626768442|720575940627497244|720575940627715870|720575940630372982|720575940631575327|720575940632440220|720575940634274458|720575940635146848|720575940635464343|720575940639124029|720575940640978048|720575940642262157|720575940647228468
721,0.721000,23,0,0,3,720575940605807206|720575940609713710|720575940612724195|720575940614562271|720575940618398533|720575940619487425|720575940620988276|720575940622303446|720575940622517956|720575940623758377|720575940626662277|720575940627447068|720575940629123454|720575940632669800|720575940633145903|720575940636360811|720575940636411534|720575940637535077|720575940640205501|720575940640486488|720575940641585627|720575940644751652|720575940660229505
722,0.722000,31,0,1,0,720575940604009952|720575940610941906|720575940611332325|720575940611772514|720575940614187006|720575940617672226|720575940618931846|720575940620481240|720575940620983902|720575940621116807|720575940621367572|720575940621775130|720575940621814911|720575940623326941|720575940624231143|720575940624394790|720575940625558730|720575940625827358|720575940627826760|720575940628238217|720575940628346634|720575940628357714|720575940629630679|720575940631812141|720575940633315263|720575940633800860|720575940639082318|720575940639209956|720575940642876320|720575940643112333|720575940645909300
723,0.723000,39,0,1,5,720575940610621026|720575940612358642|720575940613303471|720575940613891442|720575940614456332|720575940614570415|720575940616167730|720575940616507865|720575940618156829|720575940619549598|720575940621174337|720575940621716835|720575940623302988|720575940623444044|720575940623460872|720575940623673821|720575940623718119|720575940623772564|720575940624323475|720575940626039996|720575940627514567|720575940628644239|720575940628805448|720575940629225463|720575940629426025|720575940629683500|720575940630652798|720575940631283512|720575940631520312|720575940631844300|720575940632875746|720575940633631396|720575940634168928|720575940635477902|720575940635776760|720575940636992368|720575940637607646|720575940639542691|720575940640325429
724,0.724000,19,0,0,1,720575940604735660|720575940615526978|720575940616936226|720575940620868432|720575940622416628|720575940622945037|720575940623122125|720575940623764007|720575940624816115|720575940627639528|720575940629560770|720575940629600630|720575940631043139|720575940631207388|720575940631625979|720575940631876577|720575940637071849|720575940645693988|720575940655842465
725,0.725000,30,0,0,1,720575940609341809|720575940610822513|720575940612763158|720575940613193642|720575940614730914|720575940615755147|720575940618332757|720575940619636615|720575940619676224|720575940620543025|720575940621393172|720575940621947653|720575940622158369|720575940623358099|720575940625573653|720575940626609234|720575940626768442|720575940627293370|720575940628034603|720575940628342171|720575940628494695|720575940629461442|720575940630098284|720575940632380216|720575940633640493|720575940635170484|720575940635492276|720575940635540671|720575940637586751|720575940640788725
726,0.726000,18,0,0,2,720575940609713710|720575940612868757|720575940613636325|720575940619681006|720575940623758377|720575940623889421|720575940625436170|720575940627872515|720575940628446010|720575940629821740|720575940630931999|720575940631313721|720575940631656147|720575940631721785|720575940637210334|720575940638306101|720575940638874202|720575940660052865
727,0.727000,22,0,0,1,720575940611108676|720575940612308963|720575940613693382|720575940613863731|720575940615084339|720575940615296766|720575940616661465|720575940616821597|720575940616861697|720575940618355870|720575940620179553|720575940620537153|720575940620746478|720575940620873793|720575940622303446|720575940625666964|720575940625673964|720575940627351543|720575940631714119|720575940632539788|720575940633116256|720575940636360811
728,0.728000,18,0,0,1,720575940609750482|720575940617313841|720575940619559815|720575940619922512|720575940619948880|720575940621640363|720575940623202633|720575940624280328|720575940626555440|720575940627044885|720575940628375306|720575940629459718|720575940631844300|720575940634428058|720575940635375200|720575940637369909|720575940640178640|720575940644494752
729,0.729000,28,0,0,4,720575940604690278|720575940611982997|720575940612358642|720575940614087219|720575940617401122|720575940620124143|720575940622516852|720575940623126697|720575940623302988|720575940624130253|720575940624163303|720575940624376456|720575940624885250|720575940626363529|720575940626433881|720575940626555184|720575940627820806|720575940628339611|720575940628455942|720575940628644239|720575940630161980|720575940631142956|720575940632722515|720575940632875746|720575940633143460|720575940638169917|720575940640852056|720575940646350702
730,0.730000,26,0,0,0,720575940605658033|720575940606421122|720575940606756030|720575940607791573|720575940610995410|720575940611516586|720575940612281586|720575940613588246|720575940613917359|720575940614461014|720575940614490023|720575940615792523|720575940617110028|720575940618678045|720575940622309726|720575940623158601|720575940627458570|720575940627946512|720575940628154364|720575940628791812|720575940634748385|720575940637659749|720575940638349621|720575940639179891|720575940639417432|720575940639432782
731,0.731000,17,0,0,1,720575940604470240|720575940605807206|720575940608140380|720575940610899666|720575940612766515|720575940613915823|720575940617716893|720575940618658974|720575940622057057|720575940622416628|720575940623499132|720575940627053861|720575940627493148|720575940630745282|720575940633992147|720575940639421043|720575940640053181
732,0.732000,19,0,0,2,720575940608188427|720575940609343089|720575940609713710|720575940613635737|720575940617886533|720575940621468404|720575940623758377|720575940624619036|720575940625053186|720575940625563623|720575940628861660|720575940629041879|720575940630931999|720575940631532396|720575940633631396|720575940633800860|720575940635540671|720575940636574388|720575940640652752
733,0.733000,30,0,0,1,720575940606391218|720575940611563310|720575940613473959|720575940613891442|720575940614441834|720575940614963359|720575940615999489|720575940616285151|720575940616449465|720575940617672920|720575940620573575|720575940621148948|720575940622474760|720575940623072013|720575940624394790|720575940625345511|720575940625502666|720575940625587642|720575940627849515|720575940628694019|720575940629490476|720575940631844300|720575940632307025|720575940633573836|720575940635771316|720575940636306862|720575940638677411|720575940640486488|720575940643112333|720575940647081860
734,0.734000,15,0,0,1,720575940605780140|720575940607667723|720575940613144616|720575940614137907|720575940616651193|720575940622183194|720575940622303446|720575940622517956|720575940624501392|720575940628429979|720575940629377132|720575940629393207|720575940630006636|720575940633984851|720575940636411534
735,0.735000,17,0,0,3,720575940604009952|720575940611719378|720575940614730914|720575940620889936|720575940620943969|720575940621116807|720575940623302988|720575940623888397|720575940624095172|720575940624876889|720575940626051514|720575940628454202|720575940628644239|720575940631925156|720575940632875746|720575940634172267|720575940639172585
736,0.736000,19,0,0,2,720575940611811704|720575940612358642|720575940613798142|720575940614456332|720575940615160239|720575940618807454|720575940619754699|720575940621814911|720575940622584069|720575940624313406|720575940626125331|720575940626768442|720575940627949589|720575940629437545|720575940630372982|720575940631282194|720575940631547729|720575940642449909|720575940645834275
737,0.737000,11,0,0,2,720575940622132545|720575940622416628|720575940623758377|720575940628238217|720575940629702905|720575940630607738|720575940630665580|720575940632317997|720575940632962786|720575940639092201|720575940651932150
738,0.738000,14,0,0,0,720575940605009097|720575940607982428|720575940611813842|720575940612943539|720575940614958120|720575940617500443|720575940621367572|720575940621766938|720575940623276988|720575940630046524|720575940631189817|720575940635492276|720575940636360811|720575940640325429
739,0.739000,22,0,0,2,720575940611428977|720575940615296766|720575940618635072|720575940619155995|720575940619701231|720575940619896711|720575940620983902|720575940622303446|720575940623122125|720575940623164515|720575940623862015|720575940624402173|720575940625253193|720575940626848275|720575940627281594|720575940628834151|720575940629683500|720575940630947384|720575940631844300|720575940632713759|720575940633992346|720575940645990935
740,0.740000,28,0,0,2,720575940604735660|720575940608098261|720575940609713710|720575940611563310|720575940613771798|720575940613808638|720575940614392682|720575940617755220|720575940623358099|720575940623673821|720575940624163303|720575940624712206|720575940625691372|720575940625970471|720575940626693130|720575940626741552|720575940628346634|720575940628644239|720575940629459718|720575940629502251|720575940629630679|720575940630931999|720575940633116256|720575940634257890|720575940634274458|720575940634428058|720575940635529464|720575940636635760
741,0.741000,22,0,0,0,720575940608140380|720575940613753007|720575940615084339|720575940615526978|720575940618355870|720575940619559815|720575940620061793|720575940622628646|720575940626555440|720575940627787609|720575940628522540|720575940628908548|720575940630098284|720575940631180599|720575940631319084|720575940631985349|720575940632669800|720575940633640493|720575940637586751|720575940644751652|720575940648606340|720575940660052865
742,0.742000,24,0,0,2,720575940606564482|720575940607725321|720575940609097429|720575940610653462|720575940611772514|720575940612358642|720575940613458403|720575940615108714|720575940620096238|720575940621638534|720575940623748789|720575940624850434|720575940626500745|720575940628197392|720575940628375306|720575940629225463|720575940629574082|720575940629975516|720575940632102564|720575940632539788|720575940632875746|720575940635113976|720575940637689486|720575940639082318
743,0.743000,18,0,0,1,720575940606222014|720575940611720690|720575940616861697|720575940619245016|720575940620881524|720575940621170526|720575940622416628|720575940623618708|720575940627514567|720575940627924227|720575940629513222|720575940629560770|720575940632226897|720575940632472850|720575940632898105|720575940634441102|720575940635932590|720575940644791918
744,0.744000,24,0,0,2,720575940604470240|720575940606421122|720575940606573490|720575940609592270|720575940613981905|720575940620124143|720575940620746478|720575940621777390|720575940622219190|720575940622303446|720575940622550089|720575940624130253|720575940624231143|720575940626039996|720575940626768442|720575940627826760|720575940630548035|720575940630826827|720575940631715896|720575940631842360|720575940632807193|720575940633308371|720575940635170484|720575940640696027
745,0.745000,22,0,0,4,720575940605074278|720575940609713710|720575940614828082|720575940618936710|720575940621393172|720575940621519130|720575940622998627|720575940623153788|720575940623210409|720575940623302988|720575940623432918|720575940623758377|720575940625436170|720575940627635441|720575940629263888|720575940631365260|720575940631844300|720575940633178508|720575940633631396|720575940634748385|720575940636360811|720575940647586948
746,0.746000,30,0,0,1,720575940605807206|720575940611385806|720575940611439473|720575940613258994|720575940613635737|720575940613863731|720575940613891442|720575940618332757|720575940619676224|720575940621712990|720575940621716835|720575940622048862|720575940622828056|720575940623322921|720575940623444044|720575940624394790|720575940624885250|720575940624890296|720575940624986919|720575940625952755|720575940626308697|720575940627053861|720575940627798910|720575940627849515|720575940628644239|720575940628796780|720575940631309866|720575940635362716|720575940635540671|720575940646753412
747,0.747000,26,0,0,2,720575940604731838|720575940604737708|720575940605607392|720575940610899666|720575940611563310|720575940612358642|720575940613081250|720575940613915823|720575940616821597|720575940619549598|720575940621814911|720575940622160705|720575940623553260|720575940624113993|720575940627044885|720575940628910956|720575940629192523|720575940629327659|720575940631299602|720575940631520312|720575940632189900|720575940632380216|720575940632875746|720575940633518176|720575940640039040|720575940644494752
748,0.748000,21,0,0,1,720575940612677142|720575940613434287|720575940613636325|720575940614358014|720575940614456332|720575940617054237|720575940618398533|720575940618649936|720575940619548799|720575940620899542|720575940622416628|720575940624619036|720575940625489160|720575940627174673|720575940627357457|720575940628861660|720575940629041879|720575940631714119|720575940633170969|720575940633705636|720575940642894628
749,0.749000,14,0,0,2,720575940608545219|720575940610941906|720575940614403178|720575940614562271|720575940616054834|720575940616403167|720575940620657857|720575940622303446|720575940622584069|720575940626768442|720575940629229020|720575940631767633|720575940631842360|720575940632778051
750,0.750000,14,0,0,0,720575940605420902|720575940608188427|720575940614856607|720575940616575557|720575940618089541|720575940618931846|720575940625186250|720575940625935544|720575940626125331|720575940627497244|720575940628120337|720575940631207388|720575940634168928|720575940639179891
751,0.751000,28,0,0,2,720575940607982428|720575940609341809|720575940612868757|720575940613303471|720575940614570415|720575940615018463|720575940616581535|720575940619152856|720575940619487425|720575940619922512|720575940622516852|720575940623302988|720575940623747145|720575940623758377|720575940625563623|720575940627493148|720575940627706398|720575940628694019|720575940629312300|720575940629961219|720575940633953434|720575940635271822|720575940636360811|720575940637586751|720575940639542691|720575940640436814|720575940640486488|720575940640788725
752,0.752000,14,0,0,2,720575940603012832|720575940609343089|720575940609713710|720575940612943539|720575940619134789|720575940622520140|720575940624130253|720575940624816115|720575940625557893|720575940626888250|720575940628644239|720575940630006636|720575940635831438|720575940642876320
753,0.753000,16,0,0,1,720575940604735660|720575940612358642|720575940616285151|720575940617716893|720575940619559815|720575940619636615|720575940621174337|720575940621270042|720575940625053186|720575940625440019|720575940630372982|720575940631043139|720575940632440220|720575940636411534|720575940642262157|720575940644306592
754,0.754000,19,0,0,2,720575940604009952|720575940609191177|720575940613681314|720575940618355870|720575940618886449|720575940620868432|720575940621024545|720575940622183194|720575940622416628|720575940622945037|720575940623772564|720575940628357714|720575940629502251|720575940631142956|720575940632875746|720575940639124029|720575940639209956|720575940645834275|720575940646518382
755,0.755000,19,0,0,1,720575940604737708|720575940610439363|720575940614137907|720575940615084339|720575940616936226|720575940621519130|720575940622552675|720575940624313406|720575940625673964|720575940626537008|720575940628706325|720575940631844300|720575940636997744|720575940637635305|720575940641263312|720575940644390436|720575940644651208|720575940644791918|720575940660052865
756,0.756000,19,0,0,2,720575940606421122|720575940611516586|720575940611563310|720575940613193642|720575940615954833|720575940616471052|720575940618131928|720575940618156829|720575940619549598|720575940622303446|720575940622540899|720575940623758377|720575940625561406|720575940627458570|720575940629225463|720575940632126860|720575940640652752|720575940642549467|720575940655842465
757,0.757000,19,0,0,1,720575940615526978|720575940615755147|720575940620746478|720575940621116807|720575940623302988|720575940624986919|720575940625345511|720575940625587642|720575940625871408|720575940628062714|720575940628346634|720575940628446010|720575940628455942|720575940629630679|720575940632317997|720575940632962786|720575940636360811|720575940640205501|720575940640325429
758,0.758000,14,0,0,2,720575940609713710|720575940610621026|720575940616861697|720575940619155995|720575940621367572|720575940621804159|720575940621814911|720575940626768442|720575940627826760|720575940628375306|720575940631405997|720575940633800860|720575940637126007|720575940637535077
759,0.759000,25,0,0,2,720575940611332325|720575940614979634|720575940616390261|720575940616823862|720575940617013554|720575940617054237|720575940617313841|720575940617671896|720575940620481240|720575940621457690|720575940621777390|720575940623618708|720575940623862989|720575940624163303|720575940626044942|720575940626111619|720575940628644239|720575940629229020|720575940631177027|720575940631532396|720575940632777320|720575940632875746|720575940634388927|720575940635970190|720575940650813686
760,0.760000,17,0,0,1,720575940607667723|720575940609979285|720575940611354597|720575940612143075|720575940612358642|720575940613303471|720575940618332757|720575940619637185|720575940622158369|720575940623478115|720575940626555440|720575940635540671|720575940639432782|720575940640178640|720575940641585627|720575940645693988|720575940651341558
761,0.761000,16,0,0,1,720575940606222014|720575940608140380|720575940611735514|720575940615792523|720575940616507865|720575940619211361|720575940619792916|720575940622183194|720575940623358099|720575940624376456|720575940628834151|720575940631453101|720575940631844300|720575940633308371|720575940633575575|720575940646753412
762,0.762000,30,0,0,4,720575940609284728|720575940612943539|720575940617451422|720575940618658974|720575940618678045|720575940619245016|720575940619549598|720575940619948880|720575940622057057|720575940622303446|720575940622416628|720575940623122125|720575940623302988|720575940623673821|720575940623758377|720575940623862015|720575940624130253|720575940624816115|720575940627281594|720575940627351543|720575940627493148|720575940628038808|720575940629377132|720575940630046524|720575940630810695|720575940633799787|720575940638169917|720575940639421043|720575940640852056|720575940642506459
763,0.763000,36,0,0,0,720575940605807206|720575940606573490|720575940607982428|720575940612281586|720575940613792296|720575940613891442|720575940614441834|720575940614570415|720575940615210975|720575940616651193|720575940616661465|720575940618510552|720575940619636615|720575940619754699|720575940619896711|720575940620346417|720575940620912987|720575940621589887|720575940623276988|720575940623553260|720575940623889421|720575940625436170|720575940626363529|720575940627293370|720575940627706398|720575940628695043|720575940629393207|720575940629560770|720575940633315263|720575940634139799|720575940634274458|720575940636360811|720575940637071849|720575940637586751|720575940639092201|720575940639417432
764,0.764000,20,0,0,1,720575940604009952|720575940609097429|720575940610822513|720575940613863731|720575940615166111|720575940615348689|720575940616603793|720575940617492822|720575940620252075|720575940620571953|720575940622945037|720575940623158601|720575940625558730|720575940626768442|720575940628796780|720575940631625979|720575940631714119|720575940631925156|720575940633631396|720575940636348152
765,0.765000,26,0,1,4,720575940606756030|720575940608909269|720575940609713710|720575940612358642|720575940612359343|720575940613635737|720575940617649954|720575940617672226|720575940617672920|720575940617886533|720575940619548799|720575940619701231|720575940621393172|720575940622584069|720575940623126697|720575940625827358|720575940626039996|720575940628339611|720575940628644239|720575940629041879|720575940631142956|720575940632868051|720575940632875746|720575940635776760|720575940637308605|720575940643543496
766,0.766000,24,0,0,0,720575940606039241|720575940606664894|720575940612418991|720575940612868757|720575940616821597|720575940617401122|720575940617755220|720575940619134789|720575940621446309|720575940622132545|720575940622516852|720575940623153788|720575940623499132|720575940623718119|720575940623888397|720575940624619036|720575940624885250|720575940627044885|720575940627924227|720575940628861660|720575940632722515|720575940638720233|720575940640763507|720575940646183220
767,0.767000,34,0,1,3,720575940605607392|720575940606421122|720575940612734066|720575940613771798|720575940614963359|720575940615429118|720575940615755147|720575940617110028|720575940619709899|720575940621024545|720575940621116510|720575940621174337|720575940622303446|720575940622416628|720575940623025413|720575940624452902|720575940624679463|720575940624836124|720575940624986919|720575940625779075|720575940627872515|720575940627946512|720575940628038808|720575940628791812|720575940629377132|720575940631043139|720575940631844300|720575940631966149|720575940636411534|720575940639172585|720575940639179891|720575940640486488|720575940643112333|720575940645834275
768,0.768000,27,0,0,2,720575940605007206|720575940608074370|720575940612308963|720575940614456332|720575940615160239|720575940618635072|720575940619922512|720575940620065694|720575940621716835|720575940621766938|720575940623302988|720575940623444044|720575940623758377|720575940624394790|720575940626162890|720575940626500745|720575940627053861|720575940627281594|720575940627849515|720575940628342171|720575940629393207|720575940629866283|720575940630020345|720575940632539788|720575940632809683|720575940636963806|720575940638677411
769,0.769000,28,0,0,0,720575940607155890|720575940613915823|720575940614412906|720575940615084339|720575940615526978|720575940618332757|720575940618551481|720575940621814911|720575940621947653|720575940623067686|720575940623862015|720575940624206472|720575940625419495|720575940626662277|720575940626859080|720575940628346634|720575940629225463|720575940629683500|720575940630006636|720575940631189817|720575940631575327|720575940631876577|720575940632126860|720575940635540671|720575940636347128|720575940638306101|720575940648564612|720575940648606340
770,0.770000,35,0,0,1,720575940604735660|720575940608188427|720575940609343089|720575940610621026|720575940611563310|720575940613693382|720575940614137907|720575940615953202|720575940616449465|720575940616449858|720575940616471052|720575940620179553|720575940620346417|720575940620988276|720575940621684358|720575940621921285|720575940622219190|720575940623096870|720575940623120222|720575940623387786|720575940624449318|720575940624876889|720575940625053186|720575940625508610|720575940626768442|720575940628034603|720575940628908548|720575940629502251|720575940632317997|720575940632803795|720575940633800860|720575940636360811|720575940638403928|720575940646074391|720575940648669060
771,0.771000,33,0,1,4,720575940609713710|720575940611206514|720575940611516586|720575940612358642|720575940615032130|720575940616130646|720575940618649936|720575940619245016|720575940619845547|720575940620983902|720575940621116807|720575940623499132|720575940623689959|720575940623888397|720575940624130253|720575940625622968|720575940626210536|720575940627189071|720575940627787609|720575940628455942|720575940628494695|720575940628644239|720575940631180599|720575940631313721|720575940631520312|720575940632875746|720575940633116256|720575940634172267|720575940635170484|720575940638633806|720575940639505792|720575940640325429|720575940651932150
772,0.772000,29,0,0,2,720575940606391218|720575940611439473|720575940611982997|720575940614562271|720575940617226141|720575940617500443|720575940619559815|720575940620657857|720575940622203350|720575940622416628|720575940622516852|720575940623322921|720575940625970471|720575940626979621|720575940628238217|720575940629041879|720575940629513222|720575940629600630|720575940629821740|720575940630372982|720575940631844300|720575940635599758|720575940637308605|720575940639082318|720575940640851363|720575940642506459|720575940644494752|720575940647081860|720575940647755641
773,0.773000,34,0,0,3,720575940613981905|720575940618355870|720575940620124143|720575940621978117|720575940622303446|720575940622550089|720575940623067389|720575940623302988|720575940623758377|720575940624534972|720575940624816115|720575940625203277|720575940626888250|720575940627497244|720575940627798910|720575940627820806|720575940627949589|720575940628522540|720575940628834151|720575940629895491|720575940629910636|720575940629981440|720575940630247418|720575940631319084|720575940632042148|720575940632669800|720575940633984851|720575940634748385|720575940635932590|720575940637689486|720575940637711686|720575940639209956|720575940640578931|720575940644751652
774,0.774000,32,0,0,0,720575940604731838|720575940606664894|720575940612724195|720575940614461014|720575940616861697|720575940617672920|720575940620096238|720575940620868432|720575940621393172|720575940621833054|720575940622236374|720575940623122125|720575940623748789|720575940624402173|720575940624452548|720575940624891941|720575940625048250|720575940625563623|720575940626039996|720575940626815120|720575940628642576|720575940628695043|720575940628706325|720575940628910956|720575940629461442|720575940631207388|720575940631656147|720575940633640493|720575940636635760|720575940643882184|720575940648570244|720575940659019649
775,0.775000,40,0,0,0,720575940605028017|720575940605658033|720575940609341809|720575940615948610|720575940616370065|720575940616651193|720575940616762585|720575940617306717|720575940618398533|720575940620008758|720575940620061793|720575940620537153|720575940620746478|720575940621645309|720575940622517956|720575940622971283|720575940624193279|720575940624231143|720575940625345511|720575940625849031|720575940627406635|720575940627826760|720575940628896168|720575940629139834|720575940629240263|720575940629630679|720575940630098284|720575940630202267|720575940630480459|720575940630931999|720575940631283512|720575940631532396|720575940632380216|720575940632713759|720575940633156377|720575940637210334|720575940639142116|720575940639542691|720575940640788725|720575940641585627
776,0.776000,40,0,0,3,720575940604737708|720575940605807206|720575940607447491|720575940608098261|720575940608140380|720575940611772514|720575940612281586|720575940612358642|720575940613891442|720575940619896711|720575940620032123|720575940620346417|720575940621038294|720575940621170526|720575940623358099|720575940623862015|720575940624112152|720575940624163303|720575940625587642|720575940625673964|720575940626768442|720575940627432680|720575940628154364|720575940628352850|720575940628446010|720575940628644239|720575940629377132|720575940629393207|720575940629662208|720575940629817104|720575940629911503|720575940632059193|720575940632307025|720575940632539788|720575940633631396|720575940634257890|720575940635540671|720575940636360811|720575940637586751|720575940646735156
777,0.777000,30,0,0,3,720575940606222014|720575940609713710|720575940610205282|720575940611813842|720575940613441320|720575940615296766|720575940619134789|720575940619863125|720575940620431798|720575940620543025|720575940621367572|720575940621684358|720575940622066390|720575940622552675|720575940624342825|720575940624449318|720575940627281594|720575940627731206|720575940627946512|720575940628319546|720575940630487035|720575940630539535|720575940631844300|720575940632440220|720575940632875746|720575940639092201|720575940644306592|720575940645239844|720575940645864739|720575940646753412
778,0.778000,28,0,0,0,720575940604009952|720575940611811704|720575940612766515|720575940613303471|720575940613588246|720575940613863731|720575940614412906|720575940618263365|720575940620032379|720575940620091038|720575940620899542|720575940621775130|720575940621902301|720575940622057057|720575940623673821|720575940624130253|720575940624313406|720575940624681520|720575940625779075|720575940629489260|720575940629490476|720575940631575327|720575940636347128|720575940636348152|720575940636574388|720575940638642654|720575940640178640|720575940643100301
779,0.779000,34,0,0,1,720575940607155890|720575940611563310|720575940613258994|720575940613473959|720575940613636325|720575940615084339|720575940618936710|720575940619155995|720575940619675200|720575940619866027|720575940620001694|720575940620943969|720575940621777390|720575940622303446|720575940622770410|720575940623067389|720575940623387786|720575940625336464|720575940625502666|720575940625935544|720575940626010042|720575940626433881|720575940626650890|720575940627635441|720575940629502251|720575940630810695|720575940630883599|720575940633062335|720575940633308371|720575940633573836|720575940633705636|720575940636963806|720575940638204132|720575940643551392
780,0.780000,32,0,0,2,720575940609592270|720575940615792523|720575940617034565|720575940617825949|720575940619077255|720575940619676224|720575940622156976|720575940622160705|720575940622219190|720575940622517956|720575940622995082|720575940623067686|720575940623302988|720575940623432918|720575940623758377|720575940624250405|720575940624338068|720575940625691372|720575940626111619|720575940626363529|720575940627715870|720575940628375306|720575940629225463|720575940630020345|720575940630046524|720575940630135084|720575940631309866|720575940635146848|720575940635464343|720575940637607646|720575940639410291|720575940642262157
781,0.781000,35,0,0,2,720575940604470240|720575940605420902|720575940606421122|720575940606573490|720575940606756030|720575940607667723|720575940607982428|720575940608188427|720575940611428977|720575940611439473|720575940612358642|720575940613635737|720575940614376615|720575940619245016|720575940619998630|720575940620759841|720575940620904614|720575940621712990|720575940623817223|720575940624280328|720575940624394790|720575940627096957|720575940627293370|720575940628644239|720575940629312300|720575940629855787|720575940631260716|720575940631714119|720575940632524559|720575940634274458|720575940635932590|720575940636992368|720575940640436814|720575940642876320|720575940645676579
782,0.782000,24,0,0,2,720575940608140380|720575940613792296|720575940614461014|720575940614775592|720575940618930737|720575940622416628|720575940623202633|720575940623358099|720575940623444044|720575940625436170|720575940625666964|720575940625902266|720575940626555440|720575940626768442|720575940627044885|720575940628346634|720575940628455942|720575940630006636|720575940631058280|720575940631542732|720575940631719417|720575940632189900|720575940635271822|720575940636360811
783,0.783000,28,0,0,3,720575940608368818|720575940609713710|720575940612677142|720575940612734066|720575940614392682|720575940614958120|720575940615526978|720575940618931846|720575940619332944|720575940620038779|720575940620621190|720575940621426300|720575940622828056|720575940622998627|720575940623067389|720575940623120222|720575940625352852|720575940625552412|720575940625587642|720575940631097462|720575940631299602|720575940631844300|720575940632212039|720575940632407826|720575940632868051|720575940632875746|720575940640486488|720575940644494752
784,0.784000,25,0,0,0,720575940605780140|720575940611014570|720575940611108676|720575940611516586|720575940616408262|720575940618405848|720575940620746478|720575940620802836|720575940622474760|720575940622979848|720575940623322921|720575940624106776|720575940624206728|720575940624334012|720575940624885250|720575940625203277|720575940625559908|720575940626113661|720575940628137713|720575940628694019|720575940628876292|720575940632778051|720575940635170484|720575940640578931|720575940648570244
785,0.785000,28,0,0,1,720575940605007206|720575940606664894|720575940609097429|720575940613081250|720575940613915823|720575940614456332|720575940615042246|720575940616507865|720575940617649954|720575940617755220|720575940617796642|720575940623302988|720575940623356651|720575940623618708|720575940627826760|720575940627903484|720575940628454202|720575940628695043|720575940629437545|720575940629662208|720575940631365260|720575940636411534|720575940639179891|720575940640652752|720575940641546715|720575940642506459|720575940642617544|720575940647081860
786,0.786000,31,0,0,2,720575940606679142|720575940611981029|720575940612358642|720575940613981905|720575940615160239|720575940615251251|720575940615953202|720575940616649845|720575940616821597|720575940616844006|720575940617841437|720575940619922512|720575940623758377|720575940623772564|720575940624449318|720575940624619036|720575940624915435|720575940625489160|720575940625845391|720575940626425682|720575940627849515|720575940628822805|720575940629263888|720575940629489260|720575940629512314|720575940631142956|720575940631520312|720575940632472850|720575940635404724|720575940646074391|720575940647253795
787,0.787000,28,0,0,0,720575940604735660|720575940604737708|720575940613635737|720575940613891442|720575940616651193|720575940617244347|720575940618715550|720575940621201833|720575940621814911|720575940622518197|720575940622584069|720575940623553260|720575940623862015|720575940623889421|720575940625622968|720575940626051514|720575940627053861|720575940627538434|720575940628861660|720575940629336631|720575940629560770|720575940629702905|720575940630548035|720575940636997744|720575940642354120|720575940643100301|720575940643551392|720575940645834275
788,0.788000,42,0,0,4,720575940606865330|720575940610469986|720575940610653462|720575940611735002|720575940613441320|720575940614230499|720575940615210975|720575940615410107|720575940615612066|720575940619559815|720575940619675200|720575940619754699|720575940620001958|720575940620011435|720575940620868432|720575940621589887|720575940621684358|720575940621978117|720575940622183194|720575940622303446|720575940622416628|720575940623468691|720575940623478115|720575940624130253|720575940624559644|720575940625118096|720575940625345511|720575940625779075|720575940626524056|720575940626705937|720575940626813010|720575940627281594|720575940628050950|720575940628285634|720575940628342171|720575940628644239|720575940629461442|720575940631011328|720575940631842360|720575940632875746|720575940633631396|720575940634962879
789,0.789000,23,0,0,2,720575940605807206|720575940606010057|720575940608140380|720575940609713710|720575940618635072|720575940619766219|720575940621393172|720575940625563623|720575940626039996|720575940626768442|720575940627458570|720575940628352850|720575940628861188|720575940629963068|720575940629969111|720575940630046524|720575940631847763|720575940634172267|720575940634258146|720575940634274458|720575940635540671|720575940636360811|720575940639152361
790,0.790000,22,0,0,2,720575940606573490|720575940609343089|720575940612921746|720575940617532089|720575940620537153|720575940621148948|720575940622057057|720575940623302988|720575940623358099|720575940623847728|720575940629630679|720575940631575327|720575940631844300|720575940634113687|720575940636348152|720575940636963806|720575940638379598|720575940640039040|720575940646682676|720575940654167201|720575940655013281|720575940655842465
791,0.791000,29,0,0,2,720575940606453769|720575940608188427|720575940612358642|720575940612943539|720575940613517991|720575940614137907|720575940614368483|720575940616167730|720575940616370065|720575940619134789|720575940619245016|720575940619409542|720575940619681006|720575940621507549|720575940623374058|720575940623758377|720575940627946261|720575940628642576|720575940628796780|720575940629502251|720575940631103744|720575940631147335|720575940631207388|720575940632042148|720575940632807193|720575940635517876|720575940636347128|720575940640788725|720575940642894628
792,0.792000,24,0,0,0,720575940607667723|720575940614562271|720575940616861697|720575940617691170|720575940619487425|720575940619548799|720575940619709899|720575940620881524|720575940621170526|720575940621716835|720575940622865084|720575940623387786|720575940624452548|720575940624742158|720575940625558730|720575940625691372|720575940628197392|720575940629701737|720575940629911503|720575940632102564|720575940633156377|720575940636454136|720575940637586751|720575940639432782
793,0.793000,29,0,0,2,720575940606046892|720575940612185586|720575940617313841|720575940618165393|720575940618398533|720575940619332944|720575940620464321|720575940620983902|720575940621367572|720575940621804159|720575940623067686|720575940623807672|720575940625440019|720575940626199429|720575940626778008|720575940628644239|720575940628834151|720575940630539535|720575940630914245|720575940631058280|720575940631865228|720575940631937042|720575940632317997|720575940632875746|720575940633518176|720575940634257890|720575940641560205|720575940645864739|720575940648606340
794,0.794000,23,0,0,1,720575940606421122|720575940609713710|720575940612868757|720575940613490841|720575940613863731|720575940616661465|720575940617663093|720575940618308987|720575940618355870|720575940618649936|720575940623067389|720575940623897955|720575940624206472|720575940625186250|720575940625419495|720575940626279486|720575940627820806|720575940629327659|720575940629821740|720575940638027497|720575940639124029|720575940642262157|720575940648570244
795,0.795000,31,0,0,0,720575940605074278|720575940608074370|720575940611181518|720575940613303471|720575940615166111|720575940616702465|720575940619701231|720575940621018977|720575940621024545|720575940623158601|720575940623460872|720575940623673821|720575940624850434|720575940624876889|720575940625871408|720575940626111619|720575940628375306|720575940628446010|720575940628455942|720575940628494695|720575940628694019|720575940629560770|720575940629805950|720575940630098284|720575940631319084|720575940633984851|720575940634388927|720575940636360811|720575940639092201|720575940639404416|720575940648669060
796,0.796000,31,0,0,2,720575940605032550|720575940607982428|720575940608545219|720575940611563310|720575940613193642|720575940615792523|720575940615953202|720575940618936710|720575940620402345|720575940621589887|720575940621833054|720575940622303446|720575940622416628|720575940624130253|720575940625935544|720575940626363529|720575940627096957|720575940627234069|720575940627826760|720575940627849515|720575940628397138|720575940628490513|720575940628695043|720575940628896168|720575940631043139|720575940631842360|720575940637535077|720575940639505792|720575940640578931|720575940641263312|720575940646183220
797,0.797000,25,0,0,2,720575940605379506|720575940606756030|720575940613792296|720575940616575557|720575940617749538|720575940617784118|720575940619948880|720575940620124143|720575940621777390|720575940621814911|720575940623444044|720575940623758377|720575940624681520|720575940627374598|720575940627899900|720575940627924227|720575940628132745|720575940629225463|720575940629616092|720575940630520314|720575940631844300|720575940631925156|720575940632189900|720575940635831438|720575940645282158
798,0.798000,29,0,0,2,720575940604653484|720575940604783136|720575940605007206|720575940608098261|720575940611207922|720575940612358642|720575940613463471|720575940617110028|720575940618678045|720575940618844757|720575940618930737|720575940619077255|720575940621038294|720575940621684358|720575940622552675|720575940623153788|720575940623302988|720575940624113993|720575940626873160|720575940627351543|720575940628238217|720575940628343818|720575940630006636|720575940631714119|720575940635540671|720575940639410291|720575940639542691|720575940640420174|720575940640486488
799,0.799000,24,0,0,2,720575940606664894|720575940609713710|720575940612418991|720575940613693382|720575940616651193|720575940618827910|720575940619759750|720575940620032123|720575940622203350|720575940624338068|720575940625203277|720575940625436170|720575940626654041|720575940626768442|720575940628120337|720575940628697538|720575940629377132|720575940630020345|720575940630247418|720575940631142956|720575940632825913|720575940640864675|720575940645676579|720575940647291427
800,0.800000,21,0,0,1,720575940605807206|720575940609077828|720575940614789791|720575940618263365|720575940619245016|720575940619754699|720575940620326253|720575940620718318|720575940620802836|720575940623088309|720575940623201833|720575940625779075|720575940627044885|720575940628342171|720575940628644239|720575940628695056|720575940629393207|720575940630506358|720575940630668538|720575940631991507|720575940646735156
801,0.801000,24,0,0,1,720575940611090244|720575940615526978|720575940617232017|720575940618089541|720575940618746491|720575940619134789|720575940620028513|720575940620746478|720575940622156148|720575940622416628|720575940624231143|720575940624313406|720575940624544748|720575940626003130|720575940629459718|720575940629852419|720575940630025528|720575940630444625|720575940631520312|720575940631575327|720575940636347128|720575940636923108|720575940645990935|720575940648564612
802,0.802000,16,0,0,4,720575940615833055|720575940620561840|720575940622303446|720575940623122125|720575940623758377|720575940623862015|720575940624206472|720575940627321674|720575940631844300|720575940632875746|720575940632891106|720575940633442468|720575940633953434|720575940638027497|720575940644658542|720575940648669060
803,0.803000,18,0,0,1,720575940608140380|720575940609341809|720575940611516586|720575940613441320|720575940614383978|720575940614456332|720575940616055858|720575940616813858|720575940619155995|720575940620689517|720575940620912987|720575940621814049|720575940623302988|720575940623618708|720575940627281594|720575940627730206|720575940630968680|720575940639179891
804,0.804000,25,0,0,3,720575940603012832|720575940606421122|720575940609713710|720575940610439363|720575940611982997|720575940612281586|720575940612358642|720575940612734066|720575940613635737|720575940616285151|720575940617306717|720575940617493460|720575940623260201|720575940623904551|720575940625880472|720575940626768442|720575940627033875|720575940628003739|720575940629592143|720575940629763575|720575940631673484|720575940632032460|720575940636348152|720575940636360811|720575940637308605
805,0.805000,18,0,0,1,720575940605583136|720575940610205282|720575940611181518|720575940615953202|720575940616821597|720575940617649954|720575940623120222|720575940624452548|720575940628455942|720575940628644239|720575940629483735|720575940631260716|720575940631517251|720575940632402588|720575940634788600|720575940636635760|720575940637586751|720575940644791918
806,0.806000,17,0,0,0,720575940611811704|720575940612677142|720575940613771798|720575940618704043|720575940620014203|720575940623358099|720575940626206184|720575940627293370|720575940628346634|720575940628695043|720575940630372982|720575940632212039|720575940634113687|720575940636069348|720575940636963806|720575940639410291|720575940645834275
807,0.807000,25,0,0,2,720575940611439473|720575940616762585|720575940620197441|720575940620276400|720575940620346417|720575940620919905|720575940621515391|720575940622416628|720575940623322921|720575940623758377|720575940624102670|720575940624130253|720575940625968792|720575940627706398|720575940629502251|720575940632825913|720575940634480820|720575940635540671|720575940636411534|720575940637210334|720575940639209956|720575940641215104|720575940645990935|720575940646074391|720575940646682676
808,0.808000,19,0,0,2,720575940606039241|720575940606664894|720575940617755220|720575940619709899|720575940619913221|720575940620129694|720575940620868432|720575940623302988|720575940624534972|720575940624885250|720575940625673964|720575940626815120|720575940628844712|720575940631844300|720575940634407520|720575940635404724|720575940637711686|720575940640178640|720575940644492055
809,0.809000,34,0,0,3,720575940605379506|720575940607982428|720575940609713710|720575940610209378|720575940612211496|720575940612308963|720575940612358642|720575940615160239|720575940619237985|720575940619245016|720575940619322221|720575940619559815|720575940619922512|720575940620899542|720575940623387786|720575940623748789|720575940624394790|720575940624449318|720575940626859080|720575940629229020|720575940629630679|720575940630644727|720575940631142956|720575940631656147|720575940632651219|720575940632875746|720575940635932590|720575940636063204|720575940636360811|720575940637126007|720575940638677411|720575940642506459|720575940644733975|720575940660052865
810,0.810000,25,0,0,1,720575940605607392|720575940606436384|720575940617054237|720575940617244347|720575940618995541|720575940621018977|720575940621457690|720575940623650823|720575940623862015|720575940626768442|720575940627281594|720575940627458570|720575940628576250|720575940629377132|720575940629393207|720575940631058280|720575940632042148|720575940632059193|720575940632777320|720575940633631396|720575940633800860|720575940642876320|720575940643100301|720575940643408164|720575940643551392
811,0.811000,22,0,0,2,720575940608208835|720575940609343089|720575940610219715|720575940613701791|720575940615764061|720575940616410171|720575940618649936|720575940621595888|720575940621777390|720575940621814911|720575940622303446|720575940622998627|720575940624112152|720575940625587642|720575940626044942|720575940628644239|720575940630006636|720575940631714119|720575940633242449|720575940634388927|720575940637804915|720575940640486488
812,0.812000,19,0,0,1,720575940604737708|720575940611981029|720575940613891442|720575940613915823|720575940614137907|720575940614461014|720575940615612066|720575940616651193|720575940619754699|720575940620061793|720575940621024545|720575940622416628|720575940626662277|720575940627946512|720575940629225463|720575940631985349|720575940634221920|720575940635970190|720575940640039040
813,0.813000,38,0,0,2,720575940605007206|720575940606421122|720575940608278620|720575940610941906|720575940613863731|720575940614187006|720575940617013554|720575940618332757|720575940618355870|720575940618635072|720575940620380449|720575940621076144|720575940621393172|720575940621684358|720575940622156148|720575940623302988|720575940623553260|720575940623673821|720575940623758377|720575940623897955|720575940624206728|720575940624619036|720575940625935544|720575940626039996|720575940627826760|720575940629139834|720575940630020345|720575940630106309|720575940630822175|720575940631097462|720575940631207388|720575940634139799|720575940634748385|720575940635540671|720575940636348152|720575940637066352|720575940640436814|720575940655842465
814,0.814000,42,0,0,1,720575940605780140|720575940608074370|720575940608185986|720575940612358642|720575940613537686|720575940613771798|720575940614376615|720575940615166111|720575940615792523|720575940617492822|720575940617825949|720575940618398533|720575940618745424|720575940619134789|720575940620011435|720575940621589887|720575940621638534|720575940622971283|720575940623067389|720575940623067686|720575940623772564|720575940624452548|720575940625419495|720575940625436170|720575940626363529|720575940626694288|720575940627808857|720575940627849515|720575940628067846|720575940628695043|720575940628876292|720575940629702905|720575940630539535|720575940631043139|720575940631865228|720575940632126860|720575940632440220|720575940634752666|720575940636360811|720575940639092201|720575940644706083|720575940648570244
815,0.815000,26,0,0,1,720575940605807206|720575940606573490|720575940608140380|720575940610877098|720575940613635737|720575940614441834|720575940616507865|720575940623122125|720575940624280328|720575940624449318|720575940627493148|720575940628527247|720575940628896168|720575940629461442|720575940629502251|720575940630040438|720575940630046524|720575940631620689|720575940631844300|720575940636997744|720575940637586751|720575940638114357|720575940638633806|720575940642262157|720575940645864739|720575940645990935
816,0.816000,29,0,0,2,720575940609663442|720575940609713710|720575940611428977|720575940613792296|720575940615526978|720575940616861697|720575940617841437|720575940619245016|720575940619636615|720575940619896711|720575940620032123|720575940620481240|720575940621947653|720575940622057057|720575940622471721|720575940622610726|720575940622995082|720575940624130253|720575940625926693|720575940626650890|720575940627044885|720575940628120402|720575940628357714|720575940628455942|720575940631309866|720575940632875746|720575940633640493|720575940639505792|720575940644306592
817,0.817000,22,0,0,2,720575940605420902|720575940608702475|720575940614562271|720575940617500443|720575940618936710|720575940621716835|720575940622125153|720575940622416628|720575940622552675|720575940623358099|720575940623807672|720575940624402173|720575940625345511|720575940625666964|720575940628644239|720575940628706325|720575940629240263|720575940630025528|720575940630810695|720575940633315263|720575940634274458|720575940646364014
818,0.818000,38,0,0,3,720575940604735660|720575940606664894|720575940612868757|720575940617649954|720575940620001360|720575940622203350|720575940622303446|720575940622550089|720575940622945037|720575940623096870|720575940623302988|720575940624338068|720575940624685290|720575940624742158|720575940625203277|720575940625779075|720575940626024323|720575940626768442|720575940628342171|720575940628358675|720575940628861660|720575940628910956|720575940629512314|720575940629560770|720575940630190411|720575940631151663|720575940631313721|720575940631575327|720575940633631396|720575940635146848|720575940635771316|720575940636347128|720575940636411534|720575940636963806|720575940637071849|720575940638204132|720575940643882184|720575940646415907
819,0.819000,50,0,0,2,720575940606756030|720575940610822513|720575940612358642|720575940613303471|720575940613891442|720575940614546911|720575940615429118|720575940617716893|720575940618089541|720575940618405848|720575940619709899|720575940620124143|720575940620571953|720575940620904614|720575940621174337|720575940621766938|720575940621814911|720575940621833054|720575940622066390|720575940623025413|720575940623387786|720575940623718119|720575940623758377|720575940624206472|720575940625827358|720575940626010042|720575940626425682|720575940627281594|720575940627820806|720575940627980955|720575940628238217|720575940628320058|720575940629377132|720575940629393207|720575940629911503|720575940630247418|720575940631142956|720575940631520312|720575940632042148|720575940632804435|720575940633116256|720575940633901395|720575940636574388|720575940637308605|720575940640178640|720575940642193549|720575940644022551|720575940644494752|720575940648669060|720575940650420726
820,0.820000,42,0,1,0,720575940607667723|720575940611206514|720575940611207922|720575940611516586|720575940612734066|720575940613258994|720575940615084339|720575940615755147|720575940615953202|720575940616651193|720575940616661465|720575940617313841|720575940618263365|720575940619675200|720575940620156795|720575940620759841|720575940620912987|720575940622516852|720575940623141658|720575940623618708|720575940623862015|720575940624394790|720575940624452902|720575940625952755|720575940626034777|720575940626469898|720575940626872932|720575940628038808|720575940628050950|720575940628446010|720575940628694019|720575940629922934|720575940631719417|720575940635170484|720575940635271822|720575940639179891|720575940639556467|720575940640325429|720575940642506459|720575940643112333|720575940651305718|720575940661139073
821,0.821000,42,0,1,1,720575940604470240|720575940605583136|720575940606679142|720575940609713710|720575940613193642|720575940613981905|720575940615160239|720575940616575557|720575940617672226|720575940618308987|720575940619863125|720575940620769133|720575940623260201|720575940624163303|720575940624193279|720575940624231143|720575940624313406|720575940624681520|720575940624876889|720575940624915435|720575940625352852|720575940625622968|720575940626111619|720575940626814666|720575940628136809|720575940628494695|720575940628695043|720575940629786624|720575940629821740|720575940631260716|720575940632722515|720575940633156377|720575940633488153|720575940633800860|720575940635362460|720575940635540671|720575940636360811|720575940640788725|720575940645282158|720575940646735156|720575940646753412|720575940648564612
822,0.822000,37,0,0,1,720575940607982428|720575940608188427|720575940609284728|720575940613081250|720575940613635737|720575940613693382|720575940614442090|720575940614456332|720575940616370065|720575940617492822|720575940617868249|720575940619134789|720575940619676224|720575940620746478|720575940622540899|720575940622770410|720575940622828056|720575940623067686|720575940623322921|720575940623689959|720575940625563623|720575940626162890|720575940626363847|720575940627635441|720575940627826760|720575940628346634|720575940628602471|720575940629312300|720575940631189817|720575940631365260|720575940631844300|720575940636348152|720575940639542691|720575940643100301|720575940644745120|720575940644751652|720575940646183220
823,0.823000,42,0,0,4,720575940609592270|720575940610439363|720575940611439473|720575940612185586|720575940614403178|720575940615413435|720575940616534338|720575940616762585|720575940616821597|720575940617755220|720575940620537153|720575940620868432|720575940620988276|720575940621201833|720575940621270042|720575940621684358|720575940622018217|720575940622160705|720575940622303446|720575940622416628|720575940623302988|720575940623432918|720575940624342825|720575940624890296|720575940625118096|720575940626741552|720575940628455942|720575940629461442|720575940629630679|720575940629683500|720575940631011328|720575940632380216|720575940632777320|720575940632875746|720575940633556644|720575940633984851|720575940637535077|720575940639417432|720575940641546715|720575940642142861|720575940643551392|720575940645834275
824,0.824000,44,0,0,2,720575940604009952|720575940605028017|720575940605658033|720575940606222014|720575940608140380|720575940612395178|720575940614368483|720575940614958120|720575940616471052|720575940617952034|720575940618931846|720575940619155995|720575940621978117|720575940623067389|720575940623126697|720575940623276988|720575940623430621|720575940623499132|720575940623758377|720575940623888397|720575940624885250|720575940625489160|720575940626044942|720575940626694288|720575940626768442|720575940627253604|720575940627497244|720575940627706398|720575940627849515|720575940629225463|720575940629763575|720575940630523407|720575940631319084|720575940631532396|720575940631623417|720575940632212039|720575940633062335|720575940635932590|720575940635990640|720575940638720233|720575940639209956|720575940640578931|720575940642624987|720575940645676579
825,0.825000,42,0,0,1,720575940606421122|720575940609341809|720575940610205282|720575940610621026|720575940611563310|720575940613154582|720575940613463471|720575940615296766|720575940615770369|720575940617110028|720575940619578608|720575940619896711|720575940620718318|720575940620983902|720575940621921285|720575940622516852|720575940622998627|720575940623356651|720575940624130253|720575940624452548|720575940626867530|720575940627351543|720575940627692565|720575940627731206|720575940628644239|720575940628791812|720575940629377132|720575940629393207|720575940629489260|720575940629910636|720575940630020345|720575940630539535|720575940630931999|720575940631147335|720575940631207388|720575940631673484|720575940631715896|720575940631721785|720575940631997101|720575940645693988|720575940646074391|720575940647081860
826,0.826000,41,0,0,2,720575940606391218|720575940606664894|720575940609713710|720575940611719378|720575940612308963|720575940612358642|720575940612766515|720575940614067921|720575940615948610|720575940618332757|720575940619245016|720575940619675200|720575940619681006|720575940620916939|720575940621367572|720575940621640363|720575940621712990|720575940621902301|720575940622132545|720575940623199684|720575940623202633|720575940624100075|720575940624449318|720575940624677303|720575940624774839|720575940625617948|720575940625779075|720575940626524056|720575940627281594|720575940628118159|720575940629991788|720575940630135084|720575940630883599|720575940631299602|720575940632042148|720575940632118343|720575940632809683|720575940633178508|720575940638169917|720575940638840629|720575940641560205
827,0.827000,48,0,0,0,720575940605009097|720575940605807206|720575940608074370|720575940613636325|720575940616651193|720575940617306717|720575940617672920|720575940617796642|720575940618551481|720575940618678045|720575940619559815|720575940619766219|720575940619998630|720575940620011435|720575940620018964|720575940620802836|720575940621024545|720575940621116807|720575940621170526|720575940621393172|720575940623862015|720575940624376456|720575940624986919|720575940625186250|720575940625741287|720575940626039996|720575940626778008|720575940627053861|720575940627357457|720575940628352850|720575940628522540|720575940629459718|720575940629701737|720575940630372982|720575940631058280|720575940631283512|720575940632307025|720575940632527683|720575940633901395|720575940634708705|720575940635467150|720575940635771316|720575940636360811|720575940637293687|720575940637308605|720575940637586751|720575940646682676|720575940648570244
828,0.828000,49,0,0,3,720575940611206514|720575940612281586|720575940612302042|720575940612549799|720575940616167730|720575940618130625|720575940618658974|720575940619487425|720575940619754699|720575940619922512|720575940620065694|720575940622416628|720575940623302988|720575940623444044|720575940623478115|720575940623673821|720575940624534972|720575940625558730|720575940625559908|720575940625970471|720575940626308697|720575940626555440|720575940626705937|720575940626815120|720575940627068772|720575940627096957|720575940628860476|720575940629805950|720575940629961219|720575940630006636|720575940630098284|720575940631180599|720575940631844300|720575940632524559|720575940632542253|720575940632669800|720575940633806893|720575940634428058|720575940635540671|720575940636411534|720575940636970096|720575940637635305|720575940640039040|720575940640486488|720575940642506459|720575940643100301|720575940643551392|720575940645864739|720575940647755641
829,0.829000,29,0,0,1,720575940606756030|720575940608144732|720575940611108676|720575940613594783|720575940613792296|720575940613917359|720575940615526978|720575940617244347|720575940618942977|720575940620324079|720575940620543025|720575940621038294|720575940622066390|720575940622764058|720575940623158601|720575940623889421|720575940625203277|720575940625691372|720575940628706325|720575940629911503|720575940630968680|720575940631311660|720575940632875746|720575940633518176|720575940636347128|720575940636963806|720575940638225597|720575940638633806|720575940646350702
830,0.830000,27,0,0,2,720575940610231509|720575940611563310|720575940615622050|720575940616984588|720575940619077255|720575940619822784|720575940621777390|720575940622147873|720575940623126697|720575940626022074|720575940626051514|720575940626363529|720575940626768442|720575940628360506|720575940628644239|720575940628908548|720575940629488902|720575940631142956|720575940631714119|720575940632427112|720575940633356881|720575940635464343|720575940636635760|720575940638204132|720575940639152361|720575940642262157|720575940647328900
831,0.831000,30,0,0,1,720575940605007206|720575940609343089|720575940611207922|720575940612358642|720575940613441320|720575940617691170|720575940617825949|720575940618398533|720575940619134789|720575940620001958|720575940622971283|720575940623025413|720575940623358099|720575940623387786|720575940625436170|720575940626199429|720575940627368723|720575940627949589|720575940628319546|720575940628375306|720575940628791812|720575940628910956|720575940632778051|720575940633116256|720575940633992147|720575940634139799|720575940635202204|720575940638677411|720575940639432782|720575940642617544
832,0.832000,38,0,0,2,720575940605777841|720575940609713710|720575940611014570|720575940611982997|720575940612734066|720575940613303471|720575940614137907|720575940615084339|720575940615429118|720575940615612066|720575940616980737|720575940618635072|720575940620561840|720575940621277445|720575940621589887|720575940621775130|720575940622303446|720575940622518197|720575940622584069|720575940623847728|720575940623888397|720575940624619036|720575940625419495|720575940625673964|720575940626650890|720575940626694288|720575940627044885|720575940627204362|720575940627849515|720575940629502251|720575940629513222|720575940630745282|720575940630810695|720575940631097462|720575940637689486|720575940640851363|720575940640864675|720575940655842465
833,0.833000,32,0,0,3,720575940605032550|720575940606046892|720575940606453769|720575940607982428|720575940608098261|720575940610588565|720575940612551594|720575940613981905|720575940615086698|720575940616861697|720575940620759841|720575940622057057|720575940623067389|720575940623067686|720575940623302988|720575940623758377|720575940624951847|720575940626778008|720575940628642576|720575940629969111|720575940630600775|720575940631306284|720575940631844300|720575940632380216|720575940633556644|720575940634113687|720575940635837887|720575940637711686|720575940639410291|720575940642715040|720575940644494752|720575940647291427
834,0.834000,24,0,0,0,720575940609097429|720575940611439473|720575940613771798|720575940613863731|720575940615792523|720575940619401296|720575940620032123|720575940620061793|720575940621814911|720575940623338281|720575940623444044|720575940624163303|720575940627253604|720575940627820806|720575940627946261|720575940628861660|720575940630247418|720575940630914245|720575940632539788|720575940632809683|720575940633156377|720575940634258146|720575940639505792|720575940640178640
835,0.835000,21,0,0,3,720575940606015154|720575940606573490|720575940614562271|720575940618355870|720575940619709899|720575940621684358|720575940621716835|720575940622416628|720575940623748789|720575940624095172|720575940624449318|720575940626013315|720575940627374598|720575940628644239|720575940628876292|720575940629263888|720575940629908540|720575940630046524|720575940632875746|720575940637308605|720575940639124029
836,0.836000,25,0,0,0,720575940605420902|720575940608140380|720575940613915823|720575940615221811|720575940617749538|720575940618270629|720575940621833054|720575940622203350|720575940622516852|720575940624250405|720575940625587642|720575940626279486|720575940626773523|720575940626859080|720575940627234069|720575940629468716|720575940631925156|720575940633208647|720575940633631396|720575940639092201|720575940639179891|720575940640436814|720575940640578931|720575940642876320|720575940647081860
837,0.837000,37,0,0,4,720575940604731838|720575940606039241|720575940606421122|720575940608188427|720575940609713710|720575940612358642|720575940613635737|720575940615953202|720575940616055858|720575940616370065|720575940618089541|720575940618649936|720575940620899542|720575940620912987|720575940622303446|720575940623122125|720575940623431571|720575940624130253|720575940624206472|720575940624681520|720575940624902729|720575940625552412|720575940625779075|720575940626768442|720575940627293370|720575940627826760|720575940628695043|720575940628697538|720575940628896168|720575940629426025|720575940629817104|720575940631937042|720575940631989841|720575940632317997|720575940633901395|720575940636360811|720575940642897293
838,0.838000,19,0,0,2,720575940611516586|720575940611563310|720575940614376615|720575940618936710|720575940622183194|720575940623210409|720575940623302988|720575940623758377|720575940624534972|720575940626662277|720575940626879505|720575940628455942|720575940629336631|720575940629461442|720575940629963068|720575940630098284|720575940645864739|720575940646821252|720575940648669060
839,0.839000,21,0,0,1,720575940605780140|720575940606664894|720575940607667723|720575940611735514|720575940611811704|720575940621804159|720575940622552675|720575940623164515|720575940623201833|720575940623618708|720575940623772564|720575940628796780|720575940629327659|720575940631309866|720575940631520312|720575940631844300|720575940632126860|720575940635932590|720575940636411534|720575940637126007|720575940637586751
840,0.840000,12,0,0,1,720575940604735660|720575940614456332|720575940619134789|720575940619245016|720575940619548799|720575940620746478|720575940622416628|720575940629855787|720575940632713759|720575940633170969|720575940633308371|720575940635146848
841,0.841000,18,0,0,2,720575940604009952|720575940613891442|720575940619948880|720575940623387786|720575940623747145|720575940628226697|720575940628346634|720575940628644239|720575940629560770|720575940629630679|720575940630046524|720575940631043139|720575940632875746|720575940634172267|720575940635540671|720575940637210334|720575940640652752|720575940644791918
842,0.842000,31,0,0,2,720575940605807206|720575940609713710|720575940610439363|720575940612943539|720575940614383978|720575940615160239|720575940616507865|720575940616821597|720575940617755220|720575940618263365|720575940618440000|720575940619155995|720575940619675200|720575940621116807|720575940621367572|720575940623862015|720575940624342825|720575940624885250|720575940625779075|720575940626768442|720575940626813010|720575940627281594|720575940627458570|720575940628120337|720575940632689199|720575940632962786|720575940633984851|720575940636348152|720575940636360811|720575940636454136|720575940637535077
843,0.843000,23,0,0,4,720575940608140380|720575940612358642|720575940616980737|720575940618011604|720575940619701231|720575940622303446|720575940623302988|720575940623322921|720575940623673821|720575940623758377|720575940624130253|720575940624313406|720575940624452548|720575940625345511|720575940625691372|720575940629377132|720575940629393207|720575940630006636|720575940632212039|720575940633953434|720575940636963806|720575940639209956|720575940645834275
844,0.844000,21,0,0,1,720575940603012832|720575940612868757|720575940614789791|720575940619922512|720575940620431798|720575940620657857|720575940620881524|720575940621545606|720575940621638534|720575940621777390|720575940623553260|720575940624850434|720575940627139530|720575940627706398|720575940628197392|720575940628694019|720575940628834151|720575940631844300|720575940635362716|720575940640486488|720575940643100301
845,0.845000,29,0,0,0,720575940610499779|720575940615526978|720575940616661465|720575940617313841|720575940619332944|720575940620402345|720575940620904614|720575940621457690|720575940621684358|720575940621814911|720575940621978117|720575940623088309|720575940623358099|720575940624449318|720575940625048250|720575940625253193|720575940625622968|720575940626010042|720575940628238217|720575940628455942|720575940629502251|720575940631142956|720575940631575327|720575940632777320|720575940634257890|720575940635404724|720575940643543496|720575940648570244|720575940655842465
846,0.846000,32,0,0,3,720575940605607392|720575940606421122|720575940609341809|720575940609343089|720575940610647416|720575940611813842|720575940613193642|720575940613792296|720575940613863731|720575940614461014|720575940617054237|720575940620346417|720575940622416628|720575940623478115|720575940625935544|720575940626024323|720575940626044942|720575940626555440|720575940628644239|720575940628695043|720575940629229020|720575940629489260|720575940629830700|720575940630968680|720575940631656147|720575940631714119|720575940632042148|720575940632102564|720575940632440220|720575940632875746|720575940634139799|720575940639092201
847,0.847000,25,0,0,0,720575940605494560|720575940607982428|720575940614137907|720575940615084339|720575940620537153|720575940620868432|720575940620943969|720575940624231143|720575940624394790|720575940624742158|720575940624876889|720575940625436170|720575940627044885|720575940627493148|720575940628375306|720575940630020345|720575940630372982|720575940631517251|720575940633901395|720575940634748385|720575940636360811|720575940637210334|720575940640788725|720575940642506459|720575940646074391
848,0.848000,19,0,0,3,720575940606664894|720575940612358642|720575940613635737|720575940613808638|720575940616581535|720575940618355870|720575940620011435|720575940621024545|720575940621170526|720575940621393172|720575940622303446|720575940623302988|720575940626039996|720575940627351543|720575940627497244|720575940629225463|720575940637586751|720575940640133083|720575940650813686
849,0.849000,17,0,0,0,720575940605583136|720575940610205282|720575940614215405|720575940614979634|720575940616651193|720575940617649954|720575940619245016|720575940619754699|720575940621018977|720575940622550089|720575940627820806|720575940628342171|720575940629512314|720575940633800860|720575940635540671|720575940639179891|720575940643100301
850,0.850000,22,0,0,3,720575940608074370|720575940609713710|720575940614441834|720575940614570415|720575940615166111|720575940619549598|720575940623120222|720575940623122125|720575940623862015|720575940624193279|720575940626768442|720575940627281594|720575940628896168|720575940629377132|720575940629393207|720575940630202267|720575940631058280|720575940631844300|720575940632189900|720575940633631396|720575940636347128|720575940643551392
851,0.851000,22,0,0,1,720575940611981029|720575940618551481|720575940621589887|720575940622416628|720575940623067686|720575940623096870|720575940624338068|720575940624449318|720575940624544748|720575940624986919|720575940625203277|720575940626363529|720575940626694288|720575940627826760|720575940629437545|720575940629461442|720575940630539535|720575940631575327|720575940633062335|720575940635170484|720575940636348152|720575940639542691
852,0.852000,28,0,0,1,720575940604737708|720575940613463471|720575940613891442|720575940616370065|720575940616702465|720575940616861697|720575940617306717|720575940618635072|720575940619134789|720575940620346417|720575940621684358|720575940621833054|720575940622584069|720575940623067389|720575940623618708|720575940624402173|720575940624619036|720575940625952755|720575940627946512|720575940628357714|720575940629702905|720575940631260716|720575940632875746|720575940635831438|720575940636963806|720575940637308605|720575940638379598|720575940646183220
853,0.853000,20,0,0,2,720575940612734066|720575940613303471|720575940614461014|720575940615953202|720575940617841437|720575940618332757|720575940618405848|720575940619636615|720575940622945037|720575940623758377|720575940625563623|720575940628644239|720575940628861660|720575940631142956|720575940631207388|720575940631313721|720575940631365260|720575940631865228|720575940640325429|720575940645676579
854,0.854000,23,0,0,3,720575940604009952|720575940611428977|720575940612185586|720575940612358642|720575940613915823|720575940615792523|720575940618089541|720575940619709899|720575940620032123|720575940620096238|720575940622303446|720575940623025413|720575940623302988|720575940623387786|720575940626537008|720575940627980955|720575940628455942|720575940633640493|720575940634388927|720575940638633806|720575940646735156|720575940648564612|720575940648570244
855,0.855000,32,0,0,1,720575940604470240|720575940609713710|720575940611982997|720575940613693382|720575940615429118|720575940616762585|720575940617492822|720575940619559815|720575940620124143|720575940620252075|720575940620380449|720575940620481240|720575940621716835|720575940621814911|720575940621921285|720575940622203350|720575940622998627|720575940624130253|720575940624163303|720575940624206472|720575940624681520|720575940626003130|720575940627293370|720575940627849515|720575940629910636|720575940630247418|720575940632527683|720575940636360811|720575940640578931|720575940642262157|720575940643882184|720575940648669060
856,0.856000,26,0,0,1,720575940605007206|720575940605807206|720575940611439473|720575940612281586|720575940614562271|720575940617110028|720575940617825949|720575940618649936|720575940619245016|720575940621947653|720575940624112152|720575940624816115|720575940624915435|720575940625419495|720575940625673964|720575940625779075|720575940627432680|720575940628356102|720575940631719417|720575940631844300|720575940631985349|720575940632472850|720575940634480820|720575940636574388|720575940637071849|720575940645864739
857,0.857000,18,0,0,2,720575940605028017|720575940605658033|720575940610209378|720575940614376615|720575940614456332|720575940621201833|720575940621519130|720575940622416628|720575940624685290|720575940626051514|720575940626425682|720575940626768442|720575940627321674|720575940629560770|720575940630548035|720575940632059193|720575940639505792|720575940646753412
858,0.858000,38,0,0,1,720575940606222014|720575940606664894|720575940610562969|720575940611090244|720575940612308963|720575940614392682|720575940617244347|720575940617573922|720575940619681006|720575940620746478|720575940620983902|720575940621226405|720575940621684358|720575940622158369|720575940622160705|720575940623322921|720575940623432918|720575940623553260|720575940623758377|720575940624885250|720575940625741287|720575940628210887|720575940628342171|720575940629041879|720575940629095323|720575940629630679|720575940631097462|720575940631103744|720575940631520312|720575940635517876|720575940636411534|720575940638650483|720575940639556467|720575940640942837|720575940642506459|720575940643112333|720575940643551392|720575940644791918
859,0.859000,46,0,0,1,720575940604735660|720575940606139308|720575940606421122|720575940607667723|720575940607982428|720575940609592270|720575940611207922|720575940611516586|720575940613517991|720575940614187006|720575940616651193|720575940618263365|720575940619766219|720575940619863125|720575940621367572|720575940622037926|720575940622303446|720575940622999688|720575940623862015|720575940624449318|720575940625926693|720575940626662277|720575940626815120|720575940627281594|720575940627706398|720575940628016387|720575940628050950|720575940628346634|720575940628694019|720575940628695043|720575940628695056|720575940628796780|720575940629377132|720575940629393207|720575940629763575|720575940629821740|720575940629911503|720575940630006636|720575940631319084|720575940631673484|720575940631715896|720575940632042148|720575940632804435|720575940636488805|720575940639082318|720575940639209956
860,0.860000,38,0,0,3,720575940609713710|720575940610621026|720575940615084339|720575940615612066|720575940617577702|720575940617853986|720575940618398533|720575940618678045|720575940619134789|720575940620179553|720575940622971283|720575940623059443|720575940623067686|720575940623260201|720575940623302988|720575940623356651|720575940623673821|720575940624452548|720575940625118096|720575940625587642|720575940625691372|720575940626555440|720575940626650890|720575940627692565|720575940628876292|720575940630354169|720575940631043139|720575940631532396|720575940632407826|720575940632875746|720575940633156377|720575940633178508|720575940640852056|720575940641263312|720575940641560205|720575940642193549|720575940648330105|720575940651305718
861,0.861000,28,0,0,1,720575940604737708|720575940606679142|720575940606756030|720575940608368818|720575940610167665|720575940612868757|720575940613081250|720575940614775592|720575940616575557|720575940616821597|720575940617755220|720575940619077255|720575940620899542|720575940622516852|720575940623748789|720575940624206728|720575940627946512|720575940628644239|720575940630622250|720575940631299602|720575940632212039|720575940632732845|720575940636360811|720575940636635760|720575940637586751|720575940638677411|720575940642142861|720575940642894628
862,0.862000,39,0,0,4,720575940606573490|720575940608140380|720575940612358642|720575940614368483|720575940615160239|720575940617013554|720575940617054237|720575940618886449|720575940620868432|720575940620912987|720575940621012289|720575940622416628|720575940622600319|720575940622770410|720575940623358099|720575940624130253|720575940624280328|720575940624430060|720575940625203277|720575940625666964|720575940626162890|720575940626524056|720575940626768442|720575940627493148|720575940628320058|720575940628455942|720575940629225463|720575940629229020|720575940629852419|720575940630523407|720575940631714119|720575940631721785|720575940631844300|720575940632722515|720575940632777320|720575940639007395|720575940640486488|720575940642624987|720575940645834275
863,0.863000,43,0,0,1,720575940605420902|720575940612143075|720575940613636325|720575940613792296|720575940613981905|720575940615018463|720575940615166111|720575940615526978|720575940616285151|720575940616823862|720575940617649954|720575940618355870|720575940619155995|720575940619637185|720575940619792916|720575940620001360|720575940620001958|720575940620232875|720575940621270042|720575940621589887|720575940622540899|720575940622855629|720575940623199684|720575940623387786|720575940623758377|720575940624803511|720575940625053186|720575940626778008|720575940627731206|720575940628494695|720575940628896168|720575940628910956|720575940630539535|720575940630765253|720575940631142956|720575940631147335|720575940635362460|720575940635932590|720575940637711686|720575940638306101|720575940639152361|720575940640178640|720575940643100301
864,0.864000,41,0,0,0,720575940609284728|720575940613635737|720575940617493460|720575940619548799|720575940620718318|720575940621024545|720575940621684358|720575940622057057|720575940622183194|720575940623862989|720575940624100075|720575940624449318|720575940625440019|720575940625766842|720575940625779075|720575940626010042|720575940626034777|720575940627044885|720575940627281594|720575940627458570|720575940628238217|720575940628319546|720575940628358675|720575940628695043|720575940628706325|720575940629377132|720575940629393207|720575940629459718|720575940629489260|720575940629607273|720575940630931999|720575940631575327|720575940631997101|720575940632317997|720575940635540671|720575940635776760|720575940636347128|720575940636348152|720575940636963806|720575940638633806|720575940643551392
865,0.865000,34,0,0,2,720575940608188427|720575940609343089|720575940611563310|720575940612943539|720575940614137907|720575940615413435|720575940617671896|720575940618130625|720575940620061793|720575940620759841|720575940620904614|720575940621777390|720575940621814911|720575940622303446|720575940623067389|720575940623302988|720575940623862015|720575940625186250|720575940625436170|720575940625557893|720575940625871408|720575940626039996|720575940627053861|720575940628446010|720575940629263888|720575940630046524|720575940631260716|720575940633116256|720575940633901395|720575940634428058|720575940635477902|720575940637535077|720575940638169917|720575940646074391
866,0.866000,53,0,0,3,720575940604009952|720575940604731838|720575940605607392|720575940606391218|720575940606664894|720575940608098261|720575940609713710|720575940610439363|720575940610822513|720575940611206514|720575940612766515|720575940613441320|720575940613863731|720575940613891442|720575940615296766|720575940616651193|720575940616861697|720575940618332757|720575940618936710|720575940619922512|720575940621393172|720575940621833054|720575940623120222|720575940623276988|720575940623618708|720575940624313406|720575940624619036|720575940625345511|720575940625558730|720575940626044942|720575940626199429|720575940627109202|720575940628644239|720575940628697538|720575940630914245|720575940631011328|720575940632875746|720575940633315263|720575940633631396|720575940633800860|720575940633984851|720575940634274458|720575940635771316|720575940638204132|720575940639092201|720575940639134835|720575940639179891|720575940639410291|720575940642506459|720575940644751652|720575940645864739|720575940647081860|720575940648570244
867,0.867000,38,0,0,0,720575940609341809|720575940609979285|720575940611439473|720575940612734066|720575940613917359|720575940614441834|720575940615755147|720575940615948610|720575940615953202|720575940617672920|720575940619559815|720575940620011435|720575940620402345|720575940621116807|720575940621174337|720575940621564550|720575940621595888|720575940622132545|720575940622584069|720575940624231143|720575940624394790|720575940624742158|720575940624986919|720575940625489160|720575940627808122|720575940629592143|720575940629600630|720575940630040438|720575940630372982|720575940632082895|720575940632118343|720575940637210334|720575940637308605|720575940639432782|720575940640325429|720575940640864675|720575940644306592|720575940646735156
868,0.868000,40,0,1,3,720575940610205282|720575940612302042|720575940612359343|720575940613258994|720575940617672226|720575940619245016|720575940619675200|720575940620032123|720575940620571953|720575940621018977|720575940621503220|720575940622416628|720575940623322921|720575940623718119|720575940624206472|720575940625827358|720575940626567178|720575940626654041|720575940626768442|720575940627406635|720575940627849515|720575940627872515|720575940628375306|720575940628602471|720575940628861660|720575940629041879|720575940629502251|720575940629512314|720575940630135084|720575940631844300|720575940632307025|720575940634113687|720575940634407520|720575940639124029|720575940640578931|720575940643112333|720575940644390436|720575940647328900|720575940647755641|720575940648669060
869,0.869000,28,0,0,2,720575940612358642|720575940613303471|720575940615042246|720575940615348689|720575940616167730|720575940616390261|720575940616507865|720575940617306717|720575940617786525|720575940619549598|720575940619701231|720575940619998630|720575940621446309|720575940623758377|720575940624534972|720575940624621968|720575940627189071|720575940627281594|720575940628038808|720575940628357714|720575940629963068|720575940630810695|720575940631177027|720575940631309866|720575940631625979|720575940632042148|720575940632809683|720575940635464343
870,0.870000,35,0,0,0,720575940605032550|720575940606046892|720575940606421122|720575940611811704|720575940612551594|720575940614412906|720575940614570415|720575940615084339|720575940615160239|720575940615954833|720575940616471052|720575940616702465|720575940619759750|720575940620916939|720575940621038294|720575940621775130|720575940622945037|720575940623387786|720575940625336464|720575940625779075|720575940625935544|720575940627635441|720575940627924227|720575940628834151|720575940629426025|720575940629560770|720575940629910636|720575940629991788|720575940630190411|720575940631058280|720575940633518176|720575940636411534|720575940640652752|720575940645676579|720575940648606340
871,0.871000,29,0,1,0,720575940606453769|720575940611563310|720575940613193642|720575940613463471|720575940613594783|720575940615770369|720575940619134789|720575940619152856|720575940619487425|720575940621519130|720575940621814049|720575940623067686|720575940623153788|720575940623847728|720575940624452902|720575940624681520|720575940624876889|720575940625479426|720575940626363529|720575940628796780|720575940628876292|720575940628908548|720575940631937042|720575940635146848|720575940635375200|720575940636360811|720575940637071849|720575940640420174|720575940640788725
872,0.872000,38,0,0,1,720575940605807206|720575940607447491|720575940611108676|720575940612395178|720575940614236010|720575940614958120|720575940615792523|720575940616449858|720575940617907430|720575940619401296|720575940619636615|720575940620689517|720575940620746478|720575940621176837|720575940621277445|720575940621716835|720575940622552675|720575940623025413|720575940623088309|720575940623302988|720575940623444044|720575940624163303|720575940624376456|720575940626705937|720575940626741552|720575940626859080|720575940627820806|720575940627826760|720575940627997050|720575940628861188|720575940629786624|720575940629836343|720575940629908540|720575940629975516|720575940630202267|720575940630644727|720575940637586751|720575940640178640
873,0.873000,33,0,0,3,720575940605028017|720575940605154988|720575940605583136|720575940607982428|720575940609713710|720575940620124143|720575940620868432|720575940621468404|720575940622516852|720575940623067389|720575940623499132|720575940623553260|720575940623888397|720575940624130253|720575940624885250|720575940626555184|720575940628062714|720575940628644239|720575940628695056|720575940628706325|720575940629513222|720575940629805950|720575940631715896|720575940631989841|720575940632875746|720575940634441102|720575940635540671|720575940637689486|720575940639421043|720575940644494752|720575940644651208|720575940645693988|720575940660052865
874,0.874000,31,0,0,3,720575940605007206|720575940606222014|720575940608074370|720575940614461014|720575940614789791|720575940616055858|720575940616762585|720575940622156976|720575940622416628|720575940622518197|720575940623202633|720575940623758377|720575940624452548|720575940625552412|720575940626813010|720575940628342171|720575940629755723|720575940630247418|720575940631745367|720575940631844300|720575940632440220|720575940632689199|720575940633156377|720575940634388927|720575940635404724|720575940636348152|720575940638633806|720575940638677411|720575940638720233|720575940639542691|720575940651425782
875,0.875000,34,0,0,1,720575940608909269|720575940612549799|720575940612724195|720575940612868757|720575940615221811|720575940615429118|720575940618658974|720575940620096238|720575940621201833|720575940621367572|720575940621457690|720575940621684358|720575940621814911|720575940622474760|720575940623650823|720575940624449318|720575940625203277|720575940626555440|720575940626768442|720575940627253604|720575940627787609|720575940628285634|720575940628455942|720575940628695043|720575940628896168|720575940628910956|720575940629489260|720575940629702905|720575940631097462|720575940633556644|720575940635932590|720575940636963806|720575940640436814|720575940642506459
876,0.876000,18,0,0,0,720575940606664894|720575940607667723|720575940608140380|720575940614456332|720575940616661465|720575940617825949|720575940619245016|720575940621870886|720575940621921285|720575940622183194|720575940623122125|720575940625673964|720575940628716926|720575940630539535|720575940631180599|720575940631719417|720575940633178508|720575940645864739
877,0.877000,31,0,0,2,720575940604735660|720575940604737708|720575940606039241|720575940609957315|720575940610588565|720575940611439473|720575940612603289|720575940614067921|720575940617313841|720575940618635072|720575940619077255|720575940619548799|720575940619681006|720575940620065694|720575940621589887|720575940622303446|720575940623302988|720575940623673821|720575940625118096|720575940627374598|720575940627493148|720575940628694019|720575940629830700|720575940629911503|720575940630883599|720575940630931999|720575940633799787|720575940640325429|720575940640608219|720575940642262157|720575940646753412
878,0.878000,25,0,0,2,720575940609097429|720575940609713710|720575940611516586|720575940611563310|720575940612358642|720575940613588246|720575940617716893|720575940618156829|720575940619403942|720575940621426300|720575940621804159|720575940621902301|720575940623126697|720575940624685290|720575940624986919|720575940625561406|720575940625622968|720575940628446010|720575940631207388|720575940631721785|720575940632962786|720575940633573836|720575940634480820|720575940635202204|720575940641560205
879,0.879000,43,0,0,2,720575940606015154|720575940609077828|720575940610499779|720575940610621026|720575940614376615|720575940614684822|720575940615166111|720575940616651193|720575940618405848|720575940619675200|720575940619709899|720575940619754699|720575940621116807|720575940623120222|720575940623358099|720575940623758377|720575940623780583|720575940623862015|720575940624163303|720575940624206728|720575940624338068|720575940625032171|720575940625419495|720575940625779075|720575940625893507|720575940626815120|720575940627281594|720575940627293370|720575940627351543|720575940628346634|720575940628791812|720575940629377132|720575940629393207|720575940629560770|720575940630810695|720575940631142956|720575940631532396|720575940632875746|720575940633800860|720575940634172267|720575940636360811|720575940645834275|720575940648570244
880,0.880000,24,0,0,1,720575940613635737|720575940615086698|720575940616936226|720575940617649954|720575940618263365|720575940619134789|720575940619549598|720575940619676224|720575940621467212|720575940623387786|720575940623888397|720575940623889421|720575940627713284|720575940628522540|720575940628644239|720575940630098284|720575940631189817|720575940631656147|720575940632042148|720575940632212039|720575940632778051|720575940632898105|720575940635540671|720575940640205501
881,0.881000,41,0,0,3,720575940607641010|720575940607880578|720575940608188427|720575940612418991|720575940613792296|720575940614562271|720575940614570415|720575940615763573|720575940615953202|720575940619559815|720575940619766219|720575940620746478|720575940621116510|720575940622416628|720575940622584069|720575940624130253|720575940624342569|720575940624679463|720575940625741287|720575940626210536|720575940626524056|720575940626768442|720575940627497244|720575940627849515|720575940628822805|720575940629225463|720575940629502251|720575940631844300|720575940632317997|720575940633640493|720575940638225597|720575940638403928|720575940639172585|720575940640696027|720575940640851363|720575940640852056|720575940640866723|720575940642506459|720575940642897293|720575940643100301|720575940646074391
882,0.882000,29,0,0,2,720575940612734066|720575940613863731|720575940614137907|720575940615042246|720575940615526978|720575940618649936|720575940621777390|720575940622303446|720575940623302988|720575940623444044|720575940624280328|720575940624394790|720575940624449318|720575940624544748|720575940624816115|720575940625587642|720575940626445852|720575940630006636|720575940631260716|720575940631575327|720575940631714119|720575940635776760|720575940636347128|720575940636574388|720575940636635760|720575940636963806|720575940638169917|720575940640486488|720575940643551392
883,0.883000,33,0,0,1,720575940606421122|720575940606756030|720575940612185586|720575940612358642|720575940613915823|720575940614383978|720575940614730914|720575940618398533|720575940619948880|720575940620001958|720575940620346417|720575940620769133|720575940622203350|720575940623067686|720575940623141658|720575940624206472|720575940624619036|720575940626425682|720575940626662277|720575940627692565|720575940628834151|720575940629630679|720575940633308371|720575940636348152|720575940636411534|720575940639179891|720575940639505792|720575940642876320|720575940643882184|720575940647228468|720575940648564612|720575940648669060|720575940660229505
884,0.884000,28,0,0,1,720575940605807206|720575940606664894|720575940609713710|720575940610647416|720575940616821597|720575940616861697|720575940619245016|720575940621339156|720575940621504794|720575940621684358|720575940622971283|720575940623356651|720575940624915435|720575940625436170|720575940626024323|720575940626653309|720575940628319546|720575940628342171|720575940628360506|720575940628455942|720575940628695043|720575940629360459|720575940629489260|720575940631715896|720575940632539788|720575940632713759|720575940638379598|720575940646735156
885,0.885000,35,0,0,2,720575940606514878|720575940610439363|720575940611981029|720575940617078489|720575940617841437|720575940620011435|720575940620032123|720575940621393172|720575940621833054|720575940621947653|720575940622057057|720575940622516852|720575940623067389|720575940623758377|720575940624112152|720575940624681520|720575940626039996|720575940626650890|720575940626778008|720575940627321674|720575940628050950|720575940628644239|720575940628861660|720575940628896168|720575940629312300|720575940630523407|720575940631520312|720575940634748385|720575940637586751|720575940638204132|720575940639092201|720575940639556467|720575940640978048|720575940641585627|720575940645610787
886,0.886000,32,0,0,3,720575940604470240|720575940605420902|720575940606573490|720575940612677142|720575940613441320|720575940613981905|720575940614215405|720575940617306717|720575940617755220|720575940617952034|720575940620018964|720575940622158369|720575940622416628|720575940622552675|720575940623338281|720575940623478115|720575940624742158|720575940625203277|720575940625935544|720575940625970471|720575940626768442|720575940627044885|720575940628796780|720575940629461442|720575940630600775|720575940631011328|720575940631844300|720575940632722515|720575940634418021|720575940639410291|720575940651305718|720575940659773313
887,0.887000,31,0,0,2,720575940607667723|720575940608140380|720575940610205282|720575940613891442|720575940615160239|720575940615438402|720575940615612066|720575940617244347|720575940618355870|720575940619077255|720575940619409542|720575940619896711|720575940619922512|720575940621024545|720575940622303446|720575940623158601|720575940623525770|720575940623772564|720575940624402173|720575940625926693|720575940626363529|720575940627826760|720575940630046524|720575940630914245|720575940632669800|720575940632875746|720575940633631396|720575940634274458|720575940635271822|720575940642142861|720575940646183220
888,0.888000,36,0,0,1,720575940604735660|720575940609343089|720575940611428977|720575940611772514|720575940613635737|720575940615792523|720575940616370065|720575940616702465|720575940617500443|720575940620124143|720575940620346417|720575940620904614|720575940623122125|720575940623199684|720575940623302988|720575940623748789|720575940623862015|720575940624452548|720575940625345511|720575940625666964|720575940626010042|720575940626654041|720575940627281594|720575940629377132|720575940629393207|720575940630020345|720575940630968680|720575940631058280|720575940633901395|720575940634310763|720575940637293687|720575940643100301|720575940643551392|720575940644745120|720575940645864739|720575940648570244
889,0.889000,23,0,0,1,720575940606010057|720575940607982428|720575940611745429|720575940612358642|720575940614187006|720575940614368483|720575940616651193|720575940617492822|720575940617691170|720575940620537153|720575940620543025|720575940621040737|720575940621921285|720575940623322921|720575940623358099|720575940626003130|720575940628455942|720575940629512314|720575940634257890|720575940635540671|720575940636360811|720575940641263312|720575940646582836
890,0.890000,12,0,0,1,720575940609713710|720575940613303471|720575940613693382|720575940620868432|720575940621638534|720575940624130253|720575940625563623|720575940631071559|720575940631207388|720575940631293202|720575940633062335|720575940644751652
891,0.891000,21,0,0,1,720575940611719378|720575940616055858|720575940621116807|720575940621712990|720575940621814911|720575940622770410|720575940622998627|720575940623260201|720575940623387786|720575940624231143|720575940624313406|720575940624850434|720575940625779075|720575940627820806|720575940628644239|720575940628697538|720575940629969111|720575940631282194|720575940633156377|720575940635170484|720575940637308605
892,0.892000,31,0,0,3,720575940605780140|720575940609592270|720575940610941906|720575940611439473|720575940611563310|720575940611982997|720575940614087219|720575940615210975|720575940616507865|720575940616762585|720575940617110028|720575940617532089|720575940618931846|720575940619863125|720575940622303446|720575940622416628|720575940623120222|720575940623432918|720575940623758377|720575940624206728|720575940624280328|720575940624394790|720575940626051514|720575940627790991|720575940629592143|720575940630204827|720575940630372982|720575940631142956|720575940637711686|720575940640039040|720575940645676579
893,0.893000,41,0,0,1,720575940605032550|720575940606664894|720575940611090244|720575940613863731|720575940614403178|720575940614456332|720575940617749538|720575940620061793|720575940621018977|720575940621038294|720575940623067686|720575940623096870|720575940623201833|720575940623673821|720575940626848275|720575940627635441|720575940627849515|720575940627946512|720575940628346634|720575940628375306|720575940628694019|720575940629560770|720575940630202267|720575940631043139|720575940631189817|720575940631575327|720575940631844300|720575940631865228|720575940632307025|720575940632380216|720575940632524559|720575940633984851|720575940634168928|720575940634708705|720575940635492276|720575940636574388|720575940636970096|720575940637210334|720575940642506459|720575940647081860|720575940648606340
894,0.894000,30,0,0,1,720575940606421122|720575940610209378|720575940611516586|720575940613258994|720575940613771798|720575940616285151|720575940617071372|720575940621226405|720575940622309726|720575940623764007|720575940623862015|720575940623889421|720575940624885250|720575940625489160|720575940627731206|720575940629377132|720575940629393207|720575940630247418|720575940630644727|720575940631584876|720575940632042148|720575940632189900|720575940632875746|720575940633640493|720575940635932590|720575940636348152|720575940638677411|720575940639417432|720575940640578931|720575940642262157
895,0.895000,34,0,0,2,720575940604737708|720575940608188427|720575940609713710|720575940613081250|720575940613463471|720575940613981905|720575940614137907|720575940615953202|720575940616471052|720575940616651193|720575940618130625|720575940619155995|720575940619245016|720575940620899542|720575940622147873|720575940622160705|720575940623807672|720575940624338068|720575940625419495|720575940626308697|720575940626768442|720575940627281594|720575940627312104|720575940627374598|720575940627458570|720575940627497244|720575940630539535|720575940631299602|720575940631365260|720575940636360811|720575940636963806|720575940639152361|720575940642617544|720575940646350702
896,0.896000,29,0,0,1,720575940605807206|720575940606756030|720575940612358642|720575940615042246|720575940618332757|720575940618398533|720575940618405848|720575940618678045|720575940621589887|720575940621684358|720575940621716835|720575940624449318|720575940625952755|720575940626199429|720575940626741552|720575940627357457|720575940627447068|720575940628695043|720575940629911503|720575940631313721|720575940633901395|720575940635540671|720575940637586751|720575940638633806|720575940639179891|720575940640178640|720575940644022551|720575940647291427|720575940660052865
897,0.897000,23,0,0,4,720575940604470240|720575940606046892|720575940612734066|720575940613636325|720575940615526978|720575940618936710|720575940621640363|720575940621777390|720575940622303446|720575940622416628|720575940623067389|720575940623758377|720575940624130253|720575940624342825|720575940628644239|720575940629502251|720575940629702905|720575940638874202|720575940640420174|720575940640486488|720575940641560205|720575940642193549|720575940646074391
898,0.898000,21,0,0,1,720575940605379506|720575940611207922|720575940614461014|720575940617716893|720575940619676224|720575940621367572|720575940623302988|720575940623618708|720575940623691619|720575940624534972|720575940625203277|720575940627053861|720575940628861188|720575940628910956|720575940629426025|720575940632126860|720575940632651219|720575940633488153|720575940635771316|720575940639542691|720575940643100301
899,0.899000,20,0,0,2,720575940606453769|720575940608368818|720575940609341809|720575940613441320|720575940614230499|720575940615413435|720575940620759841|720575940621689727|720575940623444044|720575940625436170|720575940629910636|720575940631309866|720575940631714119|720575940631844300|720575940632778051|720575940632875746|720575940634113687|720575940635146848|720575940645834275|720575940655842465
900,0.900000,20,0,0,0,720575940603012832|720575940605028017|720575940608140380|720575940610439363|720575940613537686|720575940613635737|720575940615631266|720575940620746478|720575940621393172|720575940621426300|720575940622066390|720575940626039996|720575940628120337|720575940628319546|720575940628706325|720575940629630679|720575940630006636|720575940630161980|720575940636360811|720575940645864739
901,0.901000,22,0,0,1,720575940605007206|720575940605658033|720575940607982428|720575940613490841|720575940613915823|720575940615160239|720575940619077255|720575940619134789|720575940620001360|720575940621814911|720575940624394790|720575940626433881|720575940626768442|720575940626815120|720575940627044885|720575940627281594|720575940627826760|720575940629377132|720575940629393207|720575940634388927|720575940634748385|720575940636347128
902,0.902000,19,0,0,4,720575940605420902|720575940609713710|720575940611108676|720575940612868757|720575940619559815|720575940621270042|720575940622303446|720575940622416628|720575940623758377|720575940623862015|720575940625779075|720575940628342171|720575940629961219|720575940631985349|720575940636635760|720575940637126007|720575940639432782|720575940640788725|720575940644494752
903,0.903000,17,0,0,2,720575940612358642|720575940613154582|720575940618089541|720575940618355870|720575940620881524|720575940623322921|720575940623553260|720575940624876889|720575940628644239|720575940629225463|720575940630135084|720575940636411534|720575940637635305|720575940638027497|720575940638204132|720575940639404416|720575940644306592
904,0.904000,10,0,0,1,720575940616821597|720575940617672920|720575940624402173|720575940625691372|720575940630444625|720575940630810695|720575940632042148|720575940632795532|720575940632875746|720575940640325429
905,0.905000,20,0,0,1,720575940605777841|720575940611181518|720575940611439473|720575940620001958|720575940621170526|720575940621978117|720575940622550089|720575940622995082|720575940623897955|720575940624206472|720575940626879505|720575940631283512|720575940631844300|720575940632440220|720575940633631396|720575940635404724|720575940635932590|720575940639410291|720575940640178640|720575940640652752
906,0.906000,18,0,0,2,720575940612308963|720575940614383978|720575940620028513|720575940620912987|720575940623302988|720575940623387786|720575940625673964|720575940626279486|720575940626768442|720575940626859080|720575940628455942|720575940629502251|720575940630025528|720575940630372982|720575940631520312|720575940632539788|720575940633800860|720575940637586751
907,0.907000,20,0,0,3,720575940604735660|720575940606421122|720575940608188427|720575940609713710|720575940611811704|720575940618649936|720575940620380449|720575940621335167|720575940622303446|720575940622416628|720575940623358099|720575940625186250|720575940625345511|720575940625563623|720575940627234069|720575940628454202|720575940632825913|720575940636360811|720575940638633806|720575940644791918
908,0.908000,17,0,0,1,720575940604737708|720575940617313841|720575940619681006|720575940620868432|720575940622552675|720575940623758377|720575940627253604|720575940627706398|720575940628822805|720575940629327659|720575940632407826|720575940635540671|720575940635831438|720575940637535077|720575940639209956|720575940640436814|720575940646753412
909,0.909000,21,0,0,0,720575940606222014|720575940609343089|720575940609592270|720575940611516586|720575940613891442|720575940620124143|720575940620129694|720575940621024545|720575940621804159|720575940622540899|720575940624130253|720575940624193279|720575940624449318|720575940624986919|720575940627293370|720575940628494695|720575940628789626|720575940631719417|720575940632102564|720575940634257890|720575940644492055
910,0.910000,33,0,0,3,720575940606664894|720575940608345778|720575940609097429|720575940614775592|720575940616861697|720575940618635072|720575940618746491|720575940619322221|720575940619636615|720575940621684358|720575940622828056|720575940623432918|720575940623650823|720575940624163303|720575940625587642|720575940625622968|720575940625935544|720575940626363529|720575940628352850|720575940628644239|720575940628695043|720575940629461442|720575940629468716|720575940629560770|720575940631189817|720575940631844300|720575940632875746|720575940634407520|720575940636348152|720575940636963806|720575940639092201|720575940639124029|720575940643100301
911,0.911000,33,0,0,2,720575940605607392|720575940605780140|720575940606391218|720575940606436384|720575940609282825|720575940612358642|720575940613193642|720575940613792296|720575940614562271|720575940616486230|720575940617755220|720575940618658974|720575940618995541|720575940620481240|720575940620746478|720575940622160705|720575940623122125|720575940623618708|720575940623862015|720575940624619036|720575940625871408|720575940626768442|720575940627605779|720575940628446010|720575940628910956|720575940629229020|720575940631097462|720575940631656147|720575940631715896|720575940632777320|720575940636992368|720575940648570244|720575940660217985
912,0.912000,23,0,0,2,720575940605807206|720575940606573490|720575940607982428|720575940613863731|720575940617054237|720575940620011435|720575940620943969|720575940621777390|720575940621814911|720575940621833054|720575940622303446|720575940623302988|720575940624113993|720575940626044942|720575940626873160|720575940627281594|720575940627351543|720575940629377132|720575940629393207|720575940629963068|720575940630098284|720575940634545890|720575940635970190
913,0.913000,13,0,0,1,720575940614137907|720575940619245016|720575940619922512|720575940621589887|720575940623000858|720575940623758377|720575940626115134|720575940628346634|720575940628694019|720575940631714119|720575940632795532|720575940635249332|720575940636360811
914,0.914000,20,0,0,2,720575940604653484|720575940608140380|720575940609713710|720575940613635737|720575940619948880|720575940620537153|720575940622416628|720575940623955637|720575940624450342|720575940624452548|720575940625352852|720575940627493148|720575940627820806|720575940627849515|720575940628876292|720575940628896168|720575940631142956|720575940633178508|720575940640486488|720575940645990935
915,0.915000,16,0,0,0,720575940613771798|720575940614441834|720575940614456332|720575940615953202|720575940619134789|720575940623067686|720575940624313406|720575940624394790|720575940627129290|720575940628132745|720575940630046524|720575940632189900|720575940632962786|720575940642262157|720575940642506459|720575940643100301
916,0.916000,29,0,0,1,720575940607667723|720575940613517991|720575940615160239|720575940615526978|720575940615792523|720575940617013554|720575940618398533|720575940619549598|720575940623748789|720575940624742158|720575940624885250|720575940628861660|720575940629327659|720575940629821740|720575940631058280|720575940631207388|720575940631575327|720575940631844300|720575940633901395|720575940634274458|720575940635170484|720575940636347128|720575940637210334|720575940637535077|720575940637586751|720575940640372021|720575940642354120|720575940642876320|720575940646074391
917,0.917000,20,0,0,1,720575940604470240|720575940612281586|720575940612358642|720575940612943539|720575940616651193|720575940616661465|720575940620983902|720575940621716835|720575940622057057|720575940622998627|720575940623067389|720575940624449318|720575940626162890|720575940627096957|720575940627731206|720575940628357714|720575940629225463|720575940631180599|720575940632713759|720575940648669060
918,0.918000,24,0,0,3,720575940606421122|720575940610621026|720575940613303471|720575940618332757|720575940621174337|720575940622516852|720575940623302988|720575940623358099|720575940623673821|720575940624231143|720575940625253193|720575940625587642|720575940626111619|720575940626768442|720575940627044885|720575940627458570|720575940628644239|720575940629426025|720575940629701737|720575940631532396|720575940635540671|720575940639179891|720575940643112333|720575940643551392
919,0.919000,21,0,0,1,720575940608074370|720575940615429118|720575940621684358|720575940622303446|720575940623025413|720575940623276988|720575940623553260|720575940624376456|720575940624986919|720575940625118096|720575940625203277|720575940625336464|720575940626039996|720575940628455942|720575940629910636|720575940630006636|720575940633640493|720575940634172267|720575940636360811|720575940640325429|720575940645834275
920,0.920000,13,0,0,1,720575940610653462|720575940612868757|720575940620899542|720575940621024545|720575940621393172|720575940623758377|720575940624681520|720575940625779075|720575940633315263|720575940633631396|720575940633800860|720575940634748385|720575940660052865
921,0.921000,19,0,0,2,720575940605074278|720575940609713710|720575940611206514|720575940613891442|720575940614570415|720575940615948610|720575940618089541|720575940618263365|720575940622132545|720575940623387786|720575940625436170|720575940628375306|720575940629630679|720575940630548035|720575940631844300|720575940636963806|720575940637071849|720575940637308605|720575940645676579
922,0.922000,26,0,0,3,720575940606756030|720575940610822513|720575940612358642|720575940619701231|720575940620571953|720575940621201833|720575940622416628|720575940623444044|720575940623460872|720575940623718119|720575940623772564|720575940624816115|720575940625827358|720575940627826760|720575940628038808|720575940628238217|720575940629437545|720575940629459718|720575940630931999|720575940631319084|720575940632807193|720575940632875746|720575940633062335|720575940633116256|720575940638677411|720575940639092201
923,0.923000,23,0,0,1,720575940611428977|720575940612734066|720575940612766515|720575940615296766|720575940616507865|720575940617492822|720575940617825949|720575940619754699|720575940620868432|720575940621367572|720575940624130253|720575940626768442|720575940628342171|720575940629911503|720575940632059193|720575940633156377|720575940633308371|720575940633984851|720575940636348152|720575940636411534|720575940640864675|720575940645864739|720575940647755641
924,0.924000,29,0,1,1,720575940608098261|720575940610205282|720575940612308963|720575940613636325|720575940615755147|720575940616370065|720575940619155995|720575940619245016|720575940619896711|720575940621116807|720575940621947653|720575940622945037|720575940623302988|720575940623322921|720575940623862015|720575940624163303|720575940624452902|720575940625345511|720575940625558730|720575940629377132|720575940629393207|720575940629975516|720575940630046524|720575940630539535|720575940631313721|720575940634428058|720575940638169917|720575940645693988|720575940646364014
925,0.925000,21,0,0,2,720575940606222014|720575940607982428|720575940608140380|720575940613693382|720575940616651193|720575940621457690|720575940622303446|720575940622518197|720575940625587642|720575940627281594|720575940628644239|720575940628908548|720575940629683500|720575940630020345|720575940630372982|720575940631306284|720575940631520312|720575940634274458|720575940636997744|720575940639542691|720575940640852056
926,0.926000,27,0,0,2,720575940606664894|720575940609341809|720575940609713710|720575940613915823|720575940615084339|720575940616702465|720575940616821597|720575940618355870|720575940620746478|720575940621814911|720575940623358099|720575940623499132|720575940623758377|720575940623888397|720575940626524056|720575940627706398|720575940628695043|720575940631405997|720575940631842360|720575940632042148|720575940632472850|720575940636360811|720575940637689486|720575940638633806|720575940639209956|720575940642506459|720575940644751652
927,0.927000,31,0,1,2,720575940605007206|720575940605807206|720575940608545219|720575940612358642|720575940613635737|720575940613863731|720575940617110028|720575940617672226|720575940619134789|720575940619487425|720575940619709899|720575940622516852|720575940623889421|720575940624112152|720575940624394790|720575940624876889|720575940625673964|720575940626363529|720575940626813010|720575940628446010|720575940628455942|720575940628494695|720575940629225463|720575940629513222|720575940630247418|720575940631043139|720575940631844300|720575940635540671|720575940636635760|720575940638720233|720575940640578931
928,0.928000,19,0,0,1,720575940604735660|720575940611563310|720575940613981905|720575940615410107|720575940616762585|720575940617841437|720575940621684358|720575940622203350|720575940622865084|720575940623158601|720575940624280328|720575940625419495|720575940628346634|720575940630968680|720575940631142956|720575940632875746|720575940639505792|720575940646735156|720575940647081860
929,0.929000,23,0,0,2,720575940611439473|720575940617649954|720575940619559815|720575940620124143|720575940621519130|720575940623122125|720575940623126697|720575940623302988|720575940624206472|720575940625561406|720575940625935544|720575940626768442|720575940626778008|720575940627849515|720575940628285634|720575940629041879|720575940631207388|720575940632440220|720575940634139799|720575940635776760|720575940637586751|720575940640486488|720575940646753412
930,0.930000,27,0,0,1,720575940604009952|720575940611516586|720575940613771798|720575940613792296|720575940616861697|720575940618649936|720575940618930737|720575940621589887|720575940621777390|720575940622416628|720575940623067686|720575940624338068|720575940624679463|720575940626111619|720575940628791812|720575940630046524|720575940631260716|720575940631714119|720575940632126860|720575940632722515|720575940633901395|720575940637210334|720575940639432782|720575940640205501|720575940643100301|720575940648564612|720575940648570244
931,0.931000,39,0,0,2,720575940604737708|720575940606421122|720575940609713710|720575940611735514|720575940614137907|720575940615953202|720575940617500443|720575940619676224|720575940619754699|720575940620346417|720575940620904614|720575940621716835|720575940621833054|720575940622584069|720575940623356651|720575940623862015|720575940624250405|720575940624449318|720575940624619036|720575940624885250|720575940624915435|720575940625741287|720575940625779075|720575940626010042|720575940626425682|720575940626650890|720575940627281594|720575940627635441|720575940628644239|720575940628706325|720575940629377132|720575940629393207|720575940633953434|720575940634274458|720575940635271822|720575940636360811|720575940643551392|720575940644791918|720575940655842465
932,0.932000,41,0,0,3,720575940605028017|720575940606573490|720575940608140380|720575940610439363|720575940613081250|720575940613258994|720575940614376615|720575940614456332|720575940615160239|720575940615526978|720575940616651193|720575940616936226|720575940617306717|720575940617716893|720575940618635072|720575940619245016|720575940621018977|720575940622183194|720575940622303446|720575940623758377|720575940624095172|720575940624685290|720575940624986919|720575940625666964|720575940626815120|720575940628455942|720575940628522540|720575940628896168|720575940628910956|720575940629489260|720575940631844300|720575940635771316|720575940636348152|720575940636963806|720575940637711686|720575940639179891|720575940640039040|720575940640788725|720575940645864739|720575940646074391|720575940648606340
933,0.933000,32,0,0,0,720575940605420902|720575940606039241|720575940606756030|720575940611982997|720575940613588246|720575940614215405|720575940614562271|720575940614789791|720575940616285151|720575940617755220|720575940618398533|720575940619549598|720575940619675200|720575940620061793|720575940620402345|720575940621116807|720575940621638534|720575940622971283|720575940623067389|720575940623387786|720575940624206728|720575940624544748|720575940625563623|720575940626662277|720575940627293370|720575940629512314|720575940636574388|720575940638379598|720575940639410291|720575940640652752|720575940642894628|720575940646183220
934,0.934000,34,0,0,2,720575940606010057|720575940606391218|720575940609343089|720575940613463471|720575940614461014|720575940614570415|720575940616575557|720575940618405848|720575940619077255|720575940619766219|720575940620011435|720575940621038294|720575940621640363|720575940623302988|720575940623322921|720575940623673821|720575940624130253|720575940625203277|720575940627053861|720575940628197392|720575940631058280|720575940631365260|720575940631575327|720575940631847763|720575940632875746|720575940633573836|720575940636347128|720575940636411534|720575940638204132|720575940639092201|720575940640851363|720575940641546715|720575940642262157|720575940644306592
935,0.935000,35,0,0,2,720575940608074370|720575940612734066|720575940613635737|720575940614730914|720575940617313841|720575940617672920|720575940617952034|720575940618678045|720575940619922512|720575940620065694|720575940620759841|720575940622416628|720575940622770410|720575940624394790|720575940624402173|720575940624452548|720575940625048250|720575940625489160|720575940626051514|720575940626555440|720575940626694288|720575940626768442|720575940627980955|720575940628050950|720575940628695043|720575940630006636|720575940630135084|720575940631097462|720575940632307025|720575940635170484|720575940635404724|720575940635464343|720575940635540671|720575940635932590|720575940647291427
936,0.936000,30,0,0,0,720575940609284728|720575940610941906|720575940612943539|720575940613891442|720575940615084339|720575940615792523|720575940617054237|720575940618886449|720575940620252075|720575940620431798|720575940621393172|720575940621814911|720575940625436170|720575940626039996|720575940628016387|720575940628694019|720575940628697538|720575940628834151|720575940629123454|720575940629502251|720575940630020345|720575940630190411|720575940633156377|720575940633308371|720575940633631396|720575940635970190|720575940640178640|720575940643100301|720575940643551392|720575940647081860
937,0.937000,29,0,0,3,720575940605607392|720575940609713710|720575940610209378|720575940612358642|720575940614368483|720575940614979634|720575940616581535|720575940617493460|720575940618089541|720575940618156829|720575940621766938|720575940623862015|720575940624163303|720575940624534972|720575940627493148|720575940627497244|720575940628120337|720575940628644239|720575940629229020|720575940630539535|720575940631147335|720575940632777320|720575940634480820|720575940636360811|720575940637210334|720575940638664355|720575940641560205|720575940648669060|720575940650813686
938,0.938000,30,0,0,1,720575940605032550|720575940606664894|720575940607982428|720575940608188427|720575940611811704|720575940613193642|720575940613303471|720575940613441320|720575940615210975|720575940615413435|720575940616651193|720575940616823862|720575940618936710|720575940619134789|720575940620231590|720575940620868432|720575940621921285|720575940623758377|720575940625952755|720575940626044942|720575940626867530|720575940627281594|720575940628861660|720575940631309866|720575940632042148|720575940632962786|720575940637586751|720575940638403928|720575940642624987|720575940646350702
939,0.939000,28,0,0,2,720575940604470240|720575940607667723|720575940612185586|720575940612677142|720575940616167730|720575940619709899|720575940620346417|720575940620912987|720575940621712990|720575940623088309|720575940623338281|720575940624677303|720575940624742158|720575940624816115|720575940625779075|720575940625871408|720575940627458570|720575940627713284|720575940628375306|720575940628876292|720575940629560770|720575940631142956|720575940631189817|720575940631844300|720575940632875746|720575940639152361|720575940643919908|720575940644745120
940,0.940000,30,0,0,2,720575940606679142|720575940609592270|720575940611719378|720575940611813842|720575940612143075|720575940619675200|720575940619754699|720575940620032123|720575940621673852|720575940622303446|720575940623067686|720575940623096870|720575940623153788|720575940623302988|720575940623748789|720575940625419495|720575940626199429|720575940626705937|720575940626778008|720575940627044885|720575940627924227|720575940630202267|720575940630914245|720575940631656147|720575940633518176|720575940642506459|720575940644494752|720575940645676579|720575940645834275|720575940648570244
941,0.941000,48,0,0,1,720575940604731838|720575940606421122|720575940611108676|720575940611439473|720575940612868757|720575940614441834|720575940615042246|720575940618130625|720575940619548799|720575940619636615|720575940620124143|720575940620718318|720575940622203350|720575940622998627|720575940623358099|720575940623432918|720575940623618708|720575940623807672|720575940624313406|720575940625552412|720575940625691372|720575940625926693|720575940626741552|720575940626768442|720575940626848275|720575940626859080|720575940627312104|720575940627351543|720575940628356102|720575940628796780|720575940629225463|720575940629263888|720575940629489260|720575940629630679|720575940629702905|720575940630810695|720575940631299602|720575940632524559|720575940632778051|720575940632809683|720575940633640493|720575940633901395|720575940635146848|720575940636347128|720575940636348152|720575940636963806|720575940640578931|720575940640851363
942,0.942000,31,0,0,3,720575940605007206|720575940605807206|720575940608368818|720575940612358642|720575940615953202|720575940620543025|720575940621684358|720575940622160705|720575940622416628|720575940623141658|720575940623478115|720575940623553260|720575940624100075|720575940624206472|720575940626308697|720575940627357457|720575940627706398|720575940627731206|720575940627826760|720575940628319546|720575940628455942|720575940628644239|720575940629377132|720575940630247418|720575940630480459|720575940630883599|720575940631011328|720575940636360811|720575940639124029|720575940639209956|720575940643829704
943,0.943000,23,0,0,1,720575940610205282|720575940610562969|720575940611981029|720575940612724195|720575940619559815|720575940620983902|720575940621426300|720575940621519130|720575940623067389|720575940623758377|720575940624231143|720575940626537008|720575940628706325|720575940629393207|720575940629763575|720575940629910636|720575940631673484|720575940631714119|720575940631719417|720575940633800860|720575940638633806|720575940640436814|720575940644791918
944,0.944000,38,0,0,0,720575940604009952|720575940611516586|720575940611563310|720575940612395178|720575940615429118|720575940616055858|720575940616661465|720575940617825949|720575940618263365|720575940619245016|720575940620001360|720575940620001958|720575940620889936|720575940621018977|720575940621170526|720575940621174337|720575940621367572|720575940621775130|720575940622552675|720575940622584069|720575940622945037|720575940623025413|720575940623122125|720575940623202633|720575940624449318|720575940625186250|720575940627253604|720575940627432680|720575940627946512|720575940629426025|720575940629911503|720575940631520312|720575940632527683|720575940632539788|720575940635540671|720575940639007395|720575940642193549|720575940655842465
945,0.945000,25,0,0,1,720575940606046892|720575940609713710|720575940610649208|720575940618355870|720575940621201833|720575940622516852|720575940624130253|720575940624394790|720575940624951847|720575940626363529|720575940627849515|720575940628237705|720575940630372982|720575940632212039|720575940632317997|720575940633940947|720575940634168928|720575940636411534|720575940636635760|720575940637535077|720575940638677411|720575940639505792|720575940640486488|720575940642262157|720575940644751652
946,0.946000,35,0,0,2,720575940608140380|720575940613635737|720575940613863731|720575940613891442|720575940614187006|720575940614412906|720575940617244347|720575940618931846|720575940619077255|720575940619549598|720575940619701231|720575940621024545|720575940621277445|720575940622048862|720575940624619036|720575940624681520|720575940624986919|720575940625203277|720575940625345511|720575940626694288|720575940628346634|720575940628694019|720575940629437545|720575940629461442|720575940629969111|720575940631844300|720575940631865228|720575940632380216|720575940632875746|720575940633631396|720575940634113687|720575940635517876|720575940643100301|720575940643551392|720575940646074391
947,0.947000,41,0,0,4,720575940609341809|720575940610621026|720575940613792296|720575940613915823|720575940614456332|720575940615018463|720575940615526978|720575940616507865|720575940616651193|720575940616821597|720575940616861697|720575940617054237|720575940618332757|720575940619637185|720575940619759750|720575940619792916|720575940619875060|720575940620346417|720575940620899542|720575940620943969|720575940621902301|720575940621978117|720575940622303446|720575940622416628|720575940623302988|720575940623322921|720575940623387786|720575940623847728|720575940623862015|720575940623862989|720575940626768442|720575940627281594|720575940629229020|720575940629488902|720575940630006636|720575940630539535|720575940631532396|720575940632042148|720575940637210334|720575940642876320|720575940648564612
948,0.948000,33,0,0,1,720575940606453769|720575940607667723|720575940607689394|720575940608188427|720575940609979285|720575940616603793|720575940617013554|720575940617671896|720575940619134789|720575940619155995|720575940620537153|720575940620746478|720575940621833054|720575940622158369|720575940623059443|720575940623260201|720575940623758377|720575940625118096|720575940625622968|720575940625673964|720575940626567178|720575940628429979|720575940629377132|720575940629502251|720575940629908540|720575940629952300|720575940631876577|720575940632032460|720575940632059193|720575940638225597|720575940640178640|720575940643467886|720575940645864739
949,0.949000,21,0,0,2,720575940604372070|720575940611332325|720575940612358642|720575940615084339|720575940615612066|720575940616762585|720575940618649936|720575940620123631|720575940621814911|720575940623120222|720575940623764007|720575940624193279|720575940626044942|720575940627374598|720575940628342171|720575940628642576|720575940628644239|720575940629225463|720575940629870843|720575940634388927|720575940660052865
950,0.950000,27,0,0,0,720575940605777841|720575940608098261|720575940611354597|720575940611563310|720575940614019379|720575940614461014|720575940615954833|720575940616370065|720575940619211361|720575940620481240|720575940621176837|720575940621804159|720575940622057057|720575940624163303|720575940624885250|720575940625779075|720575940628062714|720575940628357714|720575940628822805|720575940629560770|720575940629592143|720575940632777320|720575940633156377|720575940634172267|720575940636360811|720575940637071849|720575940645693988
951,0.951000,32,0,0,1,720575940607982428|720575940610822513|720575940610995410|720575940611207922|720575940612281586|720575940612943539|720575940613981905|720575940614383978|720575940614392682|720575940614570415|720575940615348689|720575940619623407|720575940619709899|720575940620380449|720575940620689517|720575940621116807|720575940623199684|720575940623650823|720575940625587642|720575940625935544|720575940627820806|720575940628446010|720575940628796780|720575940629805950|720575940630098284|720575940631071559|720575940631844300|720575940633315263|720575940633992147|720575940634748385|720575940635932590|720575940637586751
952,0.952000,43,0,1,3,720575940604735660|720575940606664894|720575940609957315|720575940611439473|720575940612302042|720575940613303471|720575940613771798|720575940614441834|720575940615160239|720575940615755147|720575940617672226|720575940618398533|720575940619403942|720575940619409542|720575940620759841|720575940620868432|720575940621777390|720575940622416628|720575940623302988|720575940624130253|720575940624621968|720575940624850434|720575940625440019|720575940626024323|720575940626039996|720575940626555440|720575940626883816|720575940627872515|720575940628695043|720575940628910956|720575940629600630|720575940629963068|720575940629991788|720575940631207388|720575940631937042|720575940632440220|720575940632803795|720575940632875746|720575940635970190|720575940638633806|720575940639092201|720575940639542691|720575940641263312
953,0.953000,33,0,0,1,720575940605154988|720575940605583136|720575940610439363|720575940612734066|720575940613891442|720575940614137907|720575940617755220|720575940619548799|720575940621393172|720575940621403782|720575940621457690|720575940621716835|720575940622183194|720575940622303446|720575940622518197|720575940623067686|720575940623358099|720575940623673821|720575940624742158|720575940626034777|720575940627826760|720575940628455942|720575940630523407|720575940631043139|720575940631997101|720575940633356881|720575940633488153|720575940633631396|720575940639556467|720575940642142861|720575940644022551|720575940644390436|720575940647328900
954,0.954000,22,0,0,1,720575940604009952|720575940606421122|720575940606573490|720575940612868757|720575940616390261|720575940616702465|720575940616984588|720575940619428289|720575940620096238|720575940620571953|720575940620904614|720575940621684358|720575940623553260|720575940623718119|720575940623758377|720575940625741287|720575940625827358|720575940629461442|720575940630548035|720575940632795532|720575940633062335|720575940639410291
955,0.955000,20,0,2,1,720575940605074278|720575940605607392|720575940612358642|720575940619245016|720575940619549598|720575940622066390|720575940623126697|720575940623210409|720575940623444044|720575940624280328|720575940624323475|720575940624452902|720575940626654041|720575940629702905|720575940630046524|720575940631625979|720575940632104751|720575940637711686|720575940642506459|720575940654167201
956,0.956000,21,0,0,1,720575940605007206|720575940608140380|720575940610653462|720575940611563310|720575940614562271|720575940618635072|720575940619948880|720575940621640363|720575940622945037|720575940623747145|720575940624449318|720575940624876889|720575940625559908|720575940626768442|720575940627044885|720575940628791812|720575940628896168|720575940629041879|720575940632042148|720575940632472850|720575940636348152
957,0.957000,40,0,0,3,720575940605780140|720575940606756030|720575940613588246|720575940614236010|720575940614958120|720575940615221811|720575940616449465|720575940618510552|720575940619134789|720575940619487425|720575940619754699|720575940620346417|720575940621174337|720575940621947653|720575940622416628|720575940623862015|720575940625508610|720575940626813010|720575940627281594|720575940628494695|720575940628644239|720575940628834151|720575940628861660|720575940629095323|720575940629377132|720575940629393207|720575940629574082|720575940631142956|720575940632875746|720575940633640493|720575940633984851|720575940634274458|720575940636963806|720575940637308605|720575940643100301|720575940643551392|720575940644494752|720575940645834275|720575940651341558|720575940660229505
958,0.958000,29,0,1,2,720575940604737708|720575940607447491|720575940609713710|720575940610075346|720575940610588565|720575940617306717|720575940617886533|720575940619332944|720575940619845547|720575940619922512|720575940621589887|720575940623025413|720575940624338068|720575940624836124|720575940625558730|720575940626010042|720575940627924227|720575940628522540|720575940629701737|720575940631844300|720575940631985349|720575940632713759|720575940632807193|720575940632809683|720575940633573836|720575940639082318|720575940640608219|720575940640788725|720575940648570244
959,0.959000,35,0,0,2,720575940605658033|720575940609097429|720575940612549799|720575940613635737|720575940613792296|720575940614376615|720575940615084339|720575940615429118|720575940615792523|720575940619559815|720575940620179553|720575940620746478|720575940620983902|720575940622303446|720575940622552675|720575940622971283|720575940623067389|720575940623122125|720575940623302988|720575940623356651|720575940623772564|720575940626694288|720575940626815120|720575940627715870|720575940628226697|720575940628695043|720575940629630679|720575940630644727|720575940631058280|720575940631177027|720575940631520312|720575940631575327|720575940632317997|720575940636347128|720575940646074391
960,0.960000,21,0,0,0,720575940611428977|720575940611981029|720575940613863731|720575940615166111|720575940616471052|720575940617492822|720575940617649954|720575940617716893|720575940621270042|720575940621814911|720575940622584069|720575940623387786|720575940624452548|720575940627787609|720575940627849515|720575940628375306|720575940628446010|720575940629560770|720575940637586751|720575940638677411|720575940645676579
961,0.961000,21,0,0,0,720575940605420902|720575940606015154|720575940612418991|720575940616861697|720575940624313406|720575940624394790|720575940624534972|720575940624619036|720575940625419495|720575940626469909|720575940627096957|720575940628034603|720575940628352850|720575940628455942|720575940629911503|720575940633901395|720575940635540671|720575940636574388|720575940638204132|720575940642894628|720575940647228468
962,0.962000,18,0,0,1,720575940605028017|720575940608074370|720575940608188427|720575940612358642|720575940613154582|720575940613258994|720575940614456332|720575940615526978|720575940621684358|720575940622516852|720575940623322921|720575940624112152|720575940624206728|720575940627293370|720575940628319546|720575940628346634|720575940631260716|720575940631283512
963,0.963000,26,0,0,3,720575940606664894|720575940608545219|720575940613891442|720575940615953202|720575940619709899|720575940619863125|720575940620061793|720575940623758377|720575940624130253|720575940624206472|720575940625203277|720575940625779075|720575940626279486|720575940626555440|720575940626768442|720575940627406635|720575940628644239|720575940628706325|720575940629263888|720575940629312300|720575940629393207|720575940629512314|720575940631313721|720575940631842360|720575940640486488|720575940646735156
964,0.964000,27,0,0,3,720575940604731838|720575940615160239|720575940620011435|720575940620032123|720575940622183194|720575940622303446|720575940622416628|720575940622474760|720575940624402173|720575940624449318|720575940624685290|720575940624742158|720575940624915435|720575940626524056|720575940626650890|720575940627281594|720575940628320058|720575940629377132|720575940630202267|720575940631844300|720575940632102564|720575940636360811|720575940636411534|720575940642506459|720575940643100301|720575940643551392|720575940648669060
965,0.965000,24,0,0,0,720575940604470240|720575940605807206|720575940608909269|720575940610205282|720575940616651193|720575940619245016|720575940619675200|720575940620124143|720575940620402345|720575940621833054|720575940622998627|720575940623067686|720575940623862015|720575940624342825|720575940628695043|720575940628796780|720575940629225463|720575940631575327|720575940634708705|720575940636347128|720575940640864675|720575940643863496|720575940648570244|720575940651305718
966,0.966000,23,0,1,2,720575940613636325|720575940616821597|720575940617841437|720575940618355870|720575940621024545|720575940622203350|720575940623302988|720575940625845391|720575940627321674|720575940627826760|720575940628844712|720575940629489260|720575940630006636|720575940630247418|720575940630810695|720575940631745367|720575940632875746|720575940636348152|720575940636963806|720575940640178640|720575940640978048|720575940642855328|720575940645864739
967,0.967000,27,0,0,1,720575940608098261|720575940611563310|720575940612358642|720575940613915823|720575940614789791|720575940618332757|720575940618936710|720575940619134789|720575940621777390|720575940625666964|720575940626363529|720575940626778008|720575940627692565|720575940628697538|720575940629490476|720575940630968680|720575940631097462|720575940631865228|720575940632042148|720575940632539788|720575940633631396|720575940636306862|720575940639179891|720575940640578931|720575940643882184|720575940644651208|720575940648564612
968,0.968000,33,0,0,1,720575940604009952|720575940608140380|720575940611439473|720575940613303471|720575940613463471|720575940617825949|720575940620001958|720575940621116807|720575940621367572|720575940621921285|720575940623358099|720575940623387786|720575940623758377|720575940625871408|720575940627053861|720575940627497244|720575940627949589|720575940628694019|720575940629502251|720575940629616092|720575940630372982|720575940630539535|720575940630665580|720575940631309866|720575940631714119|720575940631925156|720575940632542253|720575940633156377|720575940635932590|720575940639432782|720575940639505792|720575940641560205|720575940655842465
969,0.969000,44,0,0,5,720575940609592270|720575940609713710|720575940611090244|720575940612551594|720575940613441320|720575940615413435|720575940618263365|720575940618405848|720575940619548799|720575940619766219|720575940619820368|720575940620868432|720575940621170526|720575940621393172|720575940621638534|720575940621684358|720575940621814049|720575940622156976|720575940622303446|720575940622828056|720575940623202633|720575940623780583|720575940626003130|720575940626039996|720575940626425682|720575940626768442|720575940627731206|720575940628644239|720575940629377132|720575940629393207|720575940629910636|720575940630020345|720575940631058280|720575940631103744|720575940631207388|720575940631844300|720575940634407520|720575940635146848|720575940635202204|720575940636970096|720575940638633806|720575940638874202|720575940640420174|720575940641546715
970,0.970000,33,0,1,1,720575940607982428|720575940611206514|720575940611982997|720575940612734066|720575940613635737|720575940614368483|720575940614441834|720575940618551481|720575940619077255|720575940619675200|720575940621038294|720575940622160705|720575940622416628|720575940623432918|720575940625489160|720575940625563623|720575940625779075|720575940627281594|720575940628358675|720575940628861660|720575940631319084|720575940632407826|720575940633901395|720575940637308605|720575940639092201|720575940640749939|720575940642262157|720575940643100301|720575940643551392|720575940644494752|720575940646074391|720575940646415907|720575940648606340
971,0.971000,37,0,1,0,720575940609077828|720575940613594783|720575940614137907|720575940616285151|720575940617532089|720575940617907430|720575940619155995|720575940620621190|720575940621201833|720575940621446309|720575940621716835|720575940622584069|720575940623067389|720575940623862015|720575940624449318|720575940624681520|720575940625053186|720575940625203277|720575940625479426|720575940625653223|720575940626010042|720575940626705937|720575940627820806|720575940628876292|720575940628896168|720575940629041879|720575940629763575|720575940630883599|720575940631673484|720575940632212039|720575940633170969|720575940635404724|720575940635540671|720575940638379598|720575940640652752|720575940644306592|720575940644751652
972,0.972000,34,0,0,0,720575940606139308|720575940614067921|720575940614087219|720575940614684822|720575940614775592|720575940615526978|720575940615953202|720575940617672920|720575940618398533|720575940621817326|720575940621978117|720575940622770410|720575940623120222|720575940623122125|720575940624280328|720575940625345511|720575940625440019|720575940625902266|720575940626694288|720575940627044885|720575940627849515|720575940628342171|720575940628455942|720575940629830700|720575940631299602|720575940631719417|720575940632118343|720575940632732845|720575940634113687|720575940634257890|720575940634480820|720575940636488805|720575940636635760|720575940639134835
973,0.973000,45,0,0,2,720575940606421122|720575940610167665|720575940610439363|720575940610499779|720575940610647416|720575940611207922|720575940612185586|720575940613517991|720575940613771798|720575940613981905|720575940614392682|720575940615084339|720575940617691170|720575940617917396|720575940619245016|720575940619401296|720575940621589887|720575940623088309|720575940623302988|720575940623618708|720575940624452548|720575940624803511|720575940624885250|720575940625118096|720575940625559908|720575940625622968|720575940626051514|720575940626199429|720575940626888250|720575940628346634|720575940628695043|720575940628910956|720575940629852419|720575940630190411|720575940630600775|720575940630765253|720575940631043139|720575940631142956|720575940631989841|720575940632875746|720575940633640493|720575940634748385|720575940638306101|720575940640039040|720575940642624987
974,0.974000,41,0,0,4,720575940604735660|720575940605032550|720575940606664894|720575940607667723|720575940609713710|720575940611516586|720575940611563310|720575940613891442|720575940614456332|720575940615166111|720575940616055858|720575940616449858|720575940616762585|720575940616861697|720575940618130625|720575940620718318|720575940622600319|720575940623158601|720575940623758377|720575940624430060|720575940624544748|720575940624619036|720575940625032171|720575940625436170|720575940625557893|720575940625935544|720575940627253604|720575940628050950|720575940628644239|720575940629560770|720575940630135084|720575940631011328|720575940631365260|720575940631844300|720575940632804435|720575940636360811|720575940637210334|720575940637586751|720575940642193549|720575940642506459|720575940642897293
975,0.975000,37,0,0,2,720575940606573490|720575940606865330|720575940608188427|720575940613863731|720575940615086698|720575940617244347|720575940617573922|720575940617577702|720575940619134789|720575940619896711|720575940620232875|720575940621503220|720575940621595888|720575940622057057|720575940622303446|720575940622416628|720575940623067686|720575940623260201|720575940623322921|720575940624231143|720575940625587642|720575940625691372|720575940625952755|720575940626555184|720575940626778008|720575940628706325|720575940628716926|720575940629961219|720575940631656147|720575940634441102|720575940636651376|720575940637293687|720575940638204132|720575940641263312|720575940647228468|720575940648570244|720575940651425782
976,0.976000,32,0,0,0,720575940606756030|720575940609343089|720575940612677142|720575940613792296|720575940615612066|720575940616370065|720575940616649845|720575940616651193|720575940617952034|720575940620327003|720575940620543025|720575940620759841|720575940620904614|720575940621018977|720575940622257544|720575940624130253|720575940624394790|720575940626308697|720575940626654041|720575940627826760|720575940628861188|720575940629489260|720575940629821740|720575940630914245|720575940631147335|720575940631282194|720575940631511912|720575940632059193|720575940634388927|720575940639542691|720575940640788725|720575940642549467
977,0.977000,28,0,0,0,720575940605583136|720575940606039241|720575940611108676|720575940611439473|720575940616471052|720575940617649954|720575940619675200|720575940623478115|720575940623503318|720575940623862015|720575940624100075|720575940625779075|720575940626524056|720575940627053861|720575940627281594|720575940627497244|720575940627872515|720575940628695056|720575940629225463|720575940629377132|720575940629393207|720575940629911503|720575940632042148|720575940632189900|720575940632317997|720575940638633806|720575940644745120|720575940646735156
978,0.978000,35,0,0,2,720575940605007206|720575940606046892|720575940611813842|720575940612358642|720575940614230499|720575940615160239|720575940616507865|720575940616661465|720575940616702465|720575940617110028|720575940617313841|720575940617749538|720575940617755220|720575940620124143|720575940622971283|720575940623096870|720575940623199684|720575940623338281|720575940624206472|720575940624338068|720575940625558730|720575940626662277|720575940626741552|720575940626768442|720575940626815120|720575940628210887|720575940628455942|720575940631575327|720575940633631396|720575940634172267|720575940636347128|720575940636348152|720575940638650483|720575940640942837|720575940648669060
979,0.979000,43,0,0,2,720575940605420902|720575940605807206|720575940606453769|720575940608140380|720575940610562969|720575940613081250|720575940613301477|720575940615770369|720575940619922512|720575940620018964|720575940621277445|720575940621684358|720575940621814911|720575940621902301|720575940623387786|720575940623553260|720575940623673821|720575940623758377|720575940624206728|720575940625673964|720575940625893507|720575940626039996|720575940626650890|720575940627635441|720575940628319546|720575940628602471|720575940628822805|720575940629714704|720575940630046524|720575940631260716|720575940631293202|720575940631937042|720575940632875746|720575940633062335|720575940634274458|720575940635540671|720575940636963806|720575940637274852|720575940643100301|720575940645676579|720575940645834275|720575940645864739|720575940646183220
980,0.980000,44,0,0,3,720575940609097429|720575940609713710|720575940611428977|720575940611735514|720575940611811704|720575940614187006|720575940614815199|720575940617306717|720575940619245016|720575940619670352|720575940619676224|720575940619759750|720575940620001958|720575940620011435|720575940621226405|720575940621393172|720575940621457690|720575940621712990|720575940622552675|720575940622855629|720575940623067389|720575940623358099|720575940623847728|720575940625419495|720575940626024323|720575940626694288|720575940627068772|720575940628360506|720575940628644239|720575940630810486|720575940631844300|720575940632778051|720575940633156377|720575940633901395|720575940634748385|720575940635932590|720575940636360811|720575940636574388|720575940637535077|720575940637711686|720575940640486488|720575940643551392|720575940643882184|720575940655013281
981,0.981000,26,0,0,2,720575940605028017|720575940605379506|720575940607447491|720575940611719378|720575940613258994|720575940613693382|720575940618807454|720575940620983902|720575940622303446|720575940622473292|720575940623201833|720575940623302988|720575940623889421|720575940624449318|720575940624742158|720575940625336464|720575940625810324|720575940627790991|720575940628285634|720575940628695043|720575940629327659|720575940632651219|720575940635517876|720575940639152361|720575940639556467|720575940640178640
982,0.982000,40,0,0,1,720575940604737708|720575940612734066|720575940612868757|720575940613635737|720575940614376615|720575940614383978|720575940614461014|720575940617492822|720575940619559815|720575940620346417|720575940620868432|720575940621038294|720575940621426300|720575940621777390|720575940621833054|720575940622416628|720575940623356651|720575940625203277|720575940627374598|720575940627980955|720575940629630679|720575940629908540|720575940630020345|720575940630202267|720575940630968680|720575940631520312|720575940632380216|720575940633740196|720575940633800860|720575940633992346|720575940635362460|720575940638225597|720575940639179891|720575940639404416|720575940639410291|720575940640578931|720575940640978048|720575940642506459|720575940646074391|720575940660052865
983,0.983000,29,0,0,0,720575940605780140|720575940608909269|720575940610941906|720575940612921746|720575940613441320|720575940613981905|720575940618931846|720575940619134789|720575940621921285|720575940622343094|720575940623618708|720575940623807672|720575940623862015|720575940625741287|720575940626034777|720575940626813010|720575940628118159|720575940628891396|720575940629502251|720575940629836343|720575940629910636|720575940629963068|720575940630354169|720575940630539535|720575940630868281|720575940638027497|720575940642142861|720575940642617544|720575940646582836
984,0.984000,38,0,0,2,720575940606421122|720575940606664894|720575940610205282|720575940612033253|720575940613303471|720575940614403178|720575940615763573|720575940616651193|720575940619681006|720575940619754699|720575940620537153|720575940621467212|720575940621589887|720575940623067686|720575940623748789|720575940623758377|720575940623764007|720575940623897955|720575940627281594|720575940627312104|720575940627447068|720575940627849515|720575940628342171|720575940628446010|720575940628694019|720575940629377132|720575940629393207|720575940629512314|720575940629607273|720575940630444625|720575940630523407|720575940630810695|720575940631142956|720575940631997101|720575940632875746|720575940636069348|720575940639710883|720575940648570244
985,0.985000,25,0,0,3,720575940607982428|720575940611181518|720575940612358642|720575940613490841|720575940614562271|720575940615792523|720575940616918843|720575940619237985|720575940620899542|720575940624313406|720575940624452548|720575940624534972|720575940625779075|720575940626010042|720575940626768442|720575940627458570|720575940628003739|720575940628896168|720575940629336631|720575940629855787|720575940631058280|720575940631714119|720575940631844300|720575940638677411|720575940640228661
986,0.986000,42,0,0,3,720575940604009952|720575940606564482|720575940608074370|720575940609713710|720575940610075346|720575940611516586|720575940612302042|720575940615526978|720575940615953202|720575940617716893|720575940618089541|720575940618635072|720575940618649936|720575940619077255|720575940620657857|720575940620774388|720575940621012289|720575940622303446|720575940622910989|720575940624130253|720575940624334012|720575940626363529|720575940626693130|720575940628455942|720575940628494695|720575940628644239|720575940629766615|720575940629969111|720575940630025528|720575940630622250|720575940631097462|720575940631575327|720575940633308371|720575940633640493|720575940634113687|720575940634168928|720575940635540671|720575940636347128|720575940636360811|720575940637586751|720575940639417432|720575940643551392
987,0.987000,30,0,0,1,720575940607667723|720575940611439473|720575940611563310|720575940613798142|720575940614441834|720575940615221811|720575940617825949|720575940620028513|720575940620746478|720575940622400648|720575940622416628|720575940623157996|720575940623182847|720575940623322921|720575940623387786|720575940624685290|720575940624915435|720575940626022074|720575940626620568|720575940627731206|720575940630006636|720575940631207388|720575940631705130|720575940633771033|720575940635492276|720575940636348152|720575940638989894|720575940640763507|720575940643919908|720575940647328900
988,0.988000,21,0,0,1,720575940614087219|720575940616575557|720575940617236667|720575940619245016|720575940619709899|720575940621684358|720575940623302988|720575940624449318|720575940625766842|720575940627234069|720575940627826760|720575940627899900|720575940628789626|720575940632042148|720575940632539788|720575940633631396|720575940635831438|720575940636411534|720575940638633806|720575940644492055|720575940648564612
989,0.989000,30,0,0,0,720575940606436384|720575940610439363|720575940613792296|720575940613863731|720575940613915823|720575940615413435|720575940616471052|720575940616821597|720575940618355870|720575940618398533|720575940618745424|720575940618844757|720575940618995541|720575940619322221|720575940620129694|720575940620718318|720575940620769133|720575940622770410|720575940623478115|720575940625352852|720575940626879505|720575940627253604|720575940628910956|720575940629418199|720575940632402588|720575940632440220|720575940633992147|720575940637635305|720575940637804915|720575940640864675
990,0.990000,33,0,0,2,720575940604737708|720575940609341809|720575940611981029|720575940613636325|720575940620380449|720575940620881524|720575940621024545|720575940621504794|720575940621804159|720575940622516852|720575940623758377|720575940625436170|720575940625773752|720575940626433881|720575940626768442|720575940628346634|720575940628697538|720575940628706325|720575940629461442|720575940630098284|720575940630247418|720575940630372982|720575940632825913|720575940633242449|720575940635146848|720575940635932590|720575940636963806|720575940637066352|720575940642876320|720575940644494752|720575940644791918|720575940645864739|720575940650420726
991,0.991000,41,0,0,2,720575940614137907|720575940615084339|720575940615160239|720575940615166111|720575940617034565|720575940618332757|720575940618678045|720575940620402345|720575940620916939|720575940621814911|720575940622550089|720575940622610726|720575940623862015|720575940624193279|720575940624206472|720575940624394790|720575940625253193|720575940625926693|720575940626694288|720575940627044885|720575940627293370|720575940627432680|720575940628050950|720575940628642576|720575940628695043|720575940629171447|720575940629377132|720575940629393207|720575940629489260|720575940629502251|720575940631745367|720575940631844300|720575940632875746|720575940635529464|720575940638204132|720575940639209956|720575940639505792|720575940640039040|720575940640436814|720575940641560205|720575940644751652
992,0.992000,51,0,0,2,720575940605777841|720575940605807206|720575940608140380|720575940608185986|720575940609713710|720575940612185586|720575940612549799|720575940613635737|720575940613891442|720575940614456332|720575940615833055|720575940616534338|720575940616651193|720575940616819345|720575940617841437|720575940618263365|720575940618746491|720575940619134789|720575940619863125|720575940620912987|720575940622999688|720575940623059443|720575940623122125|720575940623904551|720575940624681520|720575940625419495|720575940625622968|720575940625691372|720575940626848275|720575940626859080|720575940627281594|720575940627351543|720575940627706398|720575940628375306|720575940628377856|720575940628644239|720575940629483735|720575940629560770|720575940629817104|720575940630918597|720575940631584876|720575940631719417|720575940631865228|720575940634788600|720575940636360811|720575940639092201|720575940640486488|720575940640866723|720575940642506459|720575940644658542|720575940645990935
993,0.993000,23,0,0,2,720575940605607392|720575940614789791|720575940616762585|720575940617649954|720575940619754699|720575940620001958|720575940620032123|720575940620689517|720575940621170526|720575940621978117|720575940622303446|720575940623067389|720575940623120222|720575940623302988|720575940623358099|720575940626654041|720575940630822175|720575940631189817|720575940633442468|720575940635540671|720575940636923108|720575940640178640|720575940648669060
994,0.994000,29,0,0,2,720575940605154988|720575940606573490|720575940606756030|720575940608188427|720575940612358642|720575940613193642|720575940614215405|720575940615764061|720575940616813858|720575940620346417|720575940622156148|720575940622203350|720575940622416628|720575940624280328|720575940625563623|720575940625779075|720575940626199429|720575940627820806|720575940628352850|720575940630810695|720575940631142956|720575940631520312|720575940632226897|720575940632777320|720575940636635760|720575940638027497|720575940639124029|720575940639410291|720575940646350702
995,0.995000,29,0,0,1,720575940604735660|720575940607982428|720575940608345778|720575940611563310|720575940613441320|720575940613771798|720575940615953202|720575940617054237|720575940619896711|720575940619948880|720575940621339156|720575940621515391|720575940622552675|720575940623650823|720575940624130253|720575940624876889|720575940624885250|720575940626044942|720575940626768442|720575940627798910|720575940628522540|720575940629229020|720575940632795532|720575940633556644|720575940635970190|720575940639432782|720575940640325429|720575940640788725|720575940655842465
996,0.996000,35,0,0,0,720575940606421122|720575940606664894|720575940614368483|720575940616486230|720575940620014203|720575940620096238|720575940621057702|720575940621116807|720575940621393172|720575940623374058|720575940623387786|720575940623618708|720575940624112152|720575940624402173|720575940625186250|720575940625935544|720575940626039996|720575940626555440|720575940627605779|720575940628120337|720575940628342171|720575940628455942|720575940629095323|720575940630161980|720575940631575327|720575940633901395|720575940636347128|720575940637210334|720575940637586751|720575940642262157|720575940643551392|720575940646074391|720575940646735156|720575940647291427|720575940651305718
997,0.997000,39,0,0,2,720575940604470240|720575940604731838|720575940609343089|720575940611207922|720575940612734066|720575940613753007|720575940616792577|720575940616861697|720575940617013554|720575940617306717|720575940619245016|720575940619766219|720575940620759841|720575940621335167|720575940621457690|720575940621640363|720575940621716835|720575940622183194|720575940622998627|720575940623067686|720575940623444044|720575940623758377|720575940623862015|720575940624452548|720575940625203277|720575940625587642|720575940625970471|720575940626705937|720575940627321674|720575940628320058|720575940628454202|720575940628644239|720575940631011328|720575940631714119|720575940632042148|720575940632082895|720575940632669800|720575940635990640|720575940642624987
998,0.998000,36,0,0,4,720575940604009952|720575940609957315|720575940612943539|720575940617244347|720575940618704043|720575940618942977|720575940619913221|720575940619922512|720575940620011435|720575940620868432|720575940622057057|720575940622303446|720575940623302988|720575940623673821|720575940624231143|720575940626650890|720575940627096957|720575940627946512|720575940629041879|720575940629461442|720575940629910636|720575940629911503|720575940630204827|720575940630644727|720575940631313721|720575940631844300|720575940632875746|720575940633984851|720575940634257890|720575940634407520|720575940634748385|720575940636360811|720575940636574388|720575940645990935|720575940648330105|720575940648606340
999,0.999000,28,0,0,1,720575940605420902|720575940606679142|720575940609713710|720575940611181518|720575940614979634|720575940615526978|720575940619487425|720575940619636615|720575940619709899|720575940620124143|720575940620197441|720575940620481240|720575940620746478|720575940620904614|720575940621777390|720575940622764058|720575940623260201|720575940625880472|720575940627826760|720575940629701737|720575940630539535|720575940631260716|720575940631365260|720575940632212039|720575940639542691|720575940644745120|720575940645834275|720575940646753412
1000,1.000000,28,0,0,1,720575940605583136|720575940606222014|720575940612358642|720575940614441834|720575940619559815|720575940620943969|720575940621201833|720575940621367572|720575940621638534|720575940621684358|720575940621833054|720575940623807672|720575940624163303|720575940624449318|720575940624742158|720575940625489160|720575940625666964|720575940628357714|720575940628695043|720575940628861660|720575940628896168|720575940629225463|720575940630020345|720575940631449411|720575940631715896|720575940632427112|720575940633062335|720575940639152361
